Date,Close,High,Low,Open,Volume
2005-01-03,80.9735107421875,81.95623101277026,80.7042711159947,81.82160863201449,55748000
2005-01-04,79.98407745361328,81.13507212760582,79.72157016666691,81.08122316225273,69167600
2005-01-05,79.43213653564453,80.26677493777883,79.42540413130315,79.9234942108472,65667300
2005-01-06,79.83599090576172,80.19946369860632,79.60040811465495,79.72156571226982,47814700
2005-01-07,79.72158813476562,80.25333523300564,79.51292463082262,80.0783286238241,55847700
2005-01-10,80.09848022460938,80.40810398570997,79.6542340878225,79.6542340878225,56563300
2005-01-11,79.54659271240234,79.92352533719813,79.41870265670869,79.85621667353058,63099700
2005-01-12,79.80909729003906,79.99083118908547,79.1023435080684,79.69467205229424,72720500
2005-01-13,79.16963195800781,79.91676967049396,79.08885850911307,79.85618829999291,55537500
2005-01-14,79.58692932128906,79.78212792399688,79.2638458746352,79.4051955244611,42032500
2005-01-18,80.41485595703125,80.51582147953596,79.39174619411918,79.45905996600219,57391700
2005-01-19,79.573486328125,80.4485088869129,79.56675392377404,80.38793265371399,54378900
2005-01-20,79.0888442993164,79.56000982824852,78.94749464063678,79.35135154190989,72049300
2005-01-21,78.60424041748047,79.42541930311315,78.5167396856078,79.28406959686306,63160400
2005-01-24,78.44941711425781,78.9811589520832,78.32825951106875,78.81288478850506,58441900
2005-01-25,78.67155456542969,79.06868436006388,78.56386174447003,78.69175178372326,68245000
2005-01-26,78.9071273803711,79.15616986954632,78.77923736572207,78.96770361763419,57195100
2005-01-27,79.041748046875,79.2571387918945,78.73885657695772,78.88020627194048,55878800
2005-01-28,79.041748046875,79.12252150200248,78.489808941805,79.08213220677852,60738900
2005-01-31,79.5331039428711,79.59368017741828,79.23020736417519,79.39174912495434,52532700
2005-02-01,80.03792572021484,80.15235091910122,79.49271393758454,79.59367946291015,49841200
2005-02-02,80.28023529052734,80.4956260133951,80.0311928163077,80.13888561008162,52468900
2005-02-03,80.07154846191406,80.20617082534794,79.8090412723656,80.13885707597196,48837100
2005-02-04,80.92640686035156,81.06102412686053,80.08503610637158,80.09849577889466,50024600
2005-02-07,80.81869506835938,81.12158643368055,80.74465404389089,80.93985264155158,45412000
2005-02-08,80.9129409790039,81.20910512377779,80.81870786663394,80.88601649899543,39263500
2005-02-09,80.30715942382812,81.10141367382406,80.26677526825338,81.05429711388022,55279400
2005-02-10,80.59659576416016,80.78506201463665,80.27351223057764,80.54275193210985,45858600
2005-02-11,81.28986358642578,81.47160252064941,80.40810879801285,80.56965052318586,53133000
2005-02-14,81.22928619384766,81.35044376980994,81.09466894736457,81.23601859676745,32432100
2005-02-15,81.53221893310547,81.73415004060269,81.22932740718103,81.3101008772442,43852700
2005-02-16,81.58602905273438,81.75430318372392,81.22255631355868,81.39756284767711,55523000
2005-02-17,80.92640686035156,81.66681209679004,80.91967445643024,81.59950346353554,58124000
2005-02-18,81.03409576416016,81.09467712591044,80.70427988229092,80.93313025145589,47723300
2005-02-22,79.82923889160156,81.08793111677407,79.8157792219817,80.70426634112746,80697600
2005-02-23,80.40139770507812,80.48217115673275,79.84273135425768,80.0513896852152,68292600
2005-02-24,80.93312072753906,80.98696967935382,80.08502284539068,80.26002423581062,68563600
2005-02-25,81.73413848876953,81.89568027074309,80.89276755198128,80.95334379447613,60899900
2005-02-28,81.19567108154297,81.6466498734138,80.79854640541417,81.54568431895552,69381300
2005-03-01,81.5995101928711,81.79470370481044,81.29661361526735,81.32353809785346,47294400
2005-03-02,81.5591049194336,82.0706597176881,81.20909698503985,81.28313801381296,64226500
2005-03-03,81.59278869628906,82.05049469080231,81.24277551119741,81.88895290900959,61230800
2005-03-04,82.60916900634766,82.67647765641769,81.97645639798348,82.15146299642224,56168500
2005-03-07,82.64954376220703,82.95916762554467,82.38703646208772,82.56204304060734,43442400
2005-03-08,82.3399429321289,82.7909166112741,82.19186079621338,82.56879340740079,44362000
2005-03-09,81.42452239990234,82.31300998884588,81.41778999387336,82.0976192138087,73263600
2005-03-10,81.6062240600586,81.78123060046747,81.04082542456409,81.57929958189422,65149000
2005-03-11,81.03409576416016,81.92931543598168,80.87928642862369,81.65334337694465,57976500
2005-03-14,81.53897094726562,81.55243576317474,80.96010711091597,81.18223035551301,36336400
2005-03-15,80.86585998535156,81.75434767508563,80.82547581523875,81.72742318323651,62438500
2005-03-16,80.17929077148438,80.87931204319366,80.0312086573296,80.56968300342226,74874200
2005-03-17,80.3407974243164,80.59657224169692,80.08502260693591,80.30714054570272,62584200
2005-03-18,80.10230255126953,80.77128439534162,79.83876409283226,80.48747454094648,60232000
2005-03-21,79.80496215820312,80.26446596280319,79.57521283364886,80.2171643280131,61244300
2005-03-22,78.99405670166016,80.3658089393244,78.99405670166016,79.98739595113848,92472400
2005-03-23,79.0616455078125,79.54817953581612,78.89271036783855,79.02785641762118,70817300
2005-03-24,79.15625,79.73062845371112,79.10218951705295,79.37248677629682,51932500
2005-03-28,79.27112579345703,79.69684565838992,79.27112579345703,79.34545766969956,46765500
2005-03-29,78.74407196044922,79.66983868140481,78.55486536766834,79.156274247076,71160300
2005-03-30,79.85902404785156,79.87253659139017,78.90622733039362,78.91298617990873,62002100
2005-03-31,79.7103500366211,80.04822029202666,79.64953586528375,79.86577262252368,64575400
2005-04-01,79.35218811035156,80.40634138804481,79.00080540295035,80.16307445388642,95255300
2005-04-04,79.48737335205078,79.64279597495043,78.88596456670774,79.30492563911763,71581200
2005-04-05,79.86576843261719,79.99415561720203,79.51438049835494,79.58871236308384,46853900
2005-04-06,80.14281463623047,80.37932275760765,79.85900489057786,80.04145253978585,53268200
2005-04-07,80.5752944946289,80.58881219148876,79.95361448183672,80.01443380672444,46734600
2005-04-08,79.73737335205078,80.55501868047651,79.73737335205078,80.5279884437322,63772900
2005-04-11,79.79820251464844,80.02119814307879,79.62251367602889,79.93335372376903,44945000
2005-04-12,80.21038818359375,80.45365515448694,79.108933122126,79.66304007682928,86144800
2005-04-13,79.26435852050781,80.27796921690566,79.14947872340987,80.11578779352877,65949000
2005-04-14,78.23050689697266,79.39954070081431,78.23050689697266,79.33196765472071,96119800
2005-04-15,77.13578796386719,78.52105305464744,77.10199887279072,78.2102130076115,128677300
2005-04-18,77.37224578857422,77.68308563334573,77.00734549545425,77.11546639215118,100035200
2005-04-19,77.9872055053711,78.06829105746189,77.59527481863113,77.77772246632574,64930100
2005-04-20,76.89927673339844,78.13587802303088,76.73034159572006,77.9669428853525,107735900
2005-04-21,78.39265441894531,78.52780045256043,77.29119413856827,77.5682502096172,86952200
2005-04-22,78.0953140258789,78.7237527735526,77.2168494863815,78.21018865097767,88845800
2005-04-25,78.60885620117188,78.72373079419812,78.19665427985332,78.29125749240298,52284100
2005-04-26,77.84532928466797,78.9062420143387,77.81154534178866,78.35889367806368,72626000
2005-04-27,78.1493911743164,78.43320095178588,77.33174577418333,77.6155555516528,84131900
2005-04-28,77.16956329345703,78.16966150518621,77.16956329345703,77.89260542463275,72481500
2005-04-29,78.21695709228516,78.2980478022667,77.01413991609004,77.75745338003742,103993800
2005-05-02,78.65618896484375,78.66294781284275,78.0615340727036,78.43319338029119,56026400
2005-05-03,78.79134368896484,78.96027881915366,78.1764224959329,78.43320203784312,86000300
2005-05-04,79.39947509765625,79.56841015105552,78.57507121218963,78.82509694719647,81055700
2005-05-05,79.37248229980469,79.73738280588036,78.88594829170378,79.51438719291893,96906700
2005-05-06,79.1224365234375,79.7306038804238,79.10216513745293,79.69006110845466,67415400
2005-05-09,79.61573791503906,79.79143187182987,79.09542004805023,79.2035358368897,43750500
2005-05-10,78.79134368896484,79.39951118874278,78.64943879826517,79.30490792827632,74613500
2005-05-11,79.22380828857422,79.33192923435547,78.284529482934,79.0143304004861,91647400
2005-05-12,78.35210418701172,79.46031812773073,78.35210418701172,79.27787047215102,95086800
2005-05-13,78.19669342041016,78.80486091656175,77.57501338234009,78.58862415742908,85267000
2005-05-16,78.92649841308594,78.9535234982916,78.15615459744292,78.18317968264859,49207000
2005-05-17,79.45361328125,79.53469888669466,78.49406247653428,78.66299769520228,61071800
2005-05-18,80.27120971679688,80.46717506850112,79.74413298382919,79.79818830235854,77944900
2005-05-19,80.60904693603516,80.69013761385764,80.21035754776854,80.4265941998067,61768100
2005-05-20,80.49422454833984,80.6766722474095,80.23743981310399,80.64288315419685,46345500
2005-05-23,80.94017791748047,81.11587185119134,80.54149358749045,80.55500612601142,51047900
2005-05-24,80.75099182128906,80.97398742932678,80.54826760389278,80.71044904000621,50654100
2005-05-25,80.6902084350586,81.00104857296752,80.29827754815445,80.6496604828145,47608800
2005-05-26,81.12264251708984,81.23075830747831,80.8320739194033,80.94694855778182,43256200
2005-05-27,81.25779724121094,81.25779724121094,80.95371607048806,81.12940489311012,24596100
2005-05-31,80.73746490478516,81.20372227299812,80.68340443570565,81.14290811190125,43377200
2005-06-01,81.4267578125,81.71056768125023,80.71722798513179,80.76452962992349,69611000
2005-06-02,81.6024169921875,81.65647230922423,81.15642582707422,81.24427538380343,39704500
2005-06-03,81.19021606445312,81.6902625537055,80.9064063128902,81.46051327543755,60999400
2005-06-06,81.11589050292969,81.22400630242667,80.78477910038839,81.0550711768763,36046400
2005-06-07,81.17667388916016,81.93350482059236,81.09558835915992,81.35236779664224,66501300
2005-06-08,81.02803802490234,81.48753657137156,80.86585660857045,81.37942078264068,46881200
2005-06-09,81.4132080078125,81.48078101866281,80.71043735289061,80.91315638544157,56653300
2005-06-10,81.2239990234375,81.52808531547164,80.81855578954905,81.46726599486864,36465300
2005-06-13,81.4808120727539,81.81868241126543,80.96048886437053,81.04833845189856,49383200
2005-06-14,81.67001342773438,81.89976276863028,81.34565565503743,81.392957293192,33857100
2005-06-15,81.82540130615234,81.92676339569546,81.24426931411789,81.87270808269716,53195600
2005-06-16,82.0348892211914,82.19706548083057,81.71053154642273,81.80513479416977,46564500
2005-06-17,82.3388671875,82.70524048546571,82.24388209280143,82.46099162015524,51529400
2005-06-20,82.36602020263672,82.66454261713181,82.05392552875986,82.14891063923108,41019400
2005-06-21,82.41346740722656,82.53559179295817,82.11493998070544,82.43382060879892,39879800
2005-06-22,82.4813232421875,82.73235817036007,82.14208937096417,82.55595510796049,46310100
2005-06-23,81.32117462158203,82.50170748826183,81.30082140985824,82.31173727710647,62185600
2005-06-24,80.72412109375,81.42294227243951,80.62913081605355,81.33473812378563,58572500
2005-06-27,80.8394546508789,81.01585776151059,80.56806644443773,80.71733021679536,48183800
2005-06-28,81.51791381835938,81.57897344068951,80.98870971963572,81.0090629270791,41174200
2005-06-29,81.30081176757812,81.68753827336435,81.2533192204219,81.66718506405446,42316500
2005-06-30,80.85980224609375,81.63325521615249,80.7037523559279,81.56540946332788,62288800
2005-07-01,81.09722137451172,81.2804105025921,80.88011197640277,81.0429427309104,49737500
2005-07-05,81.74859619140625,81.85715354052094,80.86659102319628,80.90729744096464,51549000
2005-07-06,81.06333923339844,81.85714535833077,81.0158466919828,81.68074227180176,52363600
2005-07-07,81.3822021484375,81.3822021484375,80.23559520454326,80.25594840823695,103268800
2005-07-08,82.31172180175781,82.31172180175781,81.22617424474846,81.39579121229052,64491200
2005-07-11,82.73233795166016,82.8408900722479,82.30490006554821,82.3184723158072,49688300
2005-07-12,82.94947814941406,83.20050793309046,82.5288262323392,82.76628893701907,51871100
2005-07-13,83.0648193359375,83.12587895800029,82.76629182461122,82.95626199498288,41182300
2005-07-14,83.3905029296875,83.75009013529193,83.1055424406029,83.43799548181828,63638800
2005-07-15,83.34297180175781,83.47866845082274,83.01731019659776,83.30905152171499,56075900
2005-07-18,83.01055145263672,83.20052164769491,82.80701417634562,83.11232267893206,56598400
2005-07-19,83.46512603759766,83.52619084558279,83.05126534480843,83.25480262672612,59165700
2005-07-20,83.75004577636719,83.9468020099239,82.97659309344613,83.17334415070563,69477000
2005-07-21,83.26158142089844,83.86541743710329,83.0919644460926,83.82471101956565,101110900
2005-07-22,83.81791687011719,83.83148394923165,83.20050865628416,83.37012561485822,52607100
2005-07-25,83.58045196533203,84.09608377890173,83.34977021606252,83.7297157131596,57301600
2005-07-26,83.68222045898438,83.81113100431912,83.41761841688584,83.60759375917345,42758800
2005-07-27,83.98753356933594,84.0553793172963,83.48546882287074,83.79077727684175,43181600
2005-07-28,84.5167236328125,84.56421616613781,83.88574844646321,84.10285790970717,47880700
2005-07-29,83.95357513427734,84.55741085367482,83.79074436786482,84.40815233730311,62358100
2005-08-01,83.89253234863281,84.15713433818621,83.75683570251712,84.01465674198806,40418200
2005-08-02,84.39460754394531,84.53708515794659,83.95360244748511,84.0418065725562,45147400
2005-08-03,84.61851501464844,84.63208209470774,84.21143532098056,84.29963428211387,36837200
2005-08-04,83.94004821777344,84.34034178843467,83.83827699896659,84.28606829119701,50855600
2005-08-05,83.37012481689453,84.11644356851619,83.22764719421187,83.75685127168997,53595500
2005-08-08,83.21406555175781,83.7297024600086,83.0308763715842,83.55329940628899,47616000
2005-08-09,83.71611785888672,83.85180931016542,83.36331697978383,83.49222230560949,47170000
2005-08-10,83.67543029785156,84.46923633677717,83.32941029000006,84.00787805174123,72863700
2005-08-11,84.00786590576172,84.15034349397196,83.45830875462256,83.63470662023668,58570200
2005-08-12,83.49225616455078,83.91969424438378,83.28193277688639,83.83827623482055,54776900
2005-08-15,84.00786590576172,84.04179135946308,83.33618436811415,83.6007863428328,36208500
2005-08-16,82.91554260253906,83.80433369322326,82.83412460956644,83.75006020753962,71942100
2005-08-17,82.90874481201172,83.36332207178575,82.79340655375002,82.90196386244153,62275100
2005-08-18,82.90200805664062,83.15303790829076,82.66454011136057,82.80702294904866,53388600
2005-08-19,83.09196472167969,83.32942745193559,82.9087754895542,83.20051689423983,39842100
2005-08-22,83.09196472167969,83.60760177616342,82.69166596813463,83.16659660494572,69912000
2005-08-23,82.93590545654297,83.18694041519363,82.19637801211336,83.11230854035962,55168600
2005-08-24,82.1963882446289,83.26836878360442,82.1556766501885,82.73237851411666,79104600
2005-08-25,82.49488830566406,82.54916696604633,82.23707243329524,82.33205750081522,35631100
2005-08-26,81.9317626953125,82.4270412284302,81.87748403581257,82.42026027821612,61956800
2005-08-29,82.562744140625,82.62380375497116,81.67394784685513,81.69430622793546,56179200
2005-08-30,82.12853240966797,82.29814936617178,81.6807411598745,82.26422390435152,74160200
2005-08-31,83.16657257080078,83.22085122954462,81.91818930118156,82.22350287439228,102945200
2005-09-01,83.10549926757812,83.55329039187083,82.18956899442162,83.12585246844647,74578700
2005-09-02,82.95625305175781,83.37011881100678,82.80020836133183,83.34976560584673,47653400
2005-09-06,83.92646789550781,83.99431881905771,83.21407978492222,83.22086591253695,57251300
2005-09-07,84.0689468383789,84.21820540496678,83.76363322530267,83.87897150796995,41749700
2005-09-08,83.79080200195312,84.13003601815537,83.66189141938018,83.89935937176197,39068700
2005-09-09,84.53711700439453,84.63210211617775,83.9943456765333,84.0146988895868,43093900
2005-09-12,84.36748504638672,84.5845945743257,84.31320637032711,84.4353308033115,33017600
2005-09-13,83.89934539794922,84.4149772897596,83.80435512703737,84.21822097197692,58427500
2005-09-14,83.59405517578125,84.07576691251676,83.46514457852074,83.95364244571755,57694600
2005-09-15,83.55328369140625,83.8925174821336,83.38366679604258,83.85180590736445,73156900
2005-09-16,84.1474609375,84.31098491212859,83.71820855472494,84.01119182503176,75424100
2005-09-19,83.86812591552734,84.18155431871534,83.56151772770046,84.12704457917526,53355300
2005-09-20,83.15945434570312,84.22236743467921,83.03681012787274,83.94300913915916,84480300
2005-09-21,82.38275146484375,83.03685256142136,82.29417186327589,82.9823428371232,94469100
2005-09-22,82.67573547363281,82.8937743864828,82.06251922541054,82.41000704651415,84597200
2005-09-23,82.74386596679688,83.05047405657177,82.37593314006706,82.60759166152664,59368100
2005-09-26,82.83924865722656,83.28894083228361,82.49857071920376,83.13904170782034,70415400
2005-09-27,82.81877899169922,83.11857193434503,82.45765614082684,82.79833395618006,66150800
2005-09-28,82.90058135986328,83.20719467178988,82.58034321551786,83.07773537130974,58620500
2005-09-29,83.57510375976562,83.71137283853577,82.49856036315227,82.81879841642744,66607700
2005-09-30,83.83403015136719,83.83403015136719,82.94826540634936,83.54786192236129,47824200
2005-10-03,83.53425598144531,84.03845803484822,83.43205152780479,83.77954459084877,50994800
2005-10-04,82.59397888183594,83.8272316340652,82.55309918345654,83.6637076422136,60776300
2005-10-05,81.51060485839844,82.65528298412882,81.46972516765797,82.61440329338834,106052100
2005-10-06,81.21762084960938,81.93986163535396,80.51582510737612,81.61280851750112,140941800
2005-10-07,81.4969711303711,81.79676935862622,81.16991804515347,81.55829065978742,75661400
2005-10-10,80.80882263183594,81.56512822709023,80.60441894559636,81.54468837829967,52677000
2005-10-11,80.6929702758789,81.34707124175416,80.6180207195287,81.07452787305637,75629800
2005-10-12,80.05929565429688,81.16990358644225,79.99797613580334,80.66570181827993,100510400
2005-10-13,80.01162719726562,80.4545095921487,79.63687935582612,80.03206704346537,99052900
2005-10-14,80.85647583007812,80.95186520767986,80.10017062314209,80.48173333188024,88651000
2005-10-17,81.15631103515625,81.26532528860987,80.70661359403447,80.94509234523555,68109300
2005-10-18,80.27735900878906,81.05410438741453,80.26373417685416,81.04047955547962,74996900
2005-10-19,81.61280822753906,81.62643825649819,79.80040425094549,80.05931761950659,116563800
2005-10-20,80.17514038085938,81.63324146142264,79.9230420471945,81.41520780073091,131966700
2005-10-21,80.48857879638672,80.93146121617752,80.0661414222787,80.59759824669428,96579500
2005-10-24,81.73544311523438,81.82401749997074,80.67934471876609,80.69978456152585,71308400
2005-10-25,81.57194519042969,81.92624804070468,81.0404883158502,81.57194519042969,76594500
2005-10-26,81.3334732055664,82.13065853299324,81.21082890916736,81.42886263628411,80855800
2005-10-27,80.46814727783203,81.33347235962918,80.35231799864157,81.21763788210467,66623100
2005-10-28,81.62643432617188,81.72863354677973,80.46812624206687,80.69297492406953,72322000
2005-10-31,81.85125732421875,82.64844743376915,81.85125732421875,81.96027673002547,77698900
2005-11-01,82.09659576416016,82.37595426284713,81.91263190278998,82.15792051683991,66365100
2005-11-02,82.95509338378906,82.95509338378906,81.85129478728223,81.87854965120836,74012300
2005-11-03,83.30938720703125,83.57512080198472,82.95508441098197,83.22762782243007,84897600
2005-11-04,83.20037078857422,83.43884431798834,82.81881314151164,83.39796462675537,59156000
2005-11-07,83.28214263916016,83.54787105203633,83.02322404319521,83.37753205925245,46765400
2005-11-08,83.28214263916016,83.41159673880911,82.98234434839381,83.0777337684861,42152800
2005-11-09,83.39112854003906,83.77268609068604,83.03001082984363,83.17990992426401,57666800
2005-11-10,84.03844451904297,84.16108880401995,82.95509100035753,83.35708853546713,79048100
2005-11-11,84.32457733154297,84.37908183321986,83.41837306265153,84.04521901775027,34867000
2005-11-14,84.27689361572266,84.50173706044886,84.06566980027495,84.34502815043763,45092200
2005-11-15,83.9703140258789,84.54946560029198,83.71140061098458,84.18153792588095,69592500
2005-11-16,84.14061737060547,84.18150224913904,83.79312969222578,84.05885801020162,51133000
2005-11-17,84.9241943359375,84.93100935009964,83.90216054158812,84.27009333135382,55717500
2005-11-18,85.25806427001953,85.36026869753249,84.7129826538389,85.21036956362457,72437200
2005-11-21,85.68729400634766,85.78949840067855,85.15583739382467,85.27166661484503,50021200
2005-11-22,86.05526733398438,86.20516129165964,85.45567070994781,85.55106013680202,66438800
2005-11-23,86.55265808105469,86.8115767066334,85.99394632875436,86.02120119451708,50854700
2005-11-25,86.62077331542969,86.68209804929369,86.40273963631994,86.51857408954461,15270000
2005-11-28,86.00756072998047,86.71616631769415,85.87810144071875,86.702541486456,54498500
2005-11-29,85.91215515136719,86.51856662988706,85.91215515136719,86.29371795566051,51738900
2005-11-30,85.44886779785156,86.20516825807552,85.3671031975116,85.9598848537242,56007200
2005-12-01,86.32098388671875,86.55264240624696,85.83722180329237,85.86447146578601,65468200
2005-12-02,86.43000793457031,86.58672210251572,86.19153437320448,86.37549820673418,46699400
2005-12-05,86.24604034423828,86.34824477989562,85.97349691526318,86.32779973409733,59273400
2005-12-06,86.40953826904297,87.03638432785253,86.28007900968788,86.56625238291134,57935200
2005-12-07,85.90532684326172,86.44359846341756,85.63278352695946,86.37545873559345,66816500
2005-12-08,85.8508529663086,86.40956465863218,85.49655014609536,86.00075211274503,62608600
2005-12-09,86.07567596435547,86.38228398256514,85.72818306494105,85.95984673066133,50744500
2005-12-12,86.15743255615234,86.43679090900721,85.82356969399932,86.33458650678392,48389900
2005-12-13,86.743408203125,87.00913655835235,86.04842755060707,86.13700193623873,88630900
2005-12-14,87.08412170410156,87.2749005808644,86.62761436351414,86.66168424793658,64375000
2005-12-15,86.83201599121094,87.21357371273726,86.6548619640734,87.10455425039598,55900300
2005-12-16,86.55255126953125,87.23751922498757,86.55255126953125,87.18272053433726,46238300
2005-12-19,86.1072769165039,86.90184184598331,86.09357986380753,86.8059467994445,48733000
2005-12-20,86.18946838378906,86.71003996104088,85.94973078559578,86.21001657422168,46603200
2005-12-21,86.32645416259766,86.82648274262826,86.16891456231754,86.4565996613496,51806900
2005-12-22,86.77857208251953,86.77857208251953,86.36074130727539,86.5182809744654,32247900
2005-12-23,86.82649993896484,86.89499565812585,86.59360822275136,86.84019699244169,27977300
2005-12-27,85.9428939819336,87.02514414959509,85.881244174465,86.96349434212648,44499500
2005-12-28,86.13469696044922,86.2990877617768,85.96345501818192,86.1278458195095,30764300
2005-12-29,85.75110626220703,86.27852908091042,85.66205711847945,86.1141382995584,32788900
2005-12-30,85.28532409667969,85.6620531709963,85.18257790336116,85.48396534352524,44645600
2006-01-03,86.78543090820312,86.99092336872161,85.20315673023806,85.7511331410271,73256700
2006-01-04,87.19639587402344,87.32653619173772,86.78541104704188,86.89500839447408,51899600
2006-01-05,87.25118255615234,87.39502514408628,86.90869871081763,87.09364291379609,47307500
2006-01-06,87.97725677490234,88.07315183888016,87.23749037345425,87.68957158296888,62885900
2006-01-09,88.20330047607422,88.40193652565216,87.93616347048818,87.96355758182435,43527400
2006-01-10,88.29231262207031,88.34711128003993,87.85393381008873,87.94298293576126,44960800
2006-01-11,88.57316589355469,88.66221503337162,88.17588339900283,88.37452987216724,49598900
2006-01-12,88.22386932373047,88.55265099561707,87.9772804568703,88.41565950331272,40509200
2006-01-13,88.14163970947266,88.29233344147897,87.81285813590331,88.06630329524728,44856700
2006-01-17,87.90190887451172,87.96355346096405,87.54572273315723,87.81285972622861,52066600
2006-01-18,87.5525894165039,88.29235071470383,87.10051335793118,87.38819859755837,75067600
2006-01-19,87.88822937011719,88.20331920216002,87.54574542092226,87.76494016526173,81530400
2006-01-20,86.285400390625,87.88822264172381,86.285400390625,87.86767444248767,114957800
2006-01-23,86.5936279296875,86.86761609457402,86.39498664079203,86.44978531894725,67017400
2006-01-24,86.68266296386719,87.0936425312861,86.59361381990246,86.73745640720463,53008800
2006-01-25,86.75804901123047,87.1142300702898,86.196370236817,87.01833496877802,87747700
2006-01-26,87.23747253417969,87.44981081443945,86.82649302604646,87.162125681335,71294000
2006-01-27,88.04572296142578,88.12792617340361,87.29911085151804,87.44295863364783,65771200
2006-01-30,87.97725677490234,88.23069149003413,87.91561218772618,87.97725677490234,33709600
2006-01-31,87.33338928222656,88.04575115288334,87.3265381413868,87.89506786152283,72937000
2006-02-01,87.94300842285156,87.9704025338879,87.4840812875999,87.5525770169691,63561000
2006-02-02,86.92239379882812,87.77175220173012,86.85389808060654,87.74435809515215,83626900
2006-02-03,86.49090576171875,87.94303978123193,86.40186180437678,86.70324939213582,86040400
2006-02-06,86.71693420410156,86.8539309182286,86.42239780109131,86.60734205869024,45511900
2006-02-07,85.94976043701172,86.75802263682185,85.89496175969488,86.56622726621292,71208100
2006-02-08,86.7305908203125,87.74434506749728,86.03192101087619,86.20316289394954,59422200
2006-02-09,86.58676147460938,87.40186940878125,86.55936214203132,86.9360912067309,62023300
2006-02-10,86.7442855834961,87.07991820221831,85.92917256928331,86.60044303261515,64508700
2006-02-13,86.58676147460938,86.84704729526845,86.27167176290584,86.71690177199474,52308700
2006-02-14,87.50464630126953,87.69643647071892,86.44979514340768,86.6210371126861,90964400
2006-02-15,87.81287384033203,87.89507708725891,87.15530534970512,87.4566928676178,85471300
2006-02-16,88.47041320800781,88.50466367661454,87.79913746899766,87.90873478782898,61017900
2006-02-17,88.23070526123047,88.47044818448354,88.07316558548743,88.39510130447084,40342600
2006-02-21,88.01154327392578,88.63485621900817,87.8745413106456,88.43622009510369,46456300
2006-02-22,88.54578399658203,88.80606463445379,88.12109688424042,88.20330012147534,42326700
2006-02-23,88.41561889648438,88.7991990794812,87.8676427271563,88.5457644125246,43423200
2006-02-24,88.64167785644531,88.6896201633826,88.19644255380264,88.43618544382394,36777400
2006-02-27,88.67593383789062,89.07320595469781,88.55263420195338,88.63482699139226,35858600
2006-02-28,87.83344268798828,88.98419434947927,87.76495215985729,88.49786247637333,74394800
2006-03-01,88.61428833007812,88.69649158014207,88.01836963895984,88.08687060538311,48641600
2006-03-02,88.60740661621094,88.64850299874969,88.09368093092488,88.29231693045412,60642300
2006-03-03,88.19644927978516,89.09376586826977,88.12110240447055,88.13480468683113,73402500
2006-03-06,87.79235076904297,88.48416471369224,87.57316120943196,88.45677059139577,57478400
2006-03-07,87.65531921386719,87.71696379971256,87.26488782584637,87.57997234724134,61780800
2006-03-08,87.84025573730469,87.97724717778938,87.11418647024806,87.47036735104136,66692400
2006-03-09,87.25118255615234,88.14163741848937,87.25118255615234,87.8676545229326,56313600
2006-03-10,88.08000946044922,88.25125141543965,87.29230064820504,87.47723966020322,60490800
2006-03-13,88.244384765625,88.47042534731449,88.03889237756391,88.25123067957546,45479100
2006-03-14,89.16905212402344,89.20330258476558,88.09365872877825,88.16215965026251,69877300
2006-03-15,89.56639862060547,89.63489959114892,88.94308577649508,89.14856778456407,53398900
2006-03-16,89.75133514404297,90.05272266560867,89.62118958229598,89.73763286075913,65526400
2006-03-17,89.8262710571289,90.01882386056624,89.66123179323449,89.86753087310251,47286800
2006-03-20,89.681884765625,90.01884701162997,89.54434851256113,89.84005093198128,45538500
2006-03-21,89.11798095703125,90.08075580667331,89.02170452140149,89.6543797403034,87102700
2006-03-22,89.66122436523438,89.75061712799116,89.02166579060551,89.06292560316093,51605700
2006-03-23,89.47554779052734,89.66810058463035,89.16608869238611,89.578697325461,46704200
2006-03-24,89.54430389404297,89.79187322353543,89.2210880890573,89.39301094305657,43209200
2006-03-27,89.4136734008789,89.59246945653459,89.22112057375983,89.42054653993955,32523000
2006-03-28,88.863525390625,89.76439986988558,88.74661905677789,89.35178063826041,82079900
2006-03-29,89.4205551147461,89.74377106840628,88.91165945522212,88.99418959857442,61505700
2006-03-30,89.26237487792969,90.0738459573009,89.09045197196039,89.47555760239699,70571700
2006-03-31,89.28302001953125,89.56497615182667,88.96667720150704,89.41368312929465,62925600
2006-04-03,89.21424865722656,89.99821684011914,89.04920935136083,89.4480718294421,61624700
2006-04-04,89.78500366210938,89.9019099619464,88.95977593227512,89.21421843819454,54809300
2006-04-05,90.09447479248047,90.28015446684932,89.66123621007489,89.81940234354546,50607200
2006-04-06,89.99820709228516,90.23203023917499,89.53058178519015,89.98446081384753,57906200
2006-04-07,89.08354949951172,90.36265606913598,88.95289693301385,90.12884348486921,80180900
2006-04-10,89.22112274169922,89.45493539554765,88.89102317860954,89.22112274169922,41496500
2006-04-11,88.46466827392578,89.4411893215109,88.19646890517595,89.2967799270614,72799400
2006-04-12,88.6297378540039,88.80166083370622,88.44405809778856,88.55409132320106,43033700
2006-04-13,88.5127944946289,88.8841433585149,88.23771154606378,88.4302643633886,51051800
2006-04-17,88.4783935546875,88.92538884572079,88.03827140125753,88.59529985398329,64167700
2006-04-18,89.88131713867188,90.04636695007046,88.66409970129989,88.66409970129989,92531800
2006-04-19,90.05323791503906,90.1357680654167,89.56498261979787,89.91570165553495,87269000
2006-04-20,90.17700958251953,90.67902154977537,89.81253384683959,90.08760630999137,86005500
2006-04-21,90.19076538085938,90.63088766436657,89.82628960670543,90.56212478799094,72342600
2006-04-24,90.0257339477539,90.13576715157922,89.66125814175845,90.01197717393977,52546400
2006-04-25,89.65435028076172,90.17011897930412,89.34489116030448,90.11510239225868,84359800
2006-04-26,89.67498779296875,90.1838833962837,89.60622492333717,89.74376115594225,67262400
2006-04-27,90.10826110839844,90.52088041043541,89.1179831781855,89.33116597001153,124478600
2006-04-28,90.41083526611328,90.60338811676112,89.88819331340387,89.94319941929467,55854400
2006-05-01,89.67498779296875,90.63776240788823,89.61998169460026,90.41082290208597,64990300
2006-05-02,90.34894561767578,90.40396221696516,89.90882331670412,90.09449253429447,49063500
2006-05-03,90.011962890625,90.3076757673131,89.7093768747924,90.19075894846144,60821300
2006-05-04,90.33517456054688,90.51397060995826,90.06697523975895,90.14262174015256,42921400
2006-05-05,91.13290405273438,91.32545688299298,90.67215188794827,90.80968812479838,62588200
2006-05-08,91.02286529541016,91.30482138436992,91.02286529541016,91.12601484339953,30016700
2006-05-09,91.20169830322266,91.30485838636005,90.98851548875625,91.06416201905199,29864000
2006-05-10,91.15352630615234,91.29106253144859,90.6996473186675,91.05724989911083,64378200
2006-05-11,90.05323791503906,91.15354897775987,89.75753548177242,91.12603542985266,80626900
2006-05-12,88.87725830078125,89.89503884062732,88.8428716251544,89.64746946679016,91726500
2006-05-15,89.05608367919922,89.22113348060992,88.44403842731529,88.56781790836563,84029300
2006-05-16,88.9254150390625,89.39992400695738,88.71910542345478,89.2348742158026,62137600
2006-05-17,87.233642578125,88.7809532892142,87.17862601352296,88.48524056614534,144789500
2006-05-18,86.7935791015625,87.8526250745273,86.72481097275636,87.5775473126308,87906300
2006-05-19,87.4056396484375,87.67383907034122,86.51164332431608,87.24747344919831,124309400
2006-05-22,86.73857116699219,87.453771320719,86.30532719021788,86.84172599384488,110852800
2006-05-23,86.07838439941406,87.77010565780728,86.07838439941406,87.46064643550169,92006500
2006-05-24,86.76605224609375,87.2611910622894,85.79640976993628,86.42908481433258,168405000
2006-05-25,87.83885192871094,87.83885192871094,86.94485073424508,87.28181815513179,78977900
2006-05-26,88.28585052490234,88.28585052490234,87.68755694708928,88.03139749870135,62989700
2006-05-30,86.71791076660156,88.0245258718459,86.68352933418524,88.00389596306198,72419900
2006-05-31,87.68756103515625,87.68756103515625,86.78668143392022,87.07551590541287,86926200
2006-06-01,88.52657318115234,88.67099309368808,87.5225436613383,87.59819018821982,73721700
2006-06-02,88.71221923828125,89.00792159893832,88.24459397212364,88.8841421437818,91702600
2006-06-05,87.41937255859375,88.61595467169566,87.17867626139487,88.60908153216016,86105100
2006-06-06,87.2061767578125,87.59816078979524,86.48410367082897,87.48125446809377,130498600
2006-06-07,86.55288696289062,87.78385586606706,86.50474874865118,87.27496542315411,108599400
2006-06-08,86.47721099853516,86.99297965260196,85.18435279447557,86.3603046961475,204957200
2006-06-09,86.20214080810547,87.30932470123741,86.16088099113699,86.8967107915411,94972200
2006-06-12,85.26687622070312,86.6009995442715,85.14996991310618,86.56661286713344,95815900
2006-06-13,84.27662658691406,85.85143608716716,84.27662658691406,85.09497620678245,185688800
2006-06-14,84.92991638183594,85.01931440501534,84.13219157191227,84.47603738722334,163566400
2006-06-15,86.73165130615234,86.89669579220826,85.17746709300609,85.23935680777595,134057000
2006-06-16,86.09965515136719,86.72821787617063,85.96841452174233,86.54172274921135,94253500
2006-06-19,85.4227294921875,86.67295659530235,85.33984511774214,86.61769683243142,95804400
2006-06-20,85.71285247802734,86.21017990356843,85.45728524591357,85.65759797397108,65494700
2006-06-21,86.34832000732422,86.82492101374652,85.62305004514114,85.65067992911456,75008200
2006-06-22,85.9683837890625,86.38282135515219,85.67827801978567,86.30684051988547,74566100
2006-06-23,85.9545669555664,86.54859603459263,85.6713647172556,85.87858612430543,54107000
2006-06-26,86.33447265625,86.38282361906332,85.82333315367214,86.0236457910015,37899600
2006-06-27,85.58849334716797,86.54170037043103,85.49178614465193,86.34829650511911,69780200
2006-06-28,86.16870880126953,86.18252110518449,85.40890560929853,85.78190105332655,62368100
2006-06-29,87.90934753417969,87.96460728867848,86.45881323267811,86.4795343231501,110634800
2006-06-30,87.91627502441406,88.17875627919389,87.69524122925606,88.09586662981162,54227800
2006-07-03,88.27547454833984,88.42052223930594,87.93701236987782,88.01990203457792,23914000
2006-07-05,87.77120208740234,88.03367801250275,87.39129786830689,87.92316377504054,69653400
2006-07-06,88.02677917480469,88.3099762051165,87.77811553997165,87.86099990500904,50100300
2006-07-07,87.45347595214844,88.10966847143763,87.23244218324318,87.85410130512072,81626500
2006-07-10,87.6192855834961,88.01991109934502,87.31536732135454,87.68145415588921,60964100
2006-07-11,88.00605773925781,88.00605773925781,86.99068211263854,87.45347071515495,73640800
2006-07-12,87.06665802001953,87.99914395915582,86.83871549027107,87.82646118265427,82561300
2006-07-13,85.65068054199219,86.8111093278717,85.65068054199219,86.65223881135312,102405700
2006-07-14,85.3191146850586,85.83025956244458,84.8425137451457,85.74046113459691,103242500
2006-07-17,85.19478607177734,85.71974327408559,85.06355072359602,85.31911790206453,81159000
2006-07-18,85.62993621826172,85.68519597161416,84.53857980392173,85.45034465479638,122771000
2006-07-19,86.81802368164062,87.21174033405971,85.45728210068954,85.77501788423285,133565300
2006-07-20,86.22399139404297,87.23936727118732,86.1065683351538,87.11503542358064,112259800
2006-07-21,85.61615753173828,86.47266828814665,85.52636434415173,86.44503839892099,101560000
2006-07-24,87.17720031738281,87.25318118508913,85.95460818496056,85.95460818496056,92884000
2006-07-25,87.48802947998047,87.93009709287983,86.83874036797009,87.01833198254221,95480700
2006-07-26,87.6054458618164,88.03369586488516,87.15646949452648,87.4396665672144,84525800
2006-07-27,87.52250671386719,88.19942527598991,87.17023249940239,87.98529512570123,87257100
2006-07-28,88.39981842041016,88.51033271849572,87.62619725435908,87.75052913336974,82137000
2006-07-31,88.30998229980469,88.38596315290638,88.03368876760406,88.17874695615151,49593100
2006-08-01,87.87482452392578,87.98533877612226,87.44656928074487,87.95770889560792,65225600
2006-08-02,88.4688491821289,88.7313303984421,88.10276250659797,88.12348359844151,64770900
2006-08-03,88.70367431640625,88.7934727196843,87.82644825959468,87.9576835669206,63693800
2006-08-04,88.55177307128906,89.401369835224,88.05445083550086,89.15962014257956,96294200
2006-08-07,88.34453582763672,88.46886767454737,87.99917017175844,88.34453582763672,45377300
2006-08-08,88.00605773925781,88.73132754966028,87.68831677498939,88.4757498589267,90901300
2006-08-09,87.70903778076172,88.82802406481069,87.4534653754931,88.53790772658671,78910600
2006-08-10,87.97845458984375,88.0682477688499,87.22555467251121,87.43277618697095,69322300
2006-08-11,87.72978210449219,87.86101746531749,87.30152681005099,87.84029636991673,47482200
2006-08-14,87.79886627197266,88.52413633006233,87.6676256232096,88.15804427140021,57839000
2006-08-15,88.84876251220703,89.01453126389649,88.34452638975336,88.58628126906903,68143000
2006-08-16,89.58782958984375,89.7190701969592,89.13194449345995,89.32535891533398,71737600
2006-08-17,89.81578063964844,90.0506267273893,89.44279041439658,89.5049536953182,70992800
2006-08-18,90.27166748046875,90.27166748046875,89.51185890025567,89.9263018603214,58288400
2006-08-21,89.8848648071289,89.98847028320287,89.65692222004326,89.9193929393383,42133600
2006-08-22,89.87794494628906,90.15424376418633,89.57402151646318,89.78815705272939,60839900
2006-08-23,89.62925720214844,90.09895979653236,89.23554598452897,89.91936297821525,66592100
2006-08-24,89.55328369140625,89.8641211209324,89.38060091487849,89.78814027767137,57983000
2006-08-25,89.663818359375,89.96774178381018,89.48423203571876,89.54639531624723,41756000
2006-08-28,90.09207916259766,90.36147449001247,89.54640606845652,89.55330958721461,52681500
2006-08-29,90.19569396972656,90.36837679386686,89.66382792025198,90.13353068256961,61817800
2006-08-30,90.25094604492188,90.51341674822949,90.17496518718808,90.3959937025904,50052200
2006-08-31,90.23712158203125,90.47888171265701,90.19567939728887,90.382179768351,37510300
2006-09-01,90.77590942382812,90.88642896530955,90.37528399075065,90.58250549609743,48794500
2006-09-05,90.94860076904297,91.07293789978013,90.6239561728773,90.83808121721538,52348300
2006-09-06,90.1473388671875,90.59632053950027,90.02301229129132,90.561781866288,53795600
2006-09-07,89.73289489746094,90.18878003004887,89.34608710243673,89.83650036408459,86269400
2006-09-08,89.98846435546875,90.11280145829006,89.67763740799876,89.85032021656234,45096300
2006-09-11,90.0782699584961,90.27167387630367,89.43588437885279,89.69836564147296,68496600
2006-09-12,90.96240234375,91.06600781803184,90.05063201117896,90.18187263841776,69875600
2006-09-13,91.32849884033203,91.48736409779615,90.84498900909962,90.92787339738979,62898400
2006-09-14,91.33538818359375,91.34230224136071,91.00384014216765,91.1488983388853,57805400
2006-09-15,91.54978942871094,91.84810510710447,91.35552431110273,91.7926023000847,76703100
2006-09-18,91.67464447021484,91.84808673768431,91.33469381498739,91.43182106132724,64154100
2006-09-19,91.44569396972656,91.66770514020375,90.93231166362978,91.66076067482929,92089100
2006-09-20,91.93134307861328,92.11172982646896,91.61914908911729,91.75096691683436,75204100
2006-09-21,91.48731994628906,92.09784008922695,91.17512599540508,92.00071284703915,88932500
2006-09-22,91.20983123779297,91.35551683147378,90.88375888954735,91.34858295094327,65966800
2006-09-25,91.91053771972656,92.1672395140701,90.91845287669389,91.39021083632628,92299100
2006-09-26,92.67366790771484,92.68754625235752,91.85501495100097,91.9243960881391,73962700
2006-09-27,92.78466033935547,92.94422422886275,92.4585880959664,92.61121810717293,82432200
2006-09-28,92.74998474121094,92.95811757062762,92.4655368938773,92.78467531045962,58597500
2006-09-29,92.67366790771484,92.92342518090676,92.60428677057672,92.82629794055853,47966600
2006-10-02,92.3267593383789,92.8470859731177,92.23656600081434,92.64588707948478,51687400
2006-10-03,92.52106475830078,92.8748832539321,92.02848394807367,92.19499237394164,73108100
2006-10-04,93.60332489013672,93.65882768798468,92.3267922978625,92.43085342752975,80890500
2006-10-05,93.78369903564453,93.94327354581947,93.4853834129346,93.60332288605778,60505900
2006-10-06,93.66574096679688,93.72818821693865,93.24254148910278,93.624116524085,64983600
2006-10-09,93.72128295898438,93.86697915549921,93.40908892197073,93.55478511848555,41176800
2006-10-10,93.84613037109375,93.971003702828,93.54780421293817,93.72819091798664,56403700
2006-10-11,93.73512268066406,93.95712323853834,93.17317152839676,93.54780210121697,104071800
2006-10-12,94.54682922363281,94.62314422960993,93.93630917581582,93.97099973963702,59158600
2006-10-13,94.7896728515625,94.84517564832888,94.38034104866998,94.46360053685757,53944000
2006-10-16,94.93537139892578,95.08106758359989,94.64398961565507,94.71337076760989,42273000
2006-10-17,94.63706970214844,94.8382581347863,94.12367662571387,94.67869416503358,90500600
2006-10-18,94.76187133789062,95.30301011780973,94.4219314243423,95.07406515921764,86848600
2006-10-19,94.9145278930664,94.9630968006452,94.51214063369896,94.62314620581564,64063200
2006-10-20,94.93537139892578,95.01168643164507,94.58155293054224,94.93537139892578,48094500
2006-10-23,95.37239837646484,95.60134335221838,94.62312679747292,94.74106622387833,66219900
2006-10-24,95.65689849853516,95.69157848888068,95.19900829633566,95.24063275361242,53234900
2006-10-25,95.98296356201172,96.02458801612272,95.40018944622709,95.55976396842173,78105400
2006-10-26,96.2812728881836,96.43390293395795,95.7262555022837,96.19802398542525,66843700
2006-10-27,95.67766571044922,96.26042901028649,95.48341127717013,96.16330179364695,80238000
2006-10-30,95.60831451416016,95.87888402991669,95.32386665280492,95.50425338735994,49717800
2006-10-31,95.59444427490234,95.92051661462835,95.21981360057718,95.78870937152958,71274100
2006-11-01,94.94920349121094,95.95516618802733,94.85207627743706,95.89272953333105,83005600
2006-11-02,94.89373779296875,95.0533017237874,94.60235603779172,94.70641716961335,60693100
2006-11-03,94.72724151611328,95.31694956809159,94.08897512509746,95.23370065198277,71346400
2006-11-06,95.795654296875,95.93440602239771,95.01169169785842,95.01863616508531,63303300
2006-11-07,96.1633071899414,96.41999829416338,95.74010773953387,95.87885940165188,63318900
2006-11-08,96.37142944335938,96.4685566548339,94.94920124342565,95.74009727573886,87517800
2006-11-09,95.86503601074219,96.5310591911846,95.670781455213,96.44086579537486,95916300
2006-11-10,95.90663146972656,95.9760020188764,95.54586862149259,95.83725033450177,48991500
2006-11-13,96.14250183105469,96.46162961809306,95.78868347949283,95.86498790094087,59398200
2006-11-14,96.86402130126953,96.94728077714339,95.82336783447954,96.41307570009033,96704000
2006-11-15,97.14154052734375,97.43985612273244,96.80158989871647,96.8293465875422,76509600
2006-11-16,97.39131164550781,97.59943391092058,96.77385755727123,97.43293609859036,76728800
2006-11-17,97.41905975341797,97.42599363371531,96.94035736098178,97.0791090694661,56353800
2006-11-20,97.47456359863281,97.6410720022445,97.08605457628246,97.33581188866154,69174200
2006-11-21,97.57167053222656,97.59248275508368,97.3288471507938,97.46760941794092,51367900
2006-11-22,97.76593780517578,97.93244619591141,97.4745560609455,97.64799833151659,45505300
2006-11-24,97.37049865722656,97.71043874545909,97.26642693925777,97.29418363181337,30998000
2006-11-27,96.03150177001953,97.37048141773364,96.00375566845288,97.32191250739872,84545100
2006-11-28,96.44779205322266,96.54491931264876,95.81645957391426,95.9066529526947,106652900
2006-11-29,97.4537582397461,97.49538269706338,96.48941949627758,96.7599890549176,90034900
2006-11-30,97.49534606933594,97.85610887401462,96.96114103361009,97.43290940681663,83994300
2006-12-01,97.28031921386719,97.58557935922626,96.41310770367801,97.49538597462163,126080000
2006-12-04,98.02265930175781,98.20304609404377,97.28726554081177,97.30114389085209,87813200
2006-12-05,98.44580078125,98.48743580675043,98.00178911723673,98.20992190044645,73374400
2006-12-06,98.36256408691406,98.56376301716682,98.16830962147485,98.4250007537893,53253200
2006-12-07,97.93244934082031,98.72334569657947,97.89775876837686,98.53602507424597,62857400
2006-12-08,98.11285400390625,98.4458603067509,97.6688420714202,97.9116655630008,79625500
2006-12-11,98.39724731445312,98.57762342288756,98.05729673225022,98.11279951624704,39779400
2006-12-12,98.3208999633789,98.42496103284213,97.74507067818533,98.30008774948625,77451600
2006-12-13,98.42501068115234,98.75108297804393,98.20994397172927,98.67476795991875,55520200
2006-12-14,99.2922592163086,99.37551873116782,98.40423535572616,98.4181137058826,64755200
2006-12-15,99.30127716064453,99.68497820663974,99.23152010822653,99.51056960801066,70857400
2006-12-18,99.02922058105469,99.67802623709339,98.88969580240862,99.44082240383098,48954600
2006-12-19,99.21758270263672,99.45477588561882,98.49901999562398,98.75016884968092,65023600
2006-12-20,99.16179656982422,99.52456959713975,99.07110065173012,99.2594650027483,41469600
2006-12-21,98.79898071289062,99.36406287591974,98.58969890810666,99.25244946172036,48698400
2006-12-22,98.19207000732422,98.81993688966709,98.13625796188454,98.81296437588433,62069100
2006-12-26,98.77108001708984,98.79200819756748,98.21297036588798,98.23389854636564,32696900
2006-12-27,99.4198989868164,99.48269418851791,98.94551258765965,98.97341328670349,39727100
2006-12-28,99.21060943603516,99.55244353683693,99.05712899055185,99.35013421054963,37288800
2006-12-29,98.79898071289062,99.44080308602592,98.66642847315666,99.10594155331538,45461200
2007-01-03,98.62460327148438,99.66408269223292,98.06650408899398,99.23852514629529,94807600
2007-01-04,98.8338623046875,99.0989667781005,98.09437155785749,98.52690147127369,69620600
2007-01-05,98.04553985595703,98.64550590225319,97.93392643541063,98.5966770267123,76645300
2007-01-08,98.49905395507812,98.65253445464262,97.84327557422284,98.24093249902042,71655000
2007-01-09,98.415283203125,98.78502855829419,97.94785881936617,98.58270863486626,75680100
2007-01-10,98.74317169189453,98.7641105180671,97.87811181894652,98.07344860606746,72428000
2007-01-11,99.17569732666016,99.49660315211378,98.7152561213868,98.77106814430373,54476800
2007-01-12,99.92916870117188,99.92916870117188,99.14083831694059,99.16873901286084,55370600
2007-01-16,99.73382568359375,100.06868723907105,99.57336209560809,99.81056589891739,44871300
2007-01-17,99.77571105957031,100.08267201012112,99.57339104895273,99.65711444595932,50241400
2007-01-18,99.44082641601562,99.94312415545451,99.28037344635169,99.88033959928933,68177300
2007-01-19,99.6362075805664,99.83154447361807,99.38505862591965,99.44086004245246,56973000
2007-01-22,99.32923126220703,99.83152909411928,99.01528713346639,99.81060090487799,60253600
2007-01-23,99.62220001220703,99.81753680351072,99.10594669515771,99.24547145393797,54064400
2007-01-24,100.42451477050781,100.44544296028526,99.6989793530807,99.7408357326356,55834700
2007-01-25,99.2454605102539,100.40353610603806,99.07105191974627,100.36167974752512,73583800
2007-01-26,99.1548080444336,99.51757036811297,98.77110688952361,99.4617689683616,67255600
2007-01-29,99.09898376464844,99.62220964445645,98.88271877087037,99.19665216974361,66114600
2007-01-30,99.6152114868164,99.66405100453878,99.10594135443705,99.3082612920638,70407600
2007-01-31,100.28496551513672,100.5500700477867,99.3431546244495,99.50361823371571,91868600
2007-02-01,100.8849105834961,100.91979443235992,100.3965686345709,100.56399407702747,69312400
2007-02-02,101.02445220947266,101.12212061557265,100.72447447825759,100.96864017097866,49607000
2007-02-05,101.05233764648438,101.11512218179858,100.69653732292683,100.94768610923886,45705300
2007-02-06,101.08026123046875,101.17792963365311,100.6895876177313,101.13607326729661,57081300
2007-02-07,101.30348205566406,101.40812294333308,100.8569965265184,101.24068687800795,55669700
2007-02-08,101.17098236083984,101.24073944048432,100.64775636073526,101.0035462085847,70641000
2007-02-09,100.41754150390625,101.3872533215592,100.03384028575705,101.19888896991125,79084400
2007-02-12,100.07568359375,100.48728546261248,99.89430242570708,100.41752838800802,65657000
2007-02-13,100.91984558105469,101.08727110836669,100.29196791845014,100.29895107879581,64081800
2007-02-14,101.5825424194336,101.78485170565334,101.00350460707246,101.01746027527736,66039400
2007-02-15,101.7151107788086,101.81975169429361,101.45697877884969,101.62441488868323,38715200
2007-02-16,101.666259765625,101.68718794635691,101.31744256001792,101.46395047019767,39841800
2007-02-20,101.88251495361328,101.99413900351001,101.15697991939506,101.54765344897835,56911800
2007-02-21,101.84068298339844,101.90347817966213,101.40118047989961,101.58256162062469,63971600
2007-02-22,101.7639389038086,102.14763999950702,101.27559689340033,101.88951864651783,79067400
2007-02-23,101.3663330078125,101.70816722821881,101.17796864152919,101.67329400618183,71966200
2007-02-26,101.27558898925781,101.81974299339481,100.9825838058807,101.73603026816039,69192800
2007-02-27,97.3199691772461,100.59884773019292,96.97115208342085,100.37561032557227,274466500
2007-02-28,98.31761932373047,99.05013763563429,97.52929962268507,97.94090139921092,177536300
2007-03-01,98.02462768554688,98.54088108949342,96.30845263807059,97.20839653198252,212828600
2007-03-02,96.74097442626953,98.12927090758753,96.73400191351993,97.7037134385946,162574000
2007-03-05,95.82009887695312,97.37582076710677,95.80614320691316,96.22471750259712,143750400
2007-03-06,97.45954132080078,97.75254654481773,96.07822793756144,96.81771883318393,143333300
2007-03-07,97.36188507080078,97.98976261072129,97.25026097769587,97.38281325762551,115144900
2007-03-08,98.18507385253906,98.47807903675323,97.71766006021718,98.04553845000757,117891600
2007-03-09,98.21298217773438,98.6594678233824,97.72464016609707,98.58272760404958,107765100
2007-03-12,98.35948181152344,98.60364747422886,97.78044395902039,97.96182507803499,80366900
2007-03-13,96.44792938232422,98.20597056940176,96.30142151462891,97.79435829590219,190605200
2007-03-14,97.16656494140625,97.22237699755742,95.40154991523747,96.57357115922854,231853800
2007-03-15,97.2990951538086,97.66186811389841,96.83168126535578,96.95027786585347,132435900
2007-03-16,97.02664184570312,97.79708795249864,96.73947459796285,97.57295428969222,121531600
2007-03-19,98.19630432128906,98.28735995120196,97.46088048781526,97.53792509298452,96161200
2007-03-20,98.73563385009766,98.79166727160545,98.0282319422163,98.11227673083678,82147400
2007-03-21,100.36054229736328,100.61268730521542,98.63056014774055,98.82667174414995,152368700
2007-03-22,100.28350067138672,100.63370148784601,100.01034446203971,100.49362329871845,118942200
2007-03-23,100.43059539794922,100.72476281794205,100.26249514911844,100.3535507864786,74416800
2007-03-26,100.29749298095703,100.61267151950187,99.52004688599774,100.50761556907986,113787500
2007-03-27,100.05938720703125,100.26950985431445,99.73019755332,100.24148780145973,99864600
2007-03-28,99.33094787597656,99.78620458530524,98.93871405070139,99.55507080314055,152907900
2007-03-29,99.43599700927734,99.88425352014467,98.88968472063524,99.83522028761816,139432700
2007-03-30,99.45701599121094,100.04535070395845,98.44843609091288,99.62511620368697,128194100
2007-04-02,99.56908416748047,99.77920676414256,99.09280556922778,99.56908416748047,79416400
2007-04-03,100.64067077636719,100.84378246361871,100.09435858331676,100.13638095397044,82417800
2007-04-04,100.75274658203125,100.8227803103024,100.26946790166775,100.6406797920646,63995200
2007-04-05,101.02595520019531,101.16603341680526,100.58469866495527,100.62672106120996,46822800
2007-04-09,101.16600799560547,101.418152997057,100.96288554837163,101.31308634553876,50967400
2007-04-10,101.28507995605469,101.45318019436749,101.04694596723876,101.08896835499678,56620000
2007-04-11,100.87186431884766,101.46019923143197,100.53566377970002,101.4321878634777,106365700
2007-04-12,101.32011413574219,101.50221473328408,100.39557874680185,100.67574584373011,115534400
2007-04-13,101.78233337402344,101.78233337402344,101.10994334878673,101.48815539047952,84287000
2007-04-16,102.74891662597656,102.86098345133394,102.13257046107235,102.13957062992692,83064600
2007-04-17,103.02206420898438,103.23918698538795,102.71388580869035,102.9380194406423,108424100
2007-04-18,103.14816284179688,103.44933044725309,102.65788378216934,102.67889497849038,88345300
2007-04-19,103.12005615234375,103.23912306286569,102.51071058459232,102.643788510256,102947700
2007-04-20,104.09367370605469,104.09367370605469,102.98703798771079,103.81351736429039,124114100
2007-04-23,103.70144653320312,104.17071426547315,103.63841296184125,103.91856929274668,77270800
2007-04-24,103.74346160888672,103.93957316416689,103.18314898653098,103.82050619755238,114471000
2007-04-25,104.69601440429688,104.82209223309889,103.67343418767965,104.17071327339274,108418800
2007-04-26,104.81509399414062,104.92016064533503,104.42988166826825,104.70303786172546,88741600
2007-04-27,104.73104095458984,104.8781299797374,104.24776218417838,104.42286256839823,108191100
2007-04-30,103.8625259399414,104.8781165885661,103.80650322895,104.80807216890993,100874100
2007-05-01,104.12866973876953,104.68899296869137,103.42826837318641,103.95356939737376,134342700
2007-05-02,104.73796081542969,105.02512779031397,104.18464872794611,104.28970460301542,87129800
2007-05-03,105.30541229248047,105.34042383178523,104.8711559199009,105.03925619515265,86569700
2007-05-04,105.70459747314453,105.84467564148729,105.2143185403053,105.58553049568923,96409000
2007-05-07,105.72563934326172,105.90073977632022,105.62758352824027,105.67661677939213,63461400
2007-05-08,105.58552551269531,105.70459248453137,105.15128000514277,105.46645854085925,80584000
2007-05-09,105.87271118164062,107.03538043290517,105.31938791833544,105.50849934770511,102070100
2007-05-10,104.76605224609375,105.77463206401129,104.54892950226282,105.57150965461717,153617800
2007-05-11,105.66259002685547,105.71161258342917,104.8641325984321,104.88514379228951,113408900
2007-05-14,105.43141174316406,105.97072376171296,104.91311090961145,105.6625454653993,108027500
2007-05-15,105.45948791503906,106.22292319452134,105.19333185209668,105.55053286766541,180673300
2007-05-16,106.18087768554688,106.20188887675397,105.32638695219399,105.62055431637262,114166500
2007-05-17,105.97074890136719,106.43301645550233,105.83767090663628,106.02678230374224,101132800
2007-05-18,106.8952865600586,106.8952865600586,106.32796298576321,106.46804116540848,99182000
2007-05-21,106.8392333984375,107.32251211305375,106.81122204259917,106.86725544155391,174664600
2007-05-22,106.75521850585938,107.2735195757144,106.72720714218553,106.95133011341942,82148800
2007-05-23,106.76921844482422,107.51164240882264,106.71318503601378,107.12641940280082,133786600
2007-05-24,105.80259704589844,107.30846594551996,105.57847423308421,106.83218760147027,187593000
2007-05-25,106.24394226074219,106.47507611874353,105.88673053142992,106.11086421941272,83309200
2007-05-29,106.62914276123047,106.81124332866503,106.0758195158313,106.41902014509509,82020000
2007-05-30,107.49764251708984,107.53966490622946,105.99878340985089,106.08283887541118,129013600
2007-05-31,107.38555145263672,107.78477470691402,107.24546261802108,107.6306855386589,114866700
2007-06-01,107.91790771484375,108.14203072740958,107.51867356971911,107.77782949607973,107771700
2007-06-04,107.93184661865234,108.1349582970406,107.49759053720273,107.53961290602264,78008800
2007-06-05,107.50465393066406,107.79181048703346,107.06339746784894,107.67975434450737,126917900
2007-06-06,106.34896087646484,107.126406966627,106.28592730660057,107.06337339676273,164096800
2007-06-07,104.42982482910156,106.8111846714571,104.40180279578952,106.15280582319046,232414600
2007-06-08,105.78863525390625,105.89370188868759,104.42285449997688,104.7660550739503,175886000
2007-06-11,105.97074890136719,106.42600560065624,105.55050372719364,105.71159307947272,102015600
2007-06-12,104.81509399414062,106.13885257586097,104.74506024729116,105.52950661059799,233898000
2007-06-13,106.38399505615234,106.51007289734234,104.86412491720579,105.41043729204262,193208200
2007-06-14,107.06333923339844,107.24543971732523,106.4820048931673,106.5030160764175,146396500
2007-06-15,107.67256164550781,108.08757708956927,107.5740724892799,107.72179549027867,154030800
2007-06-18,107.54589080810547,107.89760083242831,107.38410720225164,107.89057049594359,88537500
2007-06-19,107.81318664550781,107.89056327501368,107.17307186808085,107.30672338571257,110851700
2007-06-20,106.31492614746094,108.03127311322318,106.1883156663835,108.03127311322318,177119700
2007-06-21,106.90582275390625,106.99727083490245,105.68890854274343,106.27274872652146,205262000
2007-06-22,105.8999252319336,106.75809883164392,105.40753318292151,106.58224376175806,204964700
2007-06-25,105.39344024658203,106.39229555152787,104.82367165385527,105.68184507829343,232014400
2007-06-26,104.31017303466797,105.83660425985363,104.30314269691995,105.66074921609253,198445700
2007-06-27,105.79441833496094,105.91400924205014,104.14841726102829,104.19766183845832,213638000
2007-06-28,105.78035736083984,106.50487947426946,105.28092418167486,105.78035736083984,157705000
2007-06-29,105.81553649902344,106.67371033392085,104.91515915312199,106.1461449796812,199701800
2007-07-02,106.77215576171875,106.86360382951908,106.05467482977274,106.12501041525343,103357000
2007-07-03,107.15901184082031,107.27156162902251,106.91282125413389,107.04646205261811,54048400
2007-07-05,107.04650115966797,107.31380432096678,106.65962856306281,107.20125449164702,89279000
2007-07-06,107.60924530029297,107.74289688805582,106.8706517644172,107.18719951789473,81109000
2007-07-09,107.69363403320312,107.87651941630952,107.355984618228,107.73583752673997,72348100
2007-07-10,106.16019439697266,107.34897646619986,106.05468564132507,107.12387680969518,180362600
2007-07-11,106.912841796875,106.95504529222535,105.8788132274286,106.04059687071853,175607600
2007-07-12,108.60112762451172,108.8543595202579,107.15911296077232,107.18021472430544,133882500
2007-07-13,108.92463684082031,109.35372364957902,108.60105878284577,108.72768001712865,111794300
2007-07-16,108.9105453491211,109.40293731756506,108.73469030800968,109.02309515143398,98378700
2007-07-17,108.85430145263672,109.36779531360392,108.80505687509617,108.9809119662959,126201300
2007-07-18,108.65734100341797,108.88947100409965,107.83434049191524,108.48851625746512,237887400
2007-07-19,109.07937622070312,109.40294350397454,108.85427660334865,109.17081354858043,145212700
2007-07-20,107.9749755859375,109.02307530416097,107.50368544955644,108.95272900718675,245502500
2007-07-23,108.3056640625,108.83322948045722,107.83437357712639,108.45337636885432,121183900
2007-07-24,106.42748260498047,108.52367187833484,106.04762967132551,107.70770183814504,256732400
2007-07-25,106.64554595947266,107.19421290315023,105.68889397733253,106.93395084183535,265214500
2007-07-26,104.12027740478516,106.07578501004474,102.97369886356856,105.64669819114435,467592500
2007-07-27,102.07332611083984,104.71818272897049,102.03112260771508,104.25393346125543,422987600
2007-07-30,103.67009735107422,103.97256295754462,102.19994062347102,102.65012923000715,283017500
2007-07-31,102.50241088867188,105.13320677513065,102.0240794850692,104.33833837110954,316976700
2007-08-01,103.00177764892578,103.40976250603454,101.25729918634839,102.12250271550258,467670000
2007-08-02,103.8248291015625,103.93736817978798,102.17881762409309,103.23394795751003,294758400
2007-08-03,101.15181732177734,103.81074456715687,100.72976094843415,103.59971638048528,359398200
2007-08-06,102.84709930419922,103.28321650861388,100.2585067037784,101.44025853295882,324980000
2007-08-07,103.94439697265625,104.80960073851836,102.15770380845701,102.65713682994753,232568700
2007-08-08,105.39344024658203,105.92803568584701,103.64192024424392,104.3945849416362,274930600
2007-08-09,102.27027130126953,104.77444571269857,102.19992498184412,103.7052439108122,357622100
2007-08-10,101.79197692871094,103.0510947977665,100.67353026810352,101.56687723516796,411018400
2007-08-13,102.15772247314453,103.32540269353318,102.01001022759819,103.05106921846273,181917200
2007-08-14,100.59614562988281,102.74157995581413,100.39215844042725,102.48834818728875,264134500
2007-08-15,99.21039581298828,101.61610271885087,98.91496057074986,100.39214751528412,323834000
2007-08-16,99.95608520507812,100.54695601377453,96.36863536177503,98.33117438114097,546743700
2007-08-17,101.79197692871094,102.56573297524058,99.45661590825125,102.34767435546092,388218100
2007-08-20,101.74270629882812,102.3265464044755,100.7930846514884,102.11551817913984,187320400
2007-08-21,101.94667053222656,102.678233451139,101.39097337267299,101.71455134321867,157066400
2007-08-22,103.15653991699219,103.26205935823268,102.22803108743352,102.70635154104366,173156700
2007-08-23,103.06513977050781,103.85999736771775,102.42502475622915,103.64193880388119,203915300
2007-08-24,104.33831787109375,104.33831787109375,102.89630433768437,103.03698622874717,128901900
2007-08-27,103.36763763427734,104.33836133364795,103.21288426964306,104.00072250778439,113024300
2007-08-28,101.09556579589844,102.87521828604262,100.91268038294855,102.81191303540712,219790700
2007-08-29,103.07918548583984,103.21987810446,101.264370919046,101.55276502720172,207654200
2007-08-30,102.8048324584961,103.5363952958632,102.21396221293344,102.31244058719388,191817300
2007-08-31,103.81781005859375,104.45792517269136,103.28321444023196,103.86001356355085,185477500
2007-09-04,104.86589813232422,105.49897210005463,103.68414646366112,103.71931962483322,120062000
2007-09-05,103.95850372314453,104.35945853219097,103.40280628956597,104.24690868403643,166261800
2007-09-06,104.19763946533203,104.53527816184447,103.48717818168922,104.07101824580195,127878400
2007-09-07,102.74864959716797,103.3254488932499,102.17886990955729,103.0370438785358,235447600
2007-09-10,102.55166625976562,103.20585288242226,101.52467837761773,103.06517093418422,192305900
2007-09-11,103.74746704101562,103.89517929780052,102.79081497482021,102.8681916394883,162081900
2007-09-12,104.01473999023438,104.41569465026636,103.3886964508917,103.60675499230966,149554600
2007-09-13,104.74635314941406,105.1261955109516,104.24691985305917,104.49312133060722,154079000
2007-09-14,104.73928833007812,104.8729399171138,103.92332886187708,104.07808220125071,121911000
2007-09-17,104.17655181884766,104.56342440124239,103.84594341570364,104.32426407272946,109870800
2007-09-18,107.24349212646484,107.27162422326151,104.19768013100953,104.69007232503752,263759500
2007-09-19,107.87654876708984,108.60107089217233,107.4193298182548,107.91172193238711,193779900
2007-09-20,107.11687469482422,107.92580399018141,106.99729449580113,107.86249872011246,175186800
2007-09-21,107.40594482421875,108.2187116861115,107.24339360869305,107.92894928911291,141457500
2007-09-24,107.2080078125,108.00664694728096,106.97477662842434,107.72393757979847,139450200
2007-09-25,106.9959945678711,107.18682207157678,106.34577910130272,106.58607401159209,142289900
2007-09-26,107.56139373779297,107.97131426028415,106.99598574869272,107.60379744972992,135547000
2007-09-27,108.1974868774414,108.20456135331027,107.56140953643917,108.07027572294575,102713300
2007-09-28,107.83707427978516,108.26819684066986,107.41301541245875,108.02790184850855,133372100
2007-10-01,109.05267333984375,109.37071202571546,107.7805078120944,107.85118786862701,148162300
2007-10-02,108.90418243408203,109.29996462457547,108.70629133883533,109.2716990899356,112978800
2007-10-03,108.68511962890625,109.13038010880481,108.14091357394786,108.70632148182914,119055900
2007-10-04,108.854736328125,109.02435113762728,108.55082515400342,108.91834188168835,76864400
2007-10-05,110.1480941772461,110.32478344555463,109.28584968515986,109.56854820075068,134579700
2007-10-08,109.56148529052734,109.89366198004731,109.38479602096385,109.82298195851904,71280400
2007-10-09,110.59342193603516,110.60756010708066,109.56862561266274,109.97148260547425,94054300
2007-10-10,110.40965270996094,110.56514021593837,109.83718088534543,110.28243075767796,101711100
2007-10-11,109.87960052490234,111.32845570360791,109.22231037546373,110.91146054030183,233529100
2007-10-12,110.48735809326172,110.50149625733067,109.7381971614983,109.87248275950483,124546700
2007-10-15,109.5544662475586,110.50859309965055,108.79824139902405,110.44498751864779,161151900
2007-10-16,108.68511962890625,109.20812383094173,108.46602662586372,109.13038010880481,166525700
2007-10-17,109.01732635498047,109.61099996862593,107.75929907566719,109.53325622510603,216687300
2007-10-18,108.62154388427734,108.97492257566519,108.1904214494137,108.45191823007693,148367500
2007-10-19,105.78038024902344,110.59339648511526,105.77331655725862,108.1974892968477,297169900
2007-10-22,106.39522552490234,106.55071297366271,105.06652930493995,105.20787858992414,261989800
2007-10-23,107.2574691772461,107.39175477121277,106.19026968372297,107.04545064388718,180085100
2007-10-24,107.05956268310547,107.24332643136447,105.19372436708258,106.86874603042386,326694200
2007-10-25,107.31403350830078,107.63207215916346,105.92879514055097,107.17974788622823,237374500
2007-10-26,108.57203674316406,108.57203674316406,107.35641350616285,108.1762544398165,176484000
2007-10-29,108.9325180053711,109.15161106683442,108.52259743245895,108.79115790251316,106841000
2007-10-30,108.17626953125,108.66393378885726,108.04198392011055,108.45190444412448,132981600
2007-10-31,109.30001068115234,109.73820753463572,108.02078171060627,108.82648459054614,220954400
2007-11-01,106.74156951904297,108.42365558610065,106.4305945368042,108.338837364596,333040800
2007-11-02,106.86168670654297,107.42709462457675,105.45524677752857,107.09491787714161,331228200
2007-11-05,106.04895782470703,106.83345902776244,105.28565848246964,105.7591846811769,226841000
2007-11-06,107.4765625,107.50482804027494,105.9428900296983,106.62138162313518,177800500
2007-11-07,104.5364761352539,106.81223553238351,104.28204307270958,106.3245712638185,306639700
2007-11-08,104.0063705444336,104.88274238853874,102.52925089136355,104.59298019274158,374509900
2007-11-09,102.57872772216797,104.27494049244234,102.40203844258698,102.96744629409771,277745100
2007-11-12,101.56103515625,103.61770175686763,101.56103515625,102.6282457209667,243087800
2007-11-13,104.65663146972656,104.81918264340989,102.63530498283032,102.7413142734365,191117400
2007-11-14,104.3668441772461,105.5895312278466,103.73783064186964,105.46232009641004,230558800
2007-11-15,102.86145782470703,104.23964325581987,102.14057310743756,103.58942780151702,263111100
2007-11-16,103.03816986083984,103.51877056250433,102.1759356434006,103.40568677572875,308770600
2007-11-19,101.6034164428711,102.73423233504131,101.20057042585744,102.67769046200684,267746000
2007-11-20,102.22538757324219,102.8544012135262,100.43729225476307,101.78720144619948,414767500
2007-11-21,100.13335418701172,101.70943049614814,100.12629049739664,101.12282073032851,259012400
2007-11-23,101.86491394042969,102.01332690632913,100.85424558370845,101.1157530688193,77688400
2007-11-26,99.61744689941406,102.39500890872786,99.41249201180855,102.07695947198694,214232000
2007-11-27,100.76240539550781,101.22885707282633,99.61745110033223,100.17579547278012,293897900
2007-11-28,103.9852066040039,104.22550150148807,101.87199836207246,101.90733838446972,258596900
2007-11-29,104.02053833007812,104.40219332627966,103.25724990619705,103.62475595198839,199409900
2007-11-30,105.06658172607422,105.92175233666947,104.12659287476255,105.33514226626002,222908000
2007-12-03,104.3739242553711,104.9181304552359,104.09828930972091,104.73437741955637,146430400
2007-12-04,103.4410400390625,104.27500880861889,103.40570000314158,103.65306947032315,136533900
2007-12-05,105.17259216308594,105.44822718374506,104.47997276475922,104.55064205113112,171130000
2007-12-06,106.67791748046875,106.86874491541691,105.00290661886109,105.04531031901459,154457400
2007-12-07,106.6567611694336,107.07374544465854,106.40232807562035,107.01720355889316,148980100
2007-12-10,107.48362731933594,107.60377473921949,106.62138274439924,106.91821944956887,123914300
2007-12-11,104.5364761352539,108.0561245135665,104.47993425643732,107.52605653195421,250346400
2007-12-12,105.568359375,107.26458376603931,104.03469696600959,106.76278121948778,322435600
2007-12-13,105.34925842285156,105.58248966362177,104.10536925633944,104.82626483833259,237551300
2007-12-14,104.01349639892578,105.37754393476851,103.9640289834464,104.55062819809342,159152900
2007-12-17,102.52926635742188,103.80142061776422,102.38084260877744,103.6176676385335,177269400
2007-12-18,103.1017837524414,103.52583176626027,101.74481069654726,103.25727125945394,245569300
2007-12-19,103.1017837524414,103.81560491880758,102.43743000143564,103.14418747539696,198917200
2007-12-20,103.75199127197266,103.7943949916331,102.6070369198289,103.78025682365882,214813800
2007-12-21,105.24755859375,105.4536011534475,104.50862416681699,104.70756554910844,146084400
2007-12-24,106.02914428710938,106.2067713515782,105.49626309370292,105.73784414091719,45601400
2007-12-26,106.25648498535156,106.34884366306096,105.51044933689313,105.6170212117474,67093100
2007-12-27,104.92074584960938,105.887037446842,104.672074481528,105.87993626769506,122981700
2007-12-28,104.65789794921875,105.58866229382542,104.37368806134353,105.53892149788526,116398100
2007-12-31,103.88345336914062,104.878160940334,103.77687058840601,104.51580550543486,108126800
2008-01-02,102.97395324707031,104.43760931735031,102.22792827386112,104.11077075914335,204935600
2008-01-03,102.92424774169922,103.37187150508363,102.36295087331854,102.95977533016585,125133300
2008-01-04,100.40193939208984,101.9153257401458,100.11774037117219,101.84427056416753,232330900
2008-01-07,100.31664276123047,101.05556643256024,99.54219151575649,100.75715432443707,234991000
2008-01-08,98.69671630859375,101.53163765230101,98.36277652080666,100.94902644991511,326365700
2008-01-09,99.73404693603516,100.0324591220559,97.83699106965568,98.82459717630634,301824900
2008-01-10,100.38768768310547,101.46056188476969,99.0235133912582,99.24376917421101,335701200
2008-01-11,99.57774353027344,100.82113317541813,98.76066324292016,100.02536727180467,267076600
2008-01-14,100.38066101074219,100.7927573279262,99.75540993066966,100.29540344218742,170365500
2008-01-15,98.1709213256836,100.52981386491666,97.97908106701216,99.32194119472163,239940100
2008-01-16,97.32543182373047,98.84591927588609,96.8280781415295,97.5954284689955,378802600
2008-01-17,94.8031234741211,97.96489428939525,94.44786930085407,97.91515350121931,397892600
2008-01-18,93.8297119140625,95.93282097328097,93.14763010779882,95.73387954299616,348561500
2008-01-22,92.87764739990234,94.0926105420266,89.524047300378,90.3837617072966,435923700
2008-01-23,95.10865020751953,95.34311926903538,90.12087844776691,90.2985055390822,511913000
2008-01-24,95.91152954101562,96.24546934492255,94.71786983223193,95.54916333084145,259949300
2008-01-25,94.52603149414062,97.16912357390457,94.2134169092042,96.99149647629407,269603900
2008-01-28,96.08916473388672,96.28810622853568,93.82974227109008,94.682350225514,217934600
2008-01-29,96.56521606445312,96.9488858970168,95.8333931523134,96.70021441860507,168968300
2008-01-30,95.85467529296875,98.43381299426981,95.63441945934622,96.33071454274881,334939200
2008-01-31,97.60250854492188,98.43380184288414,94.63969063428871,94.78179010683446,343680800
2008-02-01,99.1727294921875,99.19404386949998,97.70908442876171,98.0074965526306,206843600
2008-02-04,97.92225646972656,98.97380568975561,97.79435934159687,98.90986254643876,124694300
2008-02-05,95.30049133300781,96.80676561122067,94.97365271187806,96.58650975070812,286882500
2008-02-06,94.53311157226562,96.09622733473516,94.07838678970187,95.62018817498044,250792900
2008-02-07,95.15838623046875,95.76942389726219,93.5952698954035,93.64501068806595,297368100
2008-02-08,94.54737091064453,95.36445134568932,93.85817680115488,94.56157327470669,221643500
2008-02-11,95.0304946899414,95.37153567264866,93.81552060439434,94.56866858505653,188576300
2008-02-12,95.91152954101562,96.84939495938379,95.19390914298282,95.85468756997855,256654400
2008-02-13,96.89205169677734,97.38230435218138,96.01812917799221,96.63626817402309,181967800
2008-02-14,96.03939056396484,97.33962185024306,95.76939398298518,97.30409427250974,215207200
2008-02-15,96.01811981201172,96.07496179391258,95.14419737847237,95.5633947983043,154110300
2008-02-19,96.28810119628906,97.26149423291383,95.64153595172179,97.14070910615365,145190000
2008-02-20,96.5722885131836,97.0199122192409,95.03758795655558,95.20101267427277,220085700
2008-02-21,95.76941680908203,97.34674623123625,95.25786076547527,97.09807481082281,201051200
2008-02-22,96.35916137695312,96.52258614135393,94.39816177763959,95.89733517860196,205491000
2008-02-25,97.57410430908203,97.8014613232378,95.76230600977968,96.3022884047087,190107000
2008-02-26,98.30596160888672,98.72515904373928,96.98441529646175,97.16204243070435,212420700
2008-02-27,98.20643615722656,98.86010234623944,97.63092629741597,97.7374981820128,168395800
2008-02-28,97.2472915649414,98.02175404271617,97.01993449037832,97.51018707307551,170831100
2008-02-29,95.08024597167969,96.40178128068484,94.34131111252783,96.34495014521029,252715200
2008-03-03,94.85284423828125,95.07310004456994,93.95760781357714,94.59706085386655,189483500
2008-03-04,94.4905014038086,94.78180156321399,93.06948482360151,93.95050816477239,282513100
2008-03-05,95.08733367919922,95.75521326212035,94.02867233589903,94.79602265405327,270681400
2008-03-06,93.11921691894531,94.65391746300534,92.75686158555463,94.48339156649988,247911700
2008-03-07,92.16004180908203,93.60237287599104,91.35716391336041,92.2026705749616,326434600
2008-03-10,90.94506072998047,92.31633651988159,90.65374973037069,92.25239337601488,235683600
2008-03-11,94.21341705322266,94.29867459092677,91.62005491924656,92.8776578078706,341440600
2008-03-12,93.33234405517578,95.04467117089673,93.19024460407503,94.31284869830935,229161100
2008-03-13,93.5384292602539,94.2418364997742,91.37138725004638,92.0889968521038,351504200
2008-03-14,92.0889892578125,94.3626138485385,90.78875765401514,94.33419828430945,484687800
2008-03-17,91.15818786621094,91.84026954454625,89.57375247947422,89.92900651570926,405311100
2008-03-18,94.9452133178711,94.98784207482002,92.35185190803257,92.806576717979,334416600
2008-03-19,92.59344482421875,95.66993615506429,92.39449253041622,95.30758083296945,345971600
2008-03-20,94.30850982666016,94.90115242777317,92.29495224973402,92.85903861851838,245320700
2008-03-24,96.19357299804688,96.97185863749483,95.13681768507298,95.18679383407974,208977300
2008-03-25,96.2863998413086,96.78621580716332,95.51525053891665,96.29353617825976,192947200
2008-03-26,95.10824584960938,96.4577543385333,95.04398613470117,96.00792543900558,196934300
2008-03-27,94.80835723876953,95.99364283646356,94.50846767101028,95.82227269981378,225153200
2008-03-28,93.90153503417969,95.22248720662989,93.58022558268823,94.95830113020776,180896100
2008-03-31,94.22998046875,94.77263612437693,93.6016343131631,93.74443728620508,166692100
2008-04-01,97.54303741455078,97.70726025150485,95.32955370186828,95.400960619761,254547300
2008-04-02,97.6072998046875,98.29990552578295,97.09320048809776,97.857213129062,210910800
2008-04-03,97.85006713867188,98.13568392659644,96.90042264242618,97.07892904919163,175884800
2008-04-04,97.74296569824219,98.50697833360121,97.1931629257517,97.90718853853605,204446800
2008-04-07,97.79297637939453,98.94255832989673,97.6358898349655,98.44273156389406,154245500
2008-04-08,97.69303131103516,97.76442736571845,97.07182135378237,97.24319149632984,148937300
2008-04-09,96.98611450195312,97.6787203194452,96.31492858436965,97.54305368991223,195610600
2008-04-10,97.12181091308594,97.5859234136455,96.32209445565664,96.69339099320698,192967800
2008-04-11,95.23675537109375,96.47915316861112,94.97255844223167,96.02932436734393,222973300
2008-04-14,94.91545104980469,95.35100725429038,94.64412863540872,95.10110474378963,160522000
2008-04-15,95.13680267333984,95.45811210822063,94.48703657258298,95.37956883345696,172389200
2008-04-16,97.71442413330078,97.75726393327096,96.05074289839584,96.065015568274,189268900
2008-04-17,97.85723876953125,98.00004175151967,96.86474333623337,97.1217930618802,179665700
2008-04-18,98.87826538085938,99.6494143623552,98.72117887193431,99.20672196183897,218530600
2008-04-21,98.92827606201172,99.23530192413631,98.42846018461762,98.69978257796357,118587400
2008-04-22,98.49271392822266,98.75689996988571,97.75012104519433,98.6712203661395,162166000
2008-04-23,98.33565521240234,99.09252098007556,97.90723528212588,98.59984132880903,193309000
2008-04-24,98.76403045654297,99.77794554459831,97.85006762580079,98.5926603829351,229381300
2008-04-25,99.67800903320312,99.88507172755058,98.47130365171687,99.53519515277658,190788100
2008-04-28,99.69941711425781,100.14210958461301,99.52091068006064,99.87792354845499,105610200
2008-04-29,99.30669403076172,99.77080637006443,98.97110108566565,99.52804025089586,125514100
2008-04-30,98.72119903564453,100.38488038712609,98.72119903564453,99.45664470711395,208395900
2008-05-01,100.76329803466797,100.76329803466797,98.72833143305503,98.8068746917594,187279500
2008-05-02,101.04180908203125,101.65587183982025,100.36348660306201,101.63445193276017,181585500
2008-05-05,100.5562515258789,101.11319076056661,100.25636200682928,100.71333806850043,118504500
2008-05-06,101.4273910522461,101.5344905895029,99.7422893299853,99.97791920712191,179339800
2008-05-07,99.62088012695312,101.42021725255982,99.34241050785907,101.31311774335781,199267300
2008-05-08,99.36386108398438,100.19213386140262,99.23533073809499,99.7779974726935,178321200
2008-05-09,99.17816925048828,99.5280457794312,98.85685985195636,98.96397024824564,152588200
2008-05-12,100.29207611083984,100.36347215904118,99.05680354057105,99.42810003479559,147865900
2008-05-13,100.30633544921875,100.59908862488595,99.7708161306332,100.5348289214961,159132200
2008-05-14,100.51342010498047,101.53447182200428,100.292073838782,100.72763003507143,181910800
2008-05-15,101.77006530761719,101.84147222386719,100.5562239975274,100.70616326842037,166927000
2008-05-16,101.86295318603516,102.012892546816,101.11322369661409,102.0057562089791,204236800
2008-05-19,102.1413803100586,103.03391245031571,101.60586102590432,101.97001021686884,165664400
2008-05-20,101.3131103515625,101.63441975089465,100.67762788793473,101.58444361530289,178552100
2008-05-21,99.59943389892578,101.47731379997447,99.24955743606411,101.2559676093508,252724800
2008-05-22,99.61371612548828,100.08497567697457,99.24956696033995,99.55659276514143,170820400
2008-05-23,98.27852630615234,99.72086170218492,98.19284668298019,99.28530545910844,181376400
2008-05-27,99.00682830810547,99.24959448553145,98.19997560029388,98.39276563303568,168322900
2008-05-28,99.46381378173828,99.96362975146138,98.53557789786908,99.37098692480005,181288100
2008-05-29,99.96361541748047,100.62765420450098,99.30671296644309,99.34241643669749,173927200
2008-05-30,100.21353149414062,100.49200113730119,99.92077828346241,100.29921110890704,117362000
2008-06-02,99.17816925048828,99.86363874316862,98.53555045342443,99.84221884294435,181069900
2008-06-03,98.599853515625,99.69231248816799,97.9857906837561,99.46382982023941,271965700
2008-06-04,98.54983520507812,99.36382410890371,98.14998253585406,98.32134173971117,246637700
2008-06-05,100.52057647705078,100.59911977056723,98.76407866956936,98.94972150189376,237867100
2008-06-06,97.3145980834961,99.82083629934094,97.26462192932588,99.64232980055641,384276300
2008-06-09,97.55020141601562,98.17854760715552,96.68623629836733,97.72157153046352,228263900
2008-06-10,97.06466674804688,97.8929392717118,96.64339415064049,96.87187673586288,260234900
2008-06-11,95.6366195678711,97.29315379601583,95.62947233680052,97.08609110318622,283890100
2008-06-12,96.00079345703125,97.01470906893536,95.3367545071561,96.1079038940632,252791800
2008-06-13,97.21460723876953,97.478804190568,95.97934566905306,96.5148650131414,244726900
2008-06-16,97.27174377441406,97.77155971750831,96.7219516845956,96.78621139974261,185832500
2008-06-17,96.80048370361328,97.90721498625788,96.65766982634506,97.87152241210998,191707700
2008-06-18,95.85796356201172,96.76477937782668,95.47239442424002,96.17213665695039,265893000
2008-06-19,95.97931671142578,96.56482291399217,95.32241448828965,95.78652675507274,304204900
2008-06-20,94.42146301269531,95.50503109669371,94.16312752218131,95.32563175466086,289275700
2008-06-23,94.32818603515625,94.88791119049179,94.23490580904601,94.78744798183332,165096400
2008-06-24,94.1415786743164,95.03857517674008,93.42398147237746,94.04111550403152,267300600
2008-06-25,94.58648681640625,95.7274637562258,94.17746209915553,94.52190569520843,287853900
2008-06-26,92.01748657226562,94.30662340918242,91.90985137133339,93.69667235445914,297775000
2008-06-27,91.51516723632812,92.46957279704826,91.16354615205354,92.05336511983967,303423400
2008-06-30,91.83810424804688,92.50546995157201,91.35013786832063,91.77351764456618,258842600
2008-07-01,92.12516784667969,92.18974899186135,90.36705073844351,90.79043062308142,388622000
2008-07-02,90.54641723632812,92.68485935607742,90.3813674671706,92.41934093949861,288064600
2008-07-03,90.63972473144531,91.21380483434459,89.69249639404504,91.21380483434459,239352500
2008-07-07,89.71400451660156,91.37882989405064,88.92464864773763,90.9841546970349,372427300
2008-07-08,91.3071060180664,91.41474673997966,89.12560892164032,89.69251161387123,375973700
2008-07-09,89.5489730834961,91.66588305526022,89.26193305135013,91.49366122590594,336729400
2008-07-10,89.91493225097656,90.26655334954717,88.68066417863473,89.29062070978071,436475700
2008-07-11,88.86724090576172,90.34549496520617,87.89848571220699,88.96053205225289,481124600
2008-07-14,88.06353759765625,90.05845712655817,87.83390669090852,89.88623531520555,322720800
2008-07-15,86.8221206665039,88.61611443044012,86.12605021012313,87.40337836890669,502502500
2008-07-16,88.95337677001953,89.39111164032691,86.90104768213592,87.152205687681,371642900
2008-07-17,89.84317779541016,90.60383463957811,89.04664437193047,89.80012371030297,375490600
2008-07-18,90.40289306640625,90.71863209545971,89.80728610674325,90.5392328045852,267030100
2008-07-21,90.45313262939453,90.9913305495024,89.83599857635093,90.78322669674748,222863000
2008-07-22,91.47928619384766,91.70891706060254,89.59200220396269,89.80728353678428,296904200
2008-07-23,91.97444915771484,92.67769148045022,91.52954231369173,91.77352277979044,311698400
2008-07-24,90.06563568115234,92.14666887738396,89.81447772941449,92.09643181220365,248634500
2008-07-25,90.04412078857422,90.76889019354975,89.82166188001891,90.33833286464181,219131000
2008-07-28,88.72373962402344,90.4603239696401,88.56586732445219,90.0656486955455,205201300
2008-07-29,90.6181869506836,90.68994558633679,88.72373050030806,88.96771643132845,261505600
2008-07-30,92.23274993896484,92.28298698938022,90.61815654183103,91.21376342006653,354710000
2008-07-31,91.01287841796875,92.26150182023667,90.8693556548631,91.42190871186104,277402100
2008-08-01,90.53207397460938,91.33577941101682,90.02975260202206,91.22096669502976,248690900
2008-08-04,89.6924819946289,90.5177199569986,89.52743768705461,90.44596132436487,188239600
2008-08-05,92.11077117919922,92.25428842015027,89.67811726370562,90.4315909909464,251577600
2008-08-06,92.51982879638672,92.78534728380589,91.47932021686847,91.86682347516864,209555400
2008-08-07,91.14202880859375,92.16819310131484,90.80475722307365,91.82374401029807,246312500
2008-08-08,92.83556365966797,93.23741641503831,90.68994916248253,90.83347191428135,260811700
2008-08-11,93.7971420288086,94.3712110731371,92.73509020753752,92.90731749063517,249425800
2008-08-12,92.82120513916016,93.78995482003819,92.37628741529957,93.48856530045404,213200800
2008-08-13,92.26145935058594,93.03645454044383,91.61561542615479,92.41932063025168,256393200
2008-08-14,92.9575424194336,93.48856832329842,91.67304816707822,91.73762929129198,239555300
2008-08-15,93.40966033935547,93.64646881583847,92.78535405114374,93.2374330065492,181000800
2008-08-18,92.1323013305664,93.63207680605288,91.60845845604827,93.59619475718694,172275100
2008-08-19,91.1276626586914,91.62998396023872,90.79756861901673,91.43622965933999,194673700
2008-08-20,91.55104064941406,91.81654807634273,90.66121629073055,91.41469544650596,225498200
2008-08-21,91.70892333984375,92.16818510479884,90.8478034244289,90.95544409820977,180609800
2008-08-22,93.03646087646484,93.03646087646484,91.70891279354983,92.33321877498749,167715300
2008-08-25,91.14920806884766,93.03648702655323,90.95545920373073,92.4265358817716,171936900
2008-08-26,91.41471099853516,91.7591600790175,90.83345899223062,91.14919805160434,159117200
2008-08-27,92.30455780029297,92.44807509150135,91.35015193673938,91.52955128816673,171032800
2008-08-28,93.42403411865234,93.53166937973202,92.64902738986707,92.77101766898089,167537100
2008-08-29,92.4193344116211,93.3880949678962,92.21840808063517,93.09387750121545,189195800
2008-09-02,91.84526062011719,93.79713128107423,91.50798907290459,93.30915950971101,252364900
2008-09-03,91.76634216308594,92.21125446686204,91.08462690754429,91.76634216308594,251947000
2008-09-04,89.00358581542969,91.29990029449586,88.9533542270506,91.1133234770167,340042500
2008-09-05,89.28343963623047,89.66376526486755,87.54685577819642,88.4725567954539,289503400
2008-09-08,91.1276626586914,92.02466459182361,89.28343815941926,91.88113639876453,364075300
2008-09-09,88.4223403930664,91.39319278417217,88.12095084030679,91.20661595277353,377326800
2008-09-10,88.78116607666016,89.62793136950425,87.94157829197188,88.90315634113598,298916600
2008-09-11,90.06563568115234,90.23067998879462,87.25982770290629,87.63298135248775,375369400
2008-09-12,90.48182678222656,90.56794041570252,88.86006107966969,89.19015512907946,297851200
2008-09-15,86.17625427246094,90.16609885108969,86.0327370071515,87.28135473480839,483607000
2008-09-16,87.61862182617188,87.77649409479577,83.95887700059941,84.10239425853071,581744300
2008-09-17,83.67904663085938,87.43925607510022,83.24131170888623,85.85336622452313,624095600
2008-09-18,86.16189575195312,87.39616381431777,81.66256370816141,84.71235181407066,776114700
2008-09-19,89.58370971679688,92.38410078963494,89.01352593395326,91.44582256338161,501087800
2008-09-22,87.55561828613281,90.0384436651182,86.86995698988963,89.82191614708165,249966500
2008-09-23,85.56356048583984,88.06803116397036,85.3686846840395,87.22358404022657,327470400
2008-09-24,85.83785247802734,86.61012588019817,85.01505672268735,86.1409865970424,311818400
2008-09-25,87.18031311035156,87.98867629763028,85.48419918345458,86.17707955546904,328253000
2008-09-26,87.22360229492188,87.69274151958223,85.53470769397198,85.76566778059392,285917400
2008-09-29,80.38862609863281,86.13376351941413,80.09271104576344,85.98941551896905,459562300
2008-09-30,83.71588897705078,84.30051097582093,79.77512955305835,81.92594975113525,328154400
2008-10-01,83.76640319824219,84.22110976502366,82.24350844041649,83.19621935704717,332783000
2008-10-02,80.72785186767578,83.08076177498177,80.157667891332,82.96527896667365,365337800
2008-10-03,79.63799285888672,83.32614045379776,79.1616401211244,81.45680823785455,461798000
2008-10-06,75.58172607421875,77.6748039809106,72.63698221266004,77.33558030727002,610637500
2008-10-07,72.1967544555664,77.46553916299683,71.92249104725289,77.11187719455177,540012100
2008-10-08,70.37791442871094,73.74848897815146,69.87268561950842,70.38512797123423,725414800
2008-10-09,65.46283721923828,72.6226139186928,65.13805135415448,71.92973336839562,534485200
2008-10-10,63.87496566772461,67.80129300305977,60.32395194877941,62.61912042693147,871026300
2008-10-13,73.14945983886719,73.14945983886719,64.92149766486445,67.75076565727596,455584000
2008-10-14,72.06678771972656,76.166330859401,70.0891928532433,75.56727661123188,546268300
2008-10-15,64.97198486328125,70.587209007601,64.7482439453109,70.34181094672907,484627500
2008-10-16,67.6785888671875,68.4003398674014,62.46033221929394,65.88864947030997,708811200
2008-10-17,67.27437591552734,71.15739234301316,66.14844668888901,66.39383926125056,476649000
2008-10-20,71.3161849975586,71.525493361613,67.90952080808974,68.81892823309695,321294200
2008-10-21,69.1870346069336,71.1935010217656,68.72511451890846,69.98817846415383,356502000
2008-10-22,65.41951751708984,69.18705903955833,63.174871215489254,67.26719852167795,516168000
2008-10-23,66.17733764648438,66.72586433150104,61.93343909558701,65.1668853483411,634666400
2008-10-24,62.82120895385742,64.89984989297108,60.62708520930916,60.67038850808551,545812600
2008-10-27,60.5909538269043,64.6038904542927,60.410516197275015,62.04889295795977,397288600
2008-10-28,67.6713638305664,68.01780116818739,61.00960080695995,63.03771901107763,639939500
2008-10-29,67.18058776855469,70.13254686337129,66.47326933023479,67.67859223907818,531270100
2008-10-30,69.50460052490234,69.67781916581106,67.05064683485665,69.12928704532524,414582100
2008-10-31,69.88713836669922,71.14298334411842,68.19102491614922,68.62407433872251,411394000
2008-11-03,70.08924865722656,70.50786561019675,69.25201475128618,69.85106947641347,205419400
2008-11-04,72.47103118896484,72.79581698402109,69.80054879313151,71.49666279074823,346793400
2008-11-05,69.42524719238281,72.68756007614407,68.56636153319496,71.59771426152643,387844100
2008-11-06,65.57831573486328,68.88393761606034,65.00091256113878,68.17661900357406,477721900
2008-11-07,67.74356079101562,67.84460550763272,65.31847657915704,66.14849147124673,380391000
2008-11-10,66.85579681396484,68.9488759300521,65.62160319706553,68.71791581764737,301773000
2008-11-11,64.79155731201172,66.50210843740997,63.983200059722215,65.50609446304435,418498200
2008-11-12,61.9406623840332,64.1997407320445,61.43543895365445,63.680084706450245,454330600
2008-11-13,65.80203247070312,66.20621674517774,59.24853255493126,62.16440703956794,753141900
2008-11-14,62.51805114746094,66.44437143279123,62.445871668167456,64.5317363749794,540352300
2008-11-17,61.68806838989258,63.91827668161941,61.46432730738282,62.344859038060335,415254900
2008-11-18,62.85008239746094,62.951127103363326,59.84038185767513,61.457102658636856,523811800
2008-11-19,58.822696685791016,62.698500891485,58.40407985406913,62.00562070787061,558327600
2008-11-20,54.45609664916992,59.5516611344073,54.16740072912935,57.83389067494867,814180400
2008-11-21,57.393638610839844,58.38965854128385,53.654968111974554,55.90683327371398,718536500
2008-11-24,61.37046813964844,62.78509901221357,57.99989330777797,59.1258227661107,523305300
2008-11-25,61.825191497802734,63.16042970750845,60.49716683318973,63.008862662717064,454112400
2008-11-26,64.21417999267578,64.37296607552403,60.80029573100606,60.84360453047899,370134200
2008-11-28,65.02253723144531,65.05140792880236,63.86052332532847,63.96878155726429,118308100
2008-12-01,59.262962341308594,63.18928870137735,59.082524630004286,63.16041800678603,369927100
2008-12-02,61.54370880126953,61.702494911225095,59.21245602408096,60.24456023226871,469508400
2008-12-03,63.023292541503906,63.39138706670751,60.00637335944528,60.19403014769925,519863500
2008-12-04,61.56536102294922,63.55017622524623,60.439425745574184,62.11388780506929,444173800
2008-12-05,63.463558197021484,63.817214603661164,59.35679372723763,60.37446516085213,471905300
2008-12-08,65.67936706542969,66.67538185835852,63.571854630610545,65.20300857325155,412859300
2008-12-09,64.59668731689453,66.49488966575858,64.22137937769905,65.22461240500401,370790000
2008-12-10,65.0369873046875,65.93917611370101,64.23584320176163,65.18855436381895,396187400
2008-12-11,63.470794677734375,65.67935132276381,63.05939676333627,64.62559535792872,365061000
2008-12-12,64.22857666015625,64.28631802280596,61.49314155296971,61.74575863793233,415060400
2008-12-15,63.33366012573242,64.34411278459876,62.27990416220112,64.25028161579269,256694200
2008-12-16,66.31446075439453,66.41550542470371,63.64398502790055,66.31446075439453,377699500
2008-12-17,65.67211151123047,66.71143454814342,65.00088296764457,65.56384777713166,281819800
2008-12-18,64.44512176513672,66.16288647814547,63.66562967425035,65.96801620868435,374673300
2008-12-19,64.1678695678711,65.93596048878932,64.09510419278625,64.82999118163703,301451300
2008-12-22,63.34571838378906,64.51717080879538,62.20337102197074,64.4516885800398,243759500
2008-12-23,62.69088363647461,63.9787509632053,62.42894357828803,63.68770583730642,221625200
2008-12-24,63.05463790893555,63.20743522803399,62.574413005009376,62.90183503861752,62061600
2008-12-26,63.418495178222656,63.52036014201721,62.938269876427626,63.47669976380227,74767700
2008-12-29,63.236572265625,63.542167058431566,62.28339962441061,63.47667928784593,127795900
2008-12-30,64.73542022705078,64.79363032125335,63.21471343552469,63.673110988344675,168256300
2008-12-31,65.6595230102539,66.19068073794472,64.66270089090162,64.81549832048357,193987200
2009-01-02,67.63862609863281,67.98788134718566,65.37575851556691,65.80505130959595,227566300
2009-01-05,67.5586166381836,68.1479847681733,66.86011140192372,67.3985414806858,240349700
2009-01-06,68.00968933105469,68.72274383095053,67.43487691921572,68.13338166555589,328260900
2009-01-07,65.97237396240234,67.12927633859944,65.63039649553136,66.94009625137302,280899200
2009-01-08,66.24159240722656,66.27796956404896,65.2447650497656,65.60129782468938,263834400
2009-01-09,64.82275390625,66.4453261899929,62.10877248233569,66.32891150954644,330953600
2009-01-12,63.26566696166992,64.69178698874676,62.872762572928515,64.64084897593075,277858500
2009-01-13,63.38211441040039,63.942371728555656,62.71998657408344,63.10562457888828,356432300
2009-01-14,61.3884391784668,62.39253867710445,60.508032010219324,62.23974128934799,435491600
2009-01-15,61.410255432128906,62.02872252299372,59.460261352465714,61.20652561878248,532647300
2009-01-16,61.8905143737793,62.56719200024468,60.428022044986854,62.472604684089696,399237200
2009-01-20,58.62350845336914,61.890474181547134,58.245153883231474,61.28656239947477,419855200
2009-01-21,61.155635833740234,61.29387798855055,58.550790142904475,59.62037796044583,364360700
2009-01-22,60.209712982177734,61.1483303220043,59.06008812708266,59.969600407780206,427940300
2009-01-23,60.471641540527344,61.111936066752044,58.62351226909944,58.86362479814172,386800600
2009-01-26,60.88639831542969,62.108783202833294,60.253375686716396,60.82091053600679,317978800
2009-01-27,61.504878997802734,61.95599924454965,60.60992171065519,61.213833856392604,273789700
2009-01-28,63.585811614990234,63.99327127300934,62.625367027358394,62.86547956207173,330007000
2009-01-29,61.519439697265625,63.65860973889306,61.461229553639406,62.65450974185262,294392500
2009-01-30,60.26792526245117,62.137882356598155,59.81680515660191,61.832287551614435,383383600
2009-02-02,60.08604049682617,60.52260542555831,59.161972605639306,59.35115277687213,288233300
2009-02-03,60.93004608154297,61.38116617807537,59.824081573919116,60.46437623083582,278385800
2009-02-04,60.6317253112793,62.11604995339057,60.420717805412174,61.33750769785017,322989300
2009-02-05,61.533966064453125,62.05784605547815,56.557117252160836,60.173333618386614,417679400
2009-02-06,63.2874870300293,63.54942138544346,61.61398268777467,61.744952641092176,366101700
2009-02-09,63.37481689453125,63.84048675494615,62.80728209910202,63.27295195951691,240075200
2009-02-10,60.471641540527344,63.32387018173925,59.99141648244279,62.77088526518711,536212800
2009-02-11,60.82816696166992,61.15559464207204,59.955037583040024,60.71902440153588,324442500
2009-02-12,60.87183380126953,60.988248473585536,58.972771926778016,59.78769128665546,469302200
2009-02-13,60.217010498046875,61.293870284922946,60.202455188069926,60.791823115203044,293998400
2009-02-17,57.641258239746094,60.36251776208626,57.60487552357928,58.3252133348759,478910100
2009-02-18,57.503028869628906,58.16515676614928,56.95732126089338,58.0560141341572,362964800
2009-02-19,56.884559631347656,58.31795246168122,56.76813934709381,58.09238954874556,316867500
2009-02-20,56.331546783447266,57.0009464362545,55.13098955862044,55.82949981945283,477176600
2009-02-23,54.31608963012695,56.950034375293704,54.272429253671184,56.950034375293704,379641400
2009-02-24,56.37521743774414,56.71718942737232,54.35245725475461,54.781749981958086,426260900
2009-02-25,55.9313850402832,57.059177256769516,55.02914460562536,56.12783730597019,461985800
2009-02-26,55.021854400634766,57.968670723814306,54.95636663280118,56.622593720543,363353900
2009-02-27,53.792205810546875,55.07280092414494,53.70489061488443,53.85041594098851,470510900
2009-03-02,51.369239807128906,53.784903605557105,51.20189269752664,52.766248992702096,426452600
2009-03-03,50.983642578125,52.16964511463887,50.670769994094066,52.10416286625383,443761000
2009-03-04,52.19145965576172,53.020934483141296,50.98362457832165,51.82765471213127,462753100
2009-03-05,50.0595817565918,52.19147976993118,49.60118379817196,51.00547164383544,485549400
2009-03-06,50.14686965942383,51.260111844607884,48.82261995104723,50.49612483086521,490470000
2009-03-09,49.55750274658203,50.9326847918646,49.281013027580435,49.44108251675687,379905300
2009-03-10,52.51161193847656,52.65713726802129,50.47430728586374,50.57617224093319,406227900
2009-03-11,52.853580474853516,53.66122787407298,52.26421825696685,53.11552047196376,356648300
2009-03-12,54.93455123901367,55.116453726560074,52.366089003054206,52.839036580919526,409702700
2009-03-13,55.363834381103516,56.011412296359346,54.3742900286132,55.30562980829089,337474700
2009-03-16,55.19646453857422,56.7317212341792,55.16008183819241,55.996833985987934,360644900
2009-03-17,56.884559631347656,57.015529675520895,54.89818155325769,55.34930182790433,356814300
2009-03-18,58.15786361694336,58.863646157748235,56.07689871257528,56.615328522078876,473273200
2009-03-19,57.437530517578125,58.936405219611345,57.25562803233241,58.88547274579148,428520400
2009-03-20,56.2144660949707,57.82666899178149,56.08255863605852,57.71674517752843,371078200
2009-03-23,60.25230026245117,60.303597301714255,57.38697903672762,57.702091018188796,419933300
2009-03-24,59.06510925292969,60.35487005230762,58.999158339399834,59.534112163438806,330271000
2009-03-25,59.688011169433594,60.60403347461801,57.93657696919752,59.52679594012456,441775100
2009-03-26,60.90446853637695,61.0437056634312,59.59272441847062,60.27424498049002,422025200
2009-03-27,59.80525207519531,60.47944300756878,59.58540453200796,60.12769364761535,322332300
2009-03-30,57.73873519897461,58.5301800398565,57.130494871762146,58.478882999667384,324108500
2009-03-31,58.27366256713867,59.4168620108693,57.92924293553872,58.302975946819515,364238300
2009-04-01,59.40223693847656,59.66605191748198,57.40164653713733,57.548207929492015,377018300
2009-04-02,61.138999938964844,62.00372531739259,59.45351646867033,60.88251478243057,476230700
2009-04-03,61.74721145629883,61.761865348021274,60.5820285854798,61.182938783280996,284646300
2009-04-06,61.26355743408203,61.76187368422198,60.30356805448582,61.073023270246246,264866600
2009-04-07,59.83454895019531,60.56736643742133,59.731954949259965,60.274238324340175,258947800
2009-04-08,60.47943878173828,60.779896697036996,59.75395088543989,60.135013597256304,230402800
2009-04-09,62.883094787597656,62.89042453120042,61.79852755454851,62.04768292748058,269653500
2009-04-13,62.897743225097656,63.418043110365254,61.98172111914303,62.23087644830418,224847500
2009-04-14,61.813175201416016,62.84645089764908,61.61531687179461,62.31149148785605,276598800
2009-04-15,62.47273254394531,62.59731025821488,61.27091150885158,61.439456512638074,250726100
2009-04-16,63.388763427734375,63.86509629422691,62.12098569915807,62.97105734901653,335202900
2009-04-17,63.81378173828125,64.23148770235517,63.124931148386594,63.63057726998643,262649000
2009-04-20,61.138999938964844,63.79180285030081,61.07304341816626,62.68524621387342,293690100
2009-04-21,62.33349609375,62.38479312912651,60.6406883353676,60.691985370744106,114090900
2009-04-22,61.95241928100586,63.2714880047165,61.607994010456366,61.76921482568858,340395200
2009-04-23,62.56062698364258,62.59726450113972,61.28552061014906,62.07696478867192,324903700
2009-04-24,63.50595474243164,63.98228155097806,62.7951210126956,63.04427623003048,287703000
2009-04-27,62.90510177612305,63.76250318529266,62.685259705046406,62.787853789740495,289581600
2009-04-28,62.70722579956055,63.45469757751624,62.113645105567585,62.267536189530325,247926300
2009-04-29,64.04093933105469,64.75177340543341,63.24217070954816,63.40338590960094,311505700
2009-04-30,64.06291961669922,65.23542677503124,63.69651078028576,64.89100716520493,301419800
2009-05-01,64.40735626220703,64.64185773554267,63.54996077447574,64.07759048721996,236110300
2009-05-04,66.59848022460938,66.6424530948381,64.76643570883711,64.8910189850363,287120000
2009-05-05,66.37133026123047,66.63514520530022,65.83637062715623,66.37133026123047,243036300
2009-05-06,67.5218276977539,67.56579497407786,66.40061742384692,67.18473220037346,291941000
2009-05-07,66.58382415771484,68.26197755036524,66.15878850208337,68.1593835081033,317728000
2009-05-08,68.13739776611328,68.31327246299738,67.00885774510843,67.44121753973093,299081700
2009-05-11,66.86228942871094,67.49984287903648,66.71572811622391,67.19938492019567,247923600
2009-05-12,66.6644287109375,67.29465239578776,65.84367085391133,67.14808549759266,282431300
2009-05-13,64.98631286621094,65.96096233405164,64.85440537739822,65.76309830535321,269619100
2009-05-14,65.54322814941406,66.04154449475412,64.8543776038379,65.01559842011797,260098700
2009-05-15,65.0082778930664,65.95361369358938,64.59790164141256,65.4919404104788,271502700
2009-05-18,66.85492706298828,66.9355318251141,64.90563029357094,65.62379373255429,241447400
2009-05-19,66.77435302734375,67.39724697458733,66.54717573104132,66.81832030168043,206102200
2009-05-20,66.32734680175781,68.00550039048395,66.25406613314514,67.38260072988473,285722200
2009-05-21,65.37467193603516,65.80703732330193,64.67849729788993,65.55787637670029,258988400
2009-05-22,65.23543548583984,65.95359936112602,64.98628012746775,65.55787709404457,166811900
2009-05-26,66.90624237060547,67.09677090190826,64.72244368276547,64.75175705472452,236318500
2009-05-27,65.71174621582031,67.23600801175779,65.6091522094547,67.00883636779882,246015800
2009-05-28,66.62777709960938,66.9355591601714,65.29404924621922,66.29068166314316,289095000
2009-05-29,67.80763244628906,68.66502795962852,66.45192058835843,66.99420421333943,258641500
2009-06-01,69.44915771484375,69.74228602592272,68.46718430233031,68.6430590525947,276246800
2009-06-02,69.5077896118164,69.88885812155732,69.05344600760876,69.17802373192647,230874500
2009-06-03,68.62837219238281,68.98012152397467,67.97616494872454,68.91417062090926,235310500
2009-06-04,69.27326202392578,69.37585606314659,68.37189930920644,68.88486950531046,210102300
2009-06-05,69.28793334960938,70.10868580362141,68.73831993517341,69.97677836051851,284257900
2009-06-08,69.00212860107422,69.69097354988635,68.18137063009392,68.76762153140305,238565100
2009-06-09,69.35388946533203,69.72029843570718,68.89954032932225,69.39053259875243,225125500
2009-06-10,69.17798614501953,69.9767546867769,68.29127747395889,69.96943053588446,296100400
2009-06-11,69.48579406738281,70.43112984307952,69.29525984513712,69.30991933428669,275414200
2009-06-12,69.67631530761719,69.72028258496005,68.88487076971025,69.17799899755977,184361800
2009-06-15,68.07877349853516,68.89952584137805,67.71236460520714,68.8555585632846,224190500
2009-06-16,67.15543365478516,68.36458433941482,67.1114663687482,68.32061705337786,227319000
2009-06-17,67.0895004272461,67.6610976603702,66.56187049175968,67.12613797829134,223445200
2009-06-18,67.58049774169922,67.91026370723714,66.86966316744791,67.19210497621165,211725100
2009-06-19,67.8295669555664,68.31595596736712,67.44634591835192,68.2275246684248,215655600
2009-06-22,65.79556274414062,67.20315422610867,65.77345491940426,67.1663041031885,251913600
2009-06-23,65.84712982177734,66.23771626857905,65.47865119309081,65.93556671677568,188309800
2009-06-24,66.41460418701172,67.12208262988786,66.03138318303368,66.44408315828224,211577700
2009-06-25,67.85905456542969,67.92537804807702,66.00928948577301,66.08298411845007,279411000
2009-06-26,67.6821517944336,67.9769358217863,67.26208638278074,67.6305650113372,167579000
2009-06-29,68.31590270996094,68.40433956249939,67.50525124056423,67.88110083568392,168481300
2009-06-30,67.76321411132812,68.58123707510589,67.2620829769646,68.33067431919282,228888200
2009-07-01,68.04325866699219,68.70652126215731,67.95482178012446,68.05062419066164,173041100
2009-07-02,66.18611145019531,68.06535419343076,66.14926697088913,67.15889453994944,212309900
2009-07-06,66.17875671386719,66.27455912272079,65.3386259822678,65.54497309212911,174499600
2009-07-07,64.89643859863281,66.19348463240478,64.85222297309005,66.11241890388551,197088900
2009-07-08,64.85224914550781,65.44181729584605,64.11529176885432,65.28705129891486,248050500
2009-07-09,64.97753143310547,65.5155127992901,64.78592656079962,65.30179448245174,163777600
2009-07-10,64.8227767944336,65.21336334433441,64.37323229897136,64.63116628262858,173520300
2009-07-13,66.39984893798828,66.45143572201435,64.55008461498886,65.08069474927856,217413500
2009-07-14,66.77570343017578,66.83466136537491,66.12718301059977,66.6062007721128,181487400
2009-07-15,68.72865295410156,68.91289231550996,66.82730139495746,67.66006128440937,220877900
2009-07-16,68.61810302734375,69.6498444977709,68.4043847095558,68.53703726464698,231174500
2009-07-17,69.36979675292969,69.5098204555484,68.93499459380226,69.3182099607868,138561700
2009-07-20,70.10671997070312,70.22463579386779,69.41398418848642,69.77509155749036,164179400
2009-07-21,70.4310302734375,70.67422760552414,69.58352799717598,70.65211977943258,217718300
2009-07-22,70.4162826538086,70.84371367774638,69.92988806522372,69.98147485893375,196068100
2009-07-23,71.97125244140625,72.28077315724275,70.40152979780774,70.46048773107316,258795500
2009-07-24,72.26605224609375,72.32501019680475,71.25642404723104,71.63226833229952,154003100
2009-07-27,72.47975158691406,72.51660170207647,71.73542311643118,72.13338074552485,159259400
2009-07-28,72.14079284667969,72.49453503642496,71.52911657198545,71.97129571480238,186685200
2009-07-29,71.96388244628906,72.28813983936445,71.47012239799626,71.80912208589302,194399300
2009-07-30,72.71556091308594,73.5704339091013,72.66397413729445,72.8334767563447,225575400
2009-07-31,72.81875610351562,73.30515066768986,72.5018642087611,72.70084584775549,207358000
2009-08-03,74.01998138427734,74.08630483204112,73.1872161676624,73.58517372185645,175776900
2009-08-04,74.21162414550781,74.31479775424715,73.53362453878074,73.68838495188974,176714600
2009-08-05,73.99789428710938,74.32952286385559,73.38621830351742,74.26319377498312,184726400
2009-08-06,73.61466217041016,74.447421871803,73.26829134957575,74.33688277795189,193203800
2009-08-07,74.580078125,75.19175404664662,73.9831444982937,74.38847327108076,220640900
2009-08-10,74.42532348632812,74.5948261559471,73.89471327843738,74.24108414317375,130898700
2009-08-11,73.49677276611328,74.14529333156223,73.29779109569341,74.09370653229401,157301000
2009-08-12,74.2853012084961,74.84538473178846,73.33462557686957,73.371470069894,219052400
2009-08-13,74.85277557373047,74.88225454942908,73.88736301539461,74.62432054024084,176449500
2009-08-14,74.2779312133789,74.87486486149601,73.47464478646269,74.81590692469625,199616100
2009-08-17,72.45026397705078,72.92191615767,72.30287477905884,72.84822155867403,237667500
2009-08-18,73.02510833740234,73.28304793345224,72.47976141875932,72.6124139797848,173461500
2009-08-19,73.66627502441406,73.91684351173721,72.37659932940147,72.45029395889424,192812800
2009-08-20,74.42532348632812,74.5948261559471,73.59993482742122,73.76206072646468,174131300
2009-08-21,75.88449096679688,76.00240120623884,74.88959977712838,75.03698898206528,224605000
2009-08-24,75.87708282470703,76.60666859173772,75.6044067437298,76.19397452109976,191279000
2009-08-25,76.02450561523438,76.83515739115404,75.86237413554302,76.17926594879327,215310600
2009-08-26,76.03191375732422,76.37828472671998,75.53078236762103,75.78871640146673,194620700
2009-08-27,76.20137786865234,76.43720395475786,75.12542099938727,75.98765959959773,196230100
2009-08-28,76.18663787841797,76.9014873048711,75.66339890976015,76.81305603399447,147024400
2009-08-31,75.50865173339844,75.5970886422378,75.01489164309045,75.44232826867284,176051600
2009-09-01,73.84309387207031,76.08344397000914,73.68833356688015,75.13276870452438,321276800
2009-09-02,73.56305694580078,74.01997236848969,73.37881767218151,73.53357798731733,171805000
2009-09-03,74.17475891113281,74.26319019531523,73.39358029144482,73.99051957236823,143572300
2009-09-04,75.21385955810547,75.23596737729932,74.10105809340364,74.32214190788004,142687900
2009-09-08,75.86238098144531,75.94344672860645,75.45705224563963,75.90659661715588,132909100
2009-09-09,76.444580078125,76.70251399807395,75.75920959223907,75.99503569369779,154612500
2009-09-10,77.22575378417969,77.27734056870334,76.06873108340245,76.49616765376291,162902400
2009-09-11,77.21099853515625,77.60159054962878,76.8498911040791,77.37313000860959,152360100
2009-09-14,77.58687591552734,77.71952847540919,76.01715864237468,76.5551344078396,149593800
2009-09-15,77.91114807128906,78.19856104748814,77.20366954352677,77.71216639697307,196795900
2009-09-16,79.09024047851562,79.10497714748118,77.91848131823495,78.1911518631236,206406300
2009-09-17,78.97235870361328,79.63561587415552,78.5375509082728,78.97972422948058,229170900
2009-09-18,79.02268981933594,79.3484973160496,78.7561210764463,79.34109105949197,153799100
2009-09-21,78.82275390625,79.23001324339654,78.23778962099301,78.40809396247754,151892000
2009-09-22,79.2818603515625,79.50400287628743,78.93383969917568,79.28926660887174,143126700
2009-09-23,78.6228256225586,79.99268912806596,78.48213501438748,79.46695797294984,225947400
2009-09-24,77.75648498535156,78.9634448404436,77.41587065169341,78.79314049827354,228636800
2009-09-25,77.34184265136719,78.01567091468353,77.07527384932114,77.58619832812936,204059000
2009-09-28,78.72647094726562,78.89678088565333,77.62317642252674,77.63798328053961,118285800
2009-09-29,78.48955535888672,79.24482972663992,78.32665160425087,78.86719536742268,133733900
2009-09-30,78.18595123291016,78.83015991437547,77.46770258951027,78.75611430312289,254383000
2009-10-01,76.24594116210938,78.2896330917159,76.23112864814448,76.2681542837379,281840600
2009-10-02,75.89051055908203,76.34219617451609,75.52027681851763,75.54248993906053,224748800
2009-10-05,77.02342987060547,77.24557238900341,75.97196733540227,76.1941098538002,149875000
2009-10-06,78.12673950195312,78.57101894030157,77.53436315127549,77.57878940031446,202491100
2009-10-07,78.34144592285156,78.422897781252,77.80090228522297,77.94899349177791,159200300
2009-10-08,78.94123077392578,79.35589071438818,78.37847396235682,78.8968045372528,183305800
2009-10-09,79.42253875732422,79.42253875732422,78.75611693514318,78.96344691330657,135008300
2009-10-12,79.73355102539062,80.03713980234112,79.43736285689592,79.79278978895346,118031000
2009-10-13,79.57062530517578,79.75574215326598,79.05230039025035,79.51879281368323,157692700
2009-10-14,80.9405288696289,81.0219807750053,79.54104525808259,80.50365560381063,191421600
2009-10-15,81.2366943359375,81.2366943359375,80.51103929963294,80.5480592875886,173873600
2009-10-16,80.6294937133789,80.91086928806257,80.14078817321068,80.5628543598951,192069400
2009-10-19,81.2958984375,81.54765458581758,80.511004975902,80.7627611242196,159530400
2009-10-20,80.8664779663086,81.44404187646822,80.47403098372936,81.41442249013693,180921100
2009-10-21,80.14078521728516,81.680953039499,80.08154647238372,80.74056197378869,225379300
2009-10-22,80.95530700683594,81.21446948236742,79.600250228505,80.11117457263725,238444000
2009-10-23,80.02973175048828,81.27371742301003,79.69651797342846,81.22188492204324,240033200
2009-10-26,79.16341400146484,80.94053217488529,78.94127140512684,80.11861247748394,242028200
2009-10-27,78.80056762695312,79.51882216656416,78.60805010138395,79.25225335496997,253266300
2009-10-28,77.31220245361328,78.84496971605947,77.2677705689346,78.60061412293902,248821400
2009-10-29,78.97088623046875,79.12638377919001,77.70468706289229,77.88980399936816,198110600
2009-10-30,76.68284606933594,78.948681453014,76.59399354599405,78.71173197523368,325608100
2009-11-02,77.24556732177734,78.05267981297982,76.32738922798062,77.10487669273321,254222900
2009-11-03,77.48994445800781,77.60101574075499,76.6680248747269,76.81611615217639,228362600
2009-11-04,77.68985748291016,78.7339194870218,77.48993372112247,78.12673629469708,247996700
2009-11-05,79.11895751953125,79.14117064240183,78.07490119937985,78.23780496618966,180015300
2009-11-06,79.32628631591797,79.52621571732635,78.52658565824161,78.68208316527088,170954100
2009-11-09,81.13302612304688,81.17745236656484,79.87423359594104,79.93346670419204,159495700
2009-11-10,81.1478042602539,81.39956606613899,80.68871817490792,80.94047433147612,171899800
2009-11-11,81.5625,82.05861189194367,81.17005311087085,81.6809718677942,169466200
2009-11-12,80.73319244384766,81.87351338000252,80.52586239169591,81.45144701688781,157144500
2009-11-13,81.1700439453125,81.51805890156758,80.52583522972014,80.9404951941557,150963000
2009-11-16,82.347412109375,82.70283909051605,81.68839630935864,81.73282256350619,210922200
2009-11-17,82.44364166259766,82.48066729414741,81.82165172765293,82.1326466951253,147134100
2009-11-18,82.39179229736328,82.5102697746083,81.87346745770893,82.38439169202326,156486800
2009-11-19,81.31814575195312,82.42144081471773,80.80722133695224,81.82907016695403,208734600
2009-11-20,81.02937316894531,81.27372884326125,80.71837811944485,80.89608876925658,134196000
2009-11-23,82.05860137939453,82.7398300675659,81.89569763889307,81.9845557653443,148010200
2009-11-24,82.18445587158203,82.33995331119905,81.45880115336922,82.19186212565425,138420100
2009-11-25,82.47328186035156,82.56214000891443,82.05862179903077,82.31778433735627,109564800
2009-11-27,81.13302612304688,81.68837676429689,80.18522859920452,80.26668047853337,126001800
2009-11-30,81.40699005126953,81.59950751317025,80.05933957137408,81.06637571561663,160874800
2009-12-01,82.41407012939453,82.68063899493482,81.99200370050924,82.13268874392361,159613700
2009-12-02,82.37702941894531,82.93978643768436,82.1326737286523,82.39924254545922,132315100
2009-12-03,81.7327880859375,83.06563164132912,81.66614873282684,82.59913922160096,167324900
2009-12-04,82.19930267333984,83.21373958111052,81.48104826022636,82.81388643414056,274907800
2009-12-07,82.07343292236328,82.58435741678844,81.81427037059687,82.12527108203649,127973800
2009-12-08,81.16264343261719,82.02158279820638,80.9108815440233,81.48104468478908,169863700
2009-12-09,81.46623229980469,81.58470981211103,80.72576479584627,81.14043043959971,155063400
2009-12-10,81.92533111572266,82.28075803338696,81.78464047028815,81.969757361936,138014600
2009-12-11,82.27335357666016,82.45847047235972,81.90311978526103,82.27335357666016,124854000
2009-12-14,82.83610534667969,82.93236409267529,82.28815530212913,82.83610534667969,107141500
2009-12-15,82.45108795166016,82.87315436939159,82.19192535293402,82.5325398611628,120408800
2009-12-16,82.57694244384766,83.02862812182462,82.39182554793314,82.78427811270015,155358200
2009-12-17,81.58468627929688,82.1400367470768,81.51064068012298,81.98453929401649,183390100
2009-12-18,82.0462646484375,82.11326845372406,81.35392228571689,82.03881851902064,174591200
2009-12-21,82.88007354736328,83.15551792013173,82.45573495172852,82.45573495172852,118039600
2009-12-22,83.17786407470703,83.35653147908425,82.95452555943471,83.05874868529929,91707500
2009-12-23,83.34159851074219,83.4607138419729,83.0065965811861,83.37882347168468,111783100
2009-12-24,83.73617553710938,83.82550636833743,83.37883517299998,83.52028322875427,39677500
2009-12-28,83.91487121582031,84.1158713336899,83.61708842512873,84.0488731876448,87508500
2009-12-29,83.79572296142578,84.14561717727337,83.78828251238416,84.13073059945803,80572500
2009-12-30,83.76594543457031,83.86272807094423,83.5053877207409,83.55005881434893,73138400
2009-12-31,82.96199035644531,83.97444867526194,82.92476536894672,83.95211027492138,90637900
2010-01-04,84.36898040771484,84.41364583402492,83.01407423888254,83.65430518808466,118944600
2010-01-05,84.5923080444336,84.62953301723743,84.01163481898759,84.31686369272549,111579900
2010-01-06,84.65185546875,84.86030165982645,84.44340927767354,84.5104074049198,116074400
2010-01-07,85.00921630859375,85.11343942921066,84.25731607008544,84.4955411571718,131091100
2010-01-08,85.29209899902344,85.32932397285725,84.61464877716978,84.78587002544477,126402800
2010-01-11,85.41121673583984,85.70899381581911,85.0464301573179,85.67177452068857,106375700
2010-01-12,84.6146469116211,85.02409321609795,84.28708532425284,84.84542584104865,163333500
2010-01-13,85.3293228149414,85.56754787693785,84.39875527905939,84.83053429911118,161822000
2010-01-14,85.5600814819336,85.71641610936683,85.18040842689163,85.23251996936938,115718800
2010-01-15,84.59976959228516,85.49311230504463,84.27220794706393,85.41122757347378,212283100
2010-01-19,85.65689849853516,85.70901006538473,84.56254991495929,84.58488831195322,139172700
2010-01-20,84.78585815429688,85.20275054014404,84.10840802729524,85.07619473440226,216490200
2010-01-21,83.155517578125,85.06876431615093,83.05129446241415,84.80820652687382,344859600
2010-01-22,81.30183410644531,83.18530212922958,81.21249756696432,82.78329622116641,345942400
2010-01-25,81.71870422363281,82.19515995734558,81.45070603803507,82.04626576564388,186937500
2010-01-26,81.37628173828125,82.23985128300338,81.17528161582874,81.39861445413882,211168800
2010-01-27,81.76339721679688,81.94951074646468,80.64671603879003,81.27205477220146,271863600
2010-01-28,80.82536315917969,82.07604599196078,80.3340265175868,82.03138057356128,316104000
2010-01-29,79.94689178466797,81.74102813880118,79.82033600392948,81.17524166998041,310677600
2010-02-01,81.19017791748047,81.1976240502357,80.0288311160099,80.51272750986767,187865000
2010-02-02,82.1728286743164,82.32916332932203,81.05614769879068,81.33904384761975,216327900
2010-02-03,81.76339721679688,82.24729352988001,81.52517212601144,81.80061651488992,172730700
2010-02-04,79.23966217041016,81.16779473457493,79.22476991415864,81.13057545340932,356715700
2010-02-05,79.40345764160156,79.56723273263037,77.85499212860742,79.32900770599534,493585800
2010-02-08,78.83021545410156,79.90223078477294,78.77065778467937,79.46300007244932,224166900
2010-02-09,79.8203353881836,80.51267763240202,79.11310088768043,79.75333159436549,337820500
2010-02-10,79.66403198242188,80.1032571594422,78.9940221804356,79.69381082692502,240511500
2010-02-11,80.49777221679688,80.58710870070625,79.09820138060083,79.55976469453655,223591600
2010-02-12,80.43082427978516,80.47548970973313,79.29181037823838,79.6491451772905,304622100
2010-02-16,81.69638061523438,81.77827100985918,80.26703029407408,81.04126313796924,159317500
2010-02-17,82.08350372314453,82.19517296465919,81.69638444319149,82.09094417410756,168845100
2010-02-18,82.5673828125,82.73860402477956,81.9197058901927,81.94948472705272,193708600
2010-02-19,82.7386474609375,83.05876302557145,82.15797403665623,82.35153373799511,222684900
2010-02-22,82.7535171508789,83.06618649715566,82.50784594463268,83.04385378381215,132346900
2010-02-23,81.74848175048828,82.78327222735021,81.53258943578385,82.53016062511696,207497000
2010-02-24,82.5003662109375,82.63436811615296,81.78569127636558,81.99413742231596,176350700
2010-02-25,82.38871765136719,82.4482753307691,81.10081549276497,81.32414827092279,259634700
2010-02-26,82.44082641601562,82.7237225437519,81.97182248596779,82.46315912510372,173589300
2010-03-01,83.29696655273438,83.37885695590907,82.76095870640324,82.78329142004473,147709700
2010-03-02,83.5277328491211,83.92973867298271,83.37884432757221,83.65429434014398,160992400
2010-03-03,83.60218811035156,84.10097093699085,83.3937362152903,83.74363051090495,150785000
2010-03-04,83.85530853271484,83.97442391379836,83.40119108186838,83.71386043761166,135770400
2010-03-05,85.05387878417969,85.120876925221,84.19775545478166,84.39876123737336,176118800
2010-03-08,85.06876373291016,85.25487724965119,84.91987519141084,85.06132328164884,114631200
2010-03-09,85.21018981933594,85.60474946418246,84.77096475952033,84.81563017448941,154556700
2010-03-10,85.58988952636719,85.82066848184922,85.17299704427471,85.24744131897207,186088800
2010-03-11,85.94722747802734,85.96956587301887,85.12832906676837,85.38888687765973,160791100
2010-03-12,85.95466613769531,86.33433930326609,85.71644106276996,86.31944704123299,162074800
2010-03-15,85.97698974609375,86.03654742845141,85.31442614913105,85.80576850898197,146816800
2010-03-16,86.66190338134766,86.74378810592847,85.97700130164813,86.21522638336371,168673000
2010-03-17,87.17555236816406,87.45844849107989,86.66932347844022,86.92244076316845,177468100
2010-03-18,87.13089752197266,87.30211876265909,86.78100323048301,87.18300907519026,196509100
2010-03-19,86.68985748291016,87.67658322419926,86.35347020782733,86.68985748291016,226641100
2010-03-22,87.15332794189453,87.31031211359502,86.14417738497067,86.19650354116308,184477800
2010-03-23,87.76630401611328,87.84105485681778,86.99635381779872,87.28041499684876,182941600
2010-03-24,87.34021759033203,87.78125727277795,86.39834667421677,87.43739882200387,196072600
2010-03-25,87.19820404052734,88.33443186469601,87.09355170289831,87.9307704039306,223396300
2010-03-26,87.14584350585938,87.77375728401658,86.80198514594628,87.36262489206767,205808500
2010-03-29,87.69902801513672,87.85600649826173,87.22809256576167,87.58689889772633,134513500
2010-03-30,87.75880432128906,88.08023798525454,87.39252130522861,87.80365367338403,145772500
2010-03-31,87.45977783203125,87.84848544635595,87.1682456955075,87.42239957735038,161078700
2010-04-01,88.05780792236328,88.39418944874193,87.53454079973659,88.05780792236328,161215200
2010-04-05,88.77544403076172,88.83524127431616,88.14752449689543,88.39420737459729,105847600
2010-04-06,88.98477935791016,89.14175786978386,88.42413937130775,88.52131491586054,110384200
2010-04-07,88.4764404296875,89.2239601996557,88.06530227495568,88.80535095347295,184576300
2010-04-08,88.78292083740234,88.93242821372066,87.90832407265249,88.16995485230544,158704000
2010-04-09,89.3659896850586,89.40336225122476,88.80534986445754,88.96979942121038,133006500
2010-04-12,89.5080337524414,89.73976880609872,89.37347993852323,89.47813227122354,110279000
2010-04-13,89.5752944946289,89.73227296035373,88.95485172310475,89.4183160289041,125043600
2010-04-14,90.59190368652344,90.59190368652344,89.76215646019122,89.90418130847874,161609000
2010-04-15,90.66663360595703,90.87593813675925,90.41247403061095,90.44237549259995,144615300
2010-04-16,89.22396850585938,90.66668202433073,88.76798094747927,90.34524826519596,366786700
2010-04-19,89.56034851074219,89.65005294296937,88.55867468159525,88.96233607193203,217947800
2010-04-20,90.36017608642578,90.43493261627947,89.60518532238159,90.12097001901249,157708000
2010-04-21,90.19571685791016,90.62180279793242,89.69487439606631,90.41249252120267,192910100
2010-04-22,90.46484375,90.57697286070325,89.04456069150382,89.56034547574119,115360300
2010-04-23,91.05536651611328,91.09274477976969,90.17329310317177,90.40502807222134,177335500
2010-04-26,90.71149444580078,91.28708768158874,90.6217957515845,91.08525421335919,143457300
2010-04-27,88.5661392211914,90.70404038042739,88.39420717566172,90.18825565008409,355853300
2010-04-28,89.23889923095703,89.4631574209448,88.40915191237409,88.99222206571771,300674100
2010-04-29,90.34523010253906,90.53211002485887,89.75468886363375,89.7771135418125,193775000
2010-04-30,88.81281280517578,90.45735954988739,88.79038812690943,90.36017833990302,270000900
2010-05-03,89.9639892578125,90.21067211249029,89.10434051471024,89.23889428061426,182747900
2010-05-04,87.84850311279297,88.97725933432228,87.39999248203124,88.96231145131647,360353400
2010-05-05,87.32525634765625,88.05782820683578,86.68986570528638,87.13089961715995,328973200
2010-05-06,84.42486572265625,87.45979348349472,78.48955825441834,86.90663057457583,647356600
2010-05-07,83.1690902709961,85.04536166871848,81.78617918757737,84.2006659849954,637558800
2010-05-10,86.83190155029297,87.19818465054539,85.89750181272417,86.570265061275,396159600
2010-05-11,86.58519744873047,87.7289015349564,85.89748077903045,86.01708095052862,317849800
2010-05-12,87.79617309570312,87.92325575969754,86.77954600247888,86.92905334155412,235607100
2010-05-13,86.70480346679688,87.96811351282892,86.63005264167975,87.55697542000122,234452500
2010-05-14,85.135009765625,86.21143985227567,84.37254225632887,86.05446141515948,345601400
2010-05-17,85.17988586425781,85.60597195682561,83.55029233944829,85.36676582947393,325739800
2010-05-18,84.02120971679688,86.12921489956882,83.74462539344877,85.8750552531988,360556800
2010-05-19,83.5428237915039,84.29781476772212,82.49629481379533,83.55029488409086,394742700
2010-05-20,80.38826751708984,82.14493763420087,80.33594136732475,81.76370099841373,530418300
2010-05-21,81.56190490722656,81.76373279104901,78.75870500170771,79.1698432691004,500909400
2010-05-24,80.51537322998047,81.77120697566295,80.44062237551269,81.12086256523152,269823000
2010-05-25,80.5975570678711,80.63493532634841,78.02608800953678,78.57177978644945,396505200
2010-05-26,80.11168670654297,81.83098433698659,79.87248062521473,81.09094141399031,349719300
2010-05-27,82.79534149169922,82.82524298499274,81.31524894086671,81.62173496978029,300870500
2010-05-28,81.75624084472656,82.76539141269349,81.36752736322369,82.70558846121253,297933500
2010-06-01,80.38078308105469,82.18977917593789,80.26118290858675,80.99374893564826,277909400
2010-06-02,82.47384643554688,82.48131752598744,80.36584119744892,80.79192718058182,240243700
2010-06-03,82.7579345703125,83.01956541721479,81.91323906370661,82.71308519745061,226618300
2010-06-04,79.85005950927734,81.72633567964816,79.5809519428846,81.18812054686265,398475600
2010-06-07,78.85585021972656,80.4405940099935,78.79605297911323,80.13410820068873,264609100
2010-06-08,79.7005386352539,79.85751706063589,78.22792416932359,78.91564080522228,357774300
2010-06-09,79.27447509765625,80.94144101640683,78.93808777415676,80.16401975938646,268023300
2010-06-10,81.591796875,81.68897240726669,79.26700956823329,80.6274955355876,317890600
2010-06-11,81.98794555664062,82.04027169770792,80.82181686821427,80.87414300928157,214128200
2010-06-14,81.86087799072266,83.06438507645008,81.77865037345266,82.61586872656927,207196100
2010-06-15,83.72222900390625,83.79697985346345,82.29446325392928,82.43649386027495,238268700
2010-06-16,83.69231414794922,84.03617256345713,83.12419751648584,83.2886527811034,216374000
2010-06-17,83.82687377929688,83.96890437284253,83.01207989724263,83.93152609987038,263185800
2010-06-18,83.9177474975586,84.21817339747116,83.64735960343191,83.99285397253674,174006600
2010-06-21,83.67739868164062,85.02181998060641,83.21172939428648,84.96173824212234,213140700
2010-06-22,82.29541015625,84.04541888934774,82.17524095690425,83.67739319539034,239355400
2010-06-23,82.04005432128906,82.64091183195855,81.47674718176712,82.34799257782765,254639900
2010-06-24,80.68060302734375,81.73962320672256,80.47030261079503,81.63447299844819,268523600
2010-06-25,81.01860046386719,81.43168898010734,80.19241197087234,80.92095688000929,238726500
2010-06-28,80.76322174072266,81.35657261806305,80.47030248523589,81.13875983547557,169218600
2010-06-29,78.2696304321289,80.7481835609569,77.77392324451644,79.62907617859085,373649500
2010-06-30,77.52607727050781,78.77286063786913,77.27070841245416,78.05182825730066,284101700
2010-07-01,77.18059539794922,77.72887783973754,75.9563374693609,77.47351467074175,382924800
2010-07-02,76.76000213623047,77.6763162174804,76.32438219995022,77.44348437823942,233385200
2010-07-06,77.2632064819336,78.38982071959823,76.51963695929037,77.841532602622,256935300
2010-07-07,79.69669342041016,79.79433126030794,77.37586505897339,77.45848389667785,253769400
2010-07-08,80.48532104492188,80.57544651338594,79.54647588004694,80.36514611329494,210842100
2010-07-09,81.08621215820312,81.09372452711102,80.3126043381863,80.46281733479323,144999900
2010-07-12,81.13876342773438,81.29648874688279,80.47781841459955,80.81580042273805,131283600
2010-07-13,82.363037109375,82.68599444595557,81.8147488404602,81.97998655794844,213025900
2010-07-14,82.35551452636719,82.67847755314733,81.76216358273587,82.10014561367122,184426800
2010-07-15,82.3780288696289,82.66343573163971,81.24390232672694,82.32545377056753,232337900
2010-07-16,80.10977935791016,82.0250199695301,79.95204833471541,81.93488877488394,282693400
2010-07-19,80.58294677734375,80.83830987331672,79.77929566611223,80.40269013723017,186709000
2010-07-20,81.47672271728516,81.53680443913217,79.47885791180995,79.51641400193732,258162400
2010-07-21,80.41771697998047,81.91986916470431,80.08724166565935,81.89733779877439,264527000
2010-07-22,82.2127914428711,82.57331050193855,81.36407748979883,81.37158412521771,274781300
2010-07-23,82.92633819580078,83.04650742575119,81.81474273490764,82.04757455748859,222020800
2010-07-26,83.79002380371094,83.87264260938937,82.83615995213388,83.06899164254352,184445700
2010-07-27,83.78253936767578,84.33833406473643,83.45206405740718,84.24820287186616,204855600
2010-07-28,83.24176788330078,83.8651624391241,82.9638676555798,83.60979357819693,163056200
2010-07-29,82.83621978759766,83.98536580359654,82.17527459500087,83.7600405834853,220149100
2010-07-30,82.82117462158203,83.26431258376155,81.85229131275868,81.99499190205636,220070600
2010-08-02,84.69134521484375,84.8265391461635,83.77503142814952,84.11301339132085,188263200
2010-08-03,84.2857894897461,84.69887804691395,84.00788917545447,84.48107094655259,146657300
2010-08-04,84.84906768798828,84.95421788326313,84.24069788243294,84.51859237126395,158171700
2010-08-05,84.75896453857422,84.80403301592999,84.18063827320476,84.30831987682093,140473800
2010-08-06,84.4134521484375,84.54864609122757,83.30936923736137,83.92525148112578,239728300
2010-08-09,84.86409759521484,85.00680390582359,84.36087792026144,84.81152249082055,120800400
2010-08-10,84.40595245361328,84.85660281740546,83.64736951709509,84.1430768949061,242916300
2010-08-11,82.09262084960938,83.13661618071255,81.95742692103636,83.10657244877899,273406900
2010-08-12,81.58940124511719,81.88232048926618,80.81579371671059,80.85334981683485,239542600
2010-08-13,81.34903717041016,81.83723770112239,81.25139935636969,81.33401817219429,158698500
2010-08-16,81.31153869628906,81.57441430972503,80.5003747488936,80.79329410818775,147895300
2010-08-17,82.31040954589844,82.9112725902326,81.77714631592285,82.00998375398603,172270300
2010-08-18,82.46062469482422,82.90375673038683,81.79967995813178,82.27285571766966,182922100
2010-08-19,81.02609252929688,82.23532558220592,80.6881105558591,82.0325375441945,265847600
2010-08-20,80.76322174072266,81.0711657289432,80.17738322974914,80.78575310956677,209714200
2010-08-23,80.45529174804688,81.54435004260824,80.41773564261075,81.14628053811695,163490300
2010-08-24,79.26107025146484,79.90699624011131,78.84046941430216,79.57652087933684,280677800
2010-08-25,79.56902313232422,79.86944906085633,78.32974612122878,78.82545348751259,272234800
2010-08-26,79.03575134277344,80.04970307051258,78.77287008758539,79.94455286054003,224439500
2010-08-27,80.26001739501953,80.34263625006214,78.34477045395215,79.53147243523894,272649000
2010-08-30,79.09584045410156,80.29756707477542,79.08833381715883,80.04971052949215,167238600
2010-08-31,79.09584045410156,79.59906591186805,78.47995813962196,78.80292116613305,273933100
2010-09-01,81.46174621582031,81.57440882264568,80.1098121246906,80.16238724384134,256828100
2010-09-02,82.2203140258789,82.23533302883908,81.48425681518202,81.65700686563612,156112200
2010-09-03,83.2868423461914,83.36194882283334,82.5808288591921,83.0239668128162,212197300
2010-09-07,82.34800720214844,83.00144566293149,82.2804130839248,82.8962954366341,141973700
2010-09-08,82.92633819580078,83.25680787585752,82.47568782527863,82.51324393290797,149924400
2010-09-09,83.3093490600586,83.8801684280609,83.08402969681794,83.85763706476236,147017900
2010-09-10,83.72998046875,83.82761831555584,83.27182351097588,83.459592568088,127819000
2010-09-13,84.66131591796875,84.83406024673116,84.21817795020577,84.55616570126371,178503500
2010-09-14,84.60870361328125,85.08939174411103,84.18059056769053,84.49604107912485,209823600
2010-09-15,84.93171691894531,85.0293547837203,84.10553406165367,84.36089727579959,168608400
2010-09-16,84.9091567993164,84.9617318979744,84.38340008248038,84.66881267255752,199962900
2010-09-17,84.94087219238281,85.43923904965337,84.70679393205295,85.35617790677493,195836900
2010-09-20,86.23961639404297,86.42839061934144,84.963500787527,85.23533613283136,214555200
2010-09-21,86.06598663330078,86.71536496479631,85.71109000593364,86.30761752158173,268389100
2010-09-22,85.64311981201172,86.41332215309282,85.40148894756032,85.93006042419003,191322400
2010-09-23,84.94841003417969,85.8318721159113,84.70677923163089,84.9408574513377,202354300
2010-09-24,86.70025634765625,86.76066550354511,85.8167940462849,85.89230261067888,209671800
2010-09-27,86.28494262695312,86.82861345783412,86.20188724645031,86.73045290928815,128761800
2010-09-28,86.5870132446289,86.86640134291461,85.46191978666441,86.39823890385264,209207500
2010-09-29,86.43598937988281,86.76823403740828,86.09619213624941,86.36802762678204,179665800
2010-09-30,86.17925262451172,87.43271690557087,85.77149939191183,86.87394651760889,287106700
2010-10-01,86.54167938232422,86.92678051767813,86.02821312216359,86.82861420735111,174638700
2010-10-04,85.89229583740234,86.72290150210476,85.46189071726985,86.36045811722147,166153200
2010-10-05,87.62149047851562,87.83291679858276,86.58700511426125,86.6851714492461,229634100
2010-10-06,87.61390686035156,87.84043827215073,87.25901033696832,87.60635427704275,148626600
2010-10-07,87.50820922851562,87.99147094903023,86.97964352199469,87.96881895602706,164860000
2010-10-08,87.99899291992188,88.24062369611885,87.29675257645381,87.62899705407418,177760100
2010-10-11,88.08206939697266,88.32370021529943,87.78002943383092,88.13492595845248,103098300
2010-10-12,88.35394287109375,88.61067320581671,87.32701001033065,87.79516668210445,182210000
2010-10-13,89.04106903076172,89.51678399964983,88.6333158121155,88.84474788769631,194347200
2010-10-14,88.69371032714844,89.1090160629894,88.13494005059937,88.95799317680448,217764300
2010-10-15,88.8749008178711,89.36571494396964,88.16511366533962,89.31285839260099,243705000
2010-10-18,89.31289672851562,89.60738417839165,88.5804515159244,88.90514354539471,141204800
2010-10-19,88.14250946044922,88.98821474078315,87.6063853133209,88.4898535235771,280604700
2010-10-20,89.00330352783203,89.43370867474871,88.24820637457934,88.30106294486966,200051800
2010-10-21,89.19963836669922,89.92453105406315,88.50495026142566,89.40351785557547,221585500
2010-10-22,89.36576080322266,89.50167854233749,89.1014779107591,89.33555622109326,108212400
2010-10-25,89.63003540039062,90.4304423504044,89.56207941759006,89.96228001212972,151145700
2010-10-26,89.64512634277344,89.7357343054603,89.00329497636285,89.17696407880169,158982900
2010-10-27,89.38839721679688,89.48656353183817,88.54269210834251,89.01840123184809,190024000
2010-10-28,89.40351867675781,89.93963705168248,88.97311345965294,89.90187988348897,168576000
2010-10-29,89.47145080566406,89.64512566772864,89.1543114167811,89.31288111122258,144305500
2010-11-01,89.50167083740234,90.42289034977166,88.98820450727524,89.90942401964456,174074800
2010-11-02,90.21147155761719,90.422897870973,89.93208349443417,90.17371438983153,158345900
2010-11-03,90.57392120361328,90.62677778556069,89.44127522393858,90.37004746208339,226702800
2010-11-04,92.31818389892578,92.36348788674653,90.58901064557678,91.57818611922552,215039400
2010-11-05,92.66551971435547,92.81653683435057,92.25776657724803,92.37857912105736,180654100
2010-11-08,92.49181365966797,92.64283648968247,92.0765138392249,92.37854797739007,156107100
2010-11-09,91.8273696899414,92.83919715877686,91.45737368009173,92.74103659806329,186621600
2010-11-10,92.19737243652344,92.24268218864643,91.11003632146324,91.80472440404458,221387400
2010-11-11,91.85004425048828,91.98596200844993,91.12515146167144,91.4045395644081,158017600
2010-11-12,90.76268768310547,91.63105067793471,90.34738764970703,91.23085005481437,239068800
2010-11-15,90.63434600830078,91.4045486334808,90.59659459235986,91.04965191020533,163940800
2010-11-16,89.2222671508789,90.22654181482507,88.7918563165594,90.07552471434788,299566200
2010-11-17,89.2676010131836,89.63759706587041,88.9957655325751,89.2600484273514,172308900
2010-11-18,90.58145141601562,90.90614341376,90.1208417038449,90.12839428823912,197723700
2010-11-19,90.83064270019531,90.86839410356019,90.04534092243179,90.53615525365079,156852900
2010-11-22,90.755126953125,90.79287835350347,89.68288463775161,90.37757838373642,181361000
2010-11-23,89.44127655029297,89.87168179851456,89.09393246935409,89.68290746576939,222309000
2010-11-24,90.76268768310547,90.7853454399249,89.99249101835584,90.00759042863392,140046100
2010-11-26,89.7055892944336,90.46823365548117,89.7055892944336,89.97742486739963,76007800
2010-11-29,89.97737884521484,90.21900970193416,88.90513651764722,89.47901196270585,223642300
2010-11-30,89.47145080566406,89.98491704711273,88.95798456421538,89.08635544527768,233930700
2010-12-01,91.3742904663086,91.54795955186489,90.75511115076077,90.76265797296202,221037200
2010-12-02,92.54471588134766,92.61267762862671,91.46492659782173,91.51778317417889,191213600
2010-12-03,92.79389190673828,92.89960505096946,92.20491702861196,92.2275690222423,151288900
2010-12-06,92.69572448730469,92.90715076012019,92.49939762214723,92.59755817425904,103050500
2010-12-07,92.74858856201172,93.63960347022876,92.69573198952996,93.586746897747,206581000
2010-12-08,93.08838653564453,93.1638951072225,92.43145562588795,92.86186082091061,138019200
2010-12-09,93.45079040527344,93.6471114439407,92.99018085290527,93.6093600569348,123705100
2010-12-10,93.9944839477539,94.08509190736287,93.42816115646448,93.73774795335069,117571700
2010-12-13,94.05490112304688,94.53816284825588,94.02469654510455,94.42490288213985,133812700
2010-12-14,94.13796997070312,94.56082833554274,93.85103509818684,94.19837913152801,147249600
2010-12-15,93.7075424194336,94.33427435132788,93.54897273080972,93.96427841120553,160823100
2010-12-16,94.2512435913086,94.31920534315539,93.44328972072638,93.76798178615297,185035200
2010-12-17,94.3521957397461,94.47364366111104,93.98784039318768,94.18519978054148,141075300
2010-12-20,94.57988739013672,94.80761014454625,94.10926885816131,94.61025081014,119085500
2010-12-21,95.17958068847656,95.24030754684773,94.78486769152792,94.8759521878527,94965500
2010-12-22,95.47562408447266,95.50598751594815,95.19477247798099,95.24790703525503,78878100
2010-12-23,95.33898162841797,95.47561416023922,95.10367229798264,95.36934505673734,70053700
2010-12-27,95.37694549560547,95.46802999709968,94.91391330890227,94.98222668502292,58126000
2010-12-28,95.51358032226562,95.60466482593715,95.26308635470409,95.56671487981816,55309100
2010-12-29,95.58185577392578,95.79439391980252,95.5666769597475,95.6274037989209,58033100
2010-12-30,95.43006896972656,95.74128396574463,95.28584413746631,95.49079582449211,76616900
2010-12-31,95.45281219482422,95.54390245034993,95.13400498732913,95.28581628864205,91218900
2011-01-03,96.43961334228516,96.85709736116497,95.41486667951071,96.18152715297224,138725200
2011-01-04,96.38648223876953,96.68251837241031,95.78681766797055,96.65215494957143,137409700
2011-01-05,96.88748168945312,96.94820854606938,95.99178082367469,96.08287110859906,133975300
2011-01-06,96.69769287109375,97.0316847161796,96.40924905384811,96.92541563660328,122519000
2011-01-07,96.5079574584961,96.9861684733121,95.75648135200454,96.82676480170677,156034600
2011-01-10,96.38648223876953,96.52311474592918,95.79440418025722,96.08285380161134,122401700
2011-01-11,96.72806549072266,96.96337479055636,96.36371018950594,96.73565779462308,110287000
2011-01-12,97.6009750366211,97.70724410443596,96.75081670287236,97.32012355363747,107929200
2011-01-13,97.44158935546875,97.68449675956111,97.1986935338389,97.63895451690942,129048400
2011-01-14,98.14753723144531,98.17030835471249,97.23665755336769,97.30497092316922,117677900
2011-01-18,98.31452941894531,98.40561390851994,97.94258178241049,98.05643739437876,114401300
2011-01-19,97.35050964355469,98.32970265596633,97.09242920089899,98.23103165287039,151958400
2011-01-20,97.22145080566406,97.46434659269264,96.50033258276075,97.13036054210552,175745700
2011-01-21,97.44158935546875,98.04884628323714,97.33532026179397,97.82872158293314,151462900
2011-01-24,97.99568176269531,98.1095373277713,97.35805585089487,97.38082696391007,113715500
2011-01-25,98.04884338378906,98.13234135366883,97.24423290083602,97.73762262492242,167552200
2011-01-26,98.42835235595703,98.71680192047172,98.09436056177354,98.29172566695064,141281500
2011-01-27,98.67127990722656,98.83827583853353,98.27656119845902,98.4511436421121,123302700
2011-01-28,96.94819641113281,98.94454958607949,96.78879277589142,98.78514015960704,295637300
2011-01-31,97.67691802978516,97.75282950423004,96.97098996380011,97.21389741605184,149249200
2011-02-01,99.24059295654297,99.41517542112487,98.2082596130997,98.26898646653319,167194300
2011-02-02,99.05079650878906,99.31646338350436,98.92934283794001,98.98247157989925,118323600
2011-02-03,99.2709732055664,99.42278458250065,98.3525068465115,98.87625435956484,145886700
2011-02-04,99.55181121826172,99.58976695292122,98.85346971389018,99.30891536487616,134634800
2011-02-07,100.17424011230469,100.50063390749915,99.76433676198772,99.771934857433,112439100
2011-02-08,100.62969207763672,100.68282083680502,99.99206589037409,100.26533094706856,99072800
2011-02-09,100.40196228027344,100.67522731795302,99.90097444745044,100.35642003773725,146436700
2011-02-10,100.43989562988281,100.553751210854,99.66564293189903,99.89336567630131,162708500
2011-02-11,101.03954315185547,101.16858332350394,100.02239479947917,100.04516591315486,137710300
2011-02-14,101.28250122070312,101.36599921638452,100.86502282476195,100.97887846320667,101690700
2011-02-15,100.96368408203125,101.12309354289626,100.43993661339398,100.97128217883628,119575400
2011-02-16,101.60128784179688,101.72272995667079,101.10030002713249,101.30525169357921,130183500
2011-02-17,101.90492248535156,102.04154922407349,101.21416753079929,101.30526360574402,109810500
2011-02-18,102.11744689941406,102.23890059463018,101.76068390875538,101.99599320419794,130002400
2011-02-22,100.06796264648438,102.14021559872614,99.79469762995544,101.04715553261043,233116400
2011-02-23,99.45311737060547,100.2501412855857,98.83827399068001,100.00723390551266,227584000
2011-02-24,99.38480377197266,99.77193600533302,98.45115303600613,99.34685962416005,260431400
2011-02-25,100.44749450683594,100.50822135164972,99.74155507052934,99.80228191534313,141686900
2011-02-28,101.0699462890625,101.19899810128332,100.48547199824513,100.8194639258344,141585500
2011-03-01,99.38480377197266,101.47983962555755,99.35444613723003,101.38875513886697,258565500
2011-03-02,99.59735870361328,100.06039083904405,98.9445594894398,99.24818218244282,200277400
2011-03-03,101.3128433227539,101.42669893071755,100.49304819802772,100.50063471107107,176480100
2011-03-04,100.55376434326172,101.43428622596883,99.8933787224621,101.2369210832295,277202300
2011-03-07,99.76435852050781,101.07755524806315,99.24061103137126,100.84983240182785,216790400
2011-03-08,100.63728332519531,100.95609064259205,99.49109428533107,99.9237572223467,174615000
2011-03-09,100.49303436279297,100.80425509166359,99.89337560597052,100.43990561387858,153806000
2011-03-10,98.63330841064453,99.57454541938206,98.53462585361505,99.43791872422716,301291800
2011-03-11,99.31649780273438,99.6732608454564,98.29176250376854,98.31453362713687,225621800
2011-03-14,98.71685028076172,99.04324414159099,97.96536837570622,98.67130802878228,234974100
2011-03-15,97.5858154296875,98.17030124362194,96.02213663880299,96.09045000365616,359585400
2011-03-16,95.77924346923828,97.59342213159731,95.0960808043044,97.27460323590842,468670300
2011-03-17,97.04688262939453,97.45678021323812,96.47758139481705,97.16074403455636,254303700
2011-03-18,97.39985656738281,98.25370836018291,97.20926511673552,98.22320721372313,230435400
2011-03-21,98.90937805175781,99.11520851493366,98.49769385984007,98.61205574994302,153992600
2011-03-22,98.56627655029297,99.02370071768465,98.47479636992655,98.89409991790562,129538600
2011-03-23,98.8483657836914,99.10756739886727,97.82679826544732,98.29183029884965,148603100
2011-03-24,99.79367065429688,99.9385220060563,98.85596405182527,99.41248778452068,159129800
2011-03-25,100.0986328125,100.53317527356143,99.7860600396792,100.05289272531238,155642800
2011-03-28,99.85468292236328,100.57130873389653,99.82419340460423,100.31210711821275,109762400
2011-03-29,100.52554321289062,100.55603272293735,99.4429852981796,99.77079697048654,129798800
2011-03-30,101.21929931640625,101.51662148017625,100.90672658114664,101.05157792835367,135835000
2011-03-31,101.08209991455078,101.3641832302375,100.9753691453881,101.08973101913614,132537100
2011-04-01,101.50901794433594,101.98169272665405,101.26506689814212,101.707240529198,153850100
2011-04-04,101.59284973144531,101.90542246258019,101.3031586736317,101.72245050545253,100768900
2011-04-05,101.57759094238281,102.02738382888066,101.34887894886309,101.39461902101199,120791500
2011-04-06,101.89781188964844,102.15701346029277,101.48612785836293,102.0655332901309,120411600
2011-04-07,101.63858032226562,102.14173274243842,101.13541626931776,101.71480989730995,170731500
2011-04-08,101.28794860839844,102.14942592265214,100.86864497611646,102.08843524588548,147945400
2011-04-11,100.98297882080078,101.73771351658442,100.73901618146701,101.39465123370286,121385400
2011-04-12,100.22822570800781,100.61702805125253,99.86229340655524,100.4188171447945,161187400
2011-04-13,100.22063446044922,100.76952725080713,99.83945147953477,100.69329763429309,162059000
2011-04-14,100.29683685302734,100.44930767745113,99.31339014763243,99.64120183850466,161220400
2011-04-15,100.66276550292969,100.9143475888437,100.18248300507372,100.4798051733761,170006700
2011-04-18,99.53445434570312,100.65513274740529,98.73396811123355,99.55732438387858,210759300
2011-04-19,100.10626220703125,100.13676335669949,99.44300761149944,99.6869586449444,124258800
2011-04-20,101.47089385986328,101.69197482611335,101.23455068747167,101.30317245121327,156133800
2011-04-21,101.98929595947266,102.03503604630251,101.47089279836229,101.99691542968465,135935400
2011-04-25,101.8825454711914,102.05026684558808,101.54710272239804,101.91303497891049,65757100
2011-04-26,102.75926971435547,102.96511171479939,102.08839579473964,102.19512652964063,146600000
2011-04-27,103.4301528930664,103.58262370617187,102.53818642198318,102.95748988260625,143031000
2011-04-28,103.76559448242188,103.90281472282427,103.23194082622824,103.24717976442146,124791100
2011-04-29,104.00955963134766,104.11630200991341,103.66649735080243,103.80372924268782,115094100
2011-05-02,103.84947204589844,104.58133671250428,103.64363001907468,104.49748764048701,126278700
2011-05-03,103.47595977783203,103.82665334388211,102.94992524514934,103.65131237724952,138375000
2011-05-04,102.7897720336914,103.47589653265315,102.33234794586507,103.43015645042607,182678500
2011-05-05,101.85968017578125,102.88124740720662,101.40988721112375,102.21799298024462,226900000
2011-05-06,102.30950164794922,103.39969093606767,101.91306812201702,102.87365660282273,222787200
2011-05-09,102.70594024658203,103.00326249752098,102.14178526384462,102.30188722947992,114104500
2011-05-10,103.58258819580078,103.76556008846701,102.91933398814247,103.04893471649102,114806900
2011-05-11,102.49244689941406,103.44540402748392,102.0197838863802,103.43015345625712,193564200
2011-05-12,102.98038482666016,103.19384634318465,101.69198462370724,102.21801894399266,171550700
2011-05-13,102.18750762939453,103.17858550483248,101.8215752992931,103.03373414028967,157444900
2011-05-16,101.5395278930664,102.6220862010532,101.37180644493503,101.82159958638653,141675400
2011-05-17,101.52425384521484,101.66148574049717,100.72376741560873,101.15832151242715,192686200
2011-05-18,102.43148040771484,102.53821116592206,101.35654172184053,101.57763434205705,135217900
2011-05-19,102.67543029785156,102.94226300678892,102.11128699622869,102.7669221129964,119489500
2011-05-20,101.85968017578125,102.67540541399256,101.6690887535253,102.40858440250057,182594900
2011-05-23,100.67801666259766,101.18118083736405,100.3197038380923,100.617026008131,168700000
2011-05-24,100.59420013427734,101.18884473544288,100.40360861767856,100.96776369461281,147199600
2011-05-25,100.92958068847656,101.34888409241357,100.15959562508372,100.19008513047196,151050100
2011-05-26,101.39462280273438,101.57759473092952,100.46453585843311,100.65512725467885,164850000
2011-05-27,101.78347778320312,102.05793000126371,101.3641858005059,101.6767470113341,120921900
2011-05-31,102.84313201904297,102.85838259077556,102.0350262088828,102.74403238472566,164731200
2011-06-01,100.53316497802734,102.85838277843273,100.4493042825118,102.54581003762229,233094300
2011-06-02,100.4264144897461,100.81522838011023,99.8394013693669,100.60176694855859,200466800
2011-06-03,99.42774963378906,100.19011545981056,99.1685480448088,99.22190760358505,234690200
2011-06-06,98.37564849853516,99.38197663941541,98.24604774695672,99.17613467736709,179951200
2011-06-07,98.31468200683594,99.16090836658047,98.23082131775217,98.87882515814766,161660500
2011-06-08,97.9030532836914,98.49007843857608,97.72008123166951,98.16225496613478,198696400
2011-06-09,98.65013122558594,99.0541841745286,97.93351713525038,98.16984867526072,160964400
2011-06-10,97.27786254882812,98.2918045134597,97.01866100164992,98.23082549405802,238629400
2011-06-13,97.35408782958984,97.76577178078337,96.8585548272462,97.49893915935141,207599800
2011-06-14,98.58914947509766,98.93221175379333,98.20796658037386,98.24607556362322,160570400
2011-06-15,96.835693359375,98.57389212558874,96.57649180064874,97.76578630557277,300958000
2011-06-16,97.04917907714844,97.5599628220074,96.30205795379241,96.86620707772038,308032800
2011-06-17,97.33879089355469,98.02065994041405,97.00934808533516,98.0129968485318,233284900
2011-06-20,97.83673858642578,98.04360106139268,96.97865971315251,97.00930622222998,159479000
2011-06-21,99.17752838134766,99.36906474812912,97.87508342532416,98.34243262788901,193157300
2011-06-22,98.57991027832031,99.4533154166442,98.51861725399682,98.87104922124462,176703000
2011-06-23,98.29644012451172,98.55692670966431,96.67987314302509,97.42303498748025,334286500
2011-06-24,97.15489196777344,98.35007686796347,97.0093283230229,98.27346934565288,226129300
2011-06-27,98.02061462402344,98.39601827430243,97.02462356794412,97.21615985986524,168904700
2011-06-28,99.30009460449219,99.31542078409646,98.27346268955039,98.41136323463971,165556300
2011-06-29,100.15052032470703,100.31140430032993,99.31542470527337,99.75212147241429,244295500
2011-06-30,101.10820007324219,101.2690840457914,100.14286116659703,100.47229804687872,223322700
2011-07-01,102.6021728515625,102.74008507878742,100.96262244623803,101.20012560876252,202385700
2011-07-05,102.51789855957031,102.72476105953173,102.19611894321328,102.49491513629118,165936000
2011-07-06,102.6405258178711,102.77076916555814,101.9816401416311,102.27277920731625,143331600
2011-07-07,103.70543670654297,103.96592332401183,103.3376902059722,103.55220997217602,170464200
2011-07-08,102.96990966796875,103.70541419993832,102.19610722855687,102.53321298527426,194100500
2011-07-11,101.10820007324219,102.03522937532088,100.87069689156004,101.70579249503919,195918600
2011-07-12,100.67150115966797,101.72878555550936,100.64086048738248,100.89368987292937,214675700
2011-07-13,101.00859832763672,102.06588263262819,100.76343789906555,101.20013466170327,204062600
2011-07-14,100.31140899658203,101.72878262582731,100.11987265157326,101.26143347638785,226111800
2011-07-15,100.89366912841797,101.03156966102591,100.18881690626375,100.87068570631664,220012800
2011-07-18,100.0662612915039,100.57957735861368,99.31544199682342,100.42635060119248,196872100
2011-07-19,101.69046783447266,101.81305389473692,100.60254285314018,100.62552627813346,166554900
2011-07-20,101.62915802001953,102.01223062724229,101.45294789402256,101.95094929768108,137145400
2011-07-21,103.03887176513672,103.29170108303003,101.6444818950187,102.20376461556866,245246300
2011-07-22,103.10786437988281,103.21512428391564,102.47961944879567,103.0618975196477,126019400
2011-07-25,102.53323364257812,103.03889237952896,102.01991766068573,102.12717754211921,136653800
2011-07-26,102.15015411376953,102.6328293930609,101.92030818599032,102.46427649205279,131278200
2011-07-27,100.05860900878906,101.61388347014697,99.92835398354478,101.58323110287085,249020100
2011-07-28,99.76746368408203,100.95499149645221,99.6065679921549,100.05860270259205,207939900
2011-07-29,99.08557891845703,100.02027717503408,98.04362078114738,98.76379927625922,307038400
2011-08-01,98.66419219970703,100.33439505645617,97.70651056110881,100.24244966964496,325790900
2011-08-02,96.1435775756836,98.44967669763759,96.1435775756836,97.92103453983972,346653800
2011-08-03,96.66456604003906,96.77182593100075,94.6419426030107,96.27383608520394,370830800
2011-08-04,92.13663482666016,95.47702878096023,91.98340226050321,95.32379621480328,520721800
2011-08-05,91.99873352050781,93.52336110531492,89.53174459877243,93.28585792118606,655619200
2011-08-08,86.00748443603516,92.02938776133237,85.82360533105509,89.57006172317291,702263900
2011-08-09,90.00675964355469,90.12933986188115,84.48284644317972,87.39420115505507,717828700
2011-08-10,86.03044891357422,89.08736675653087,85.7699564948419,88.30590119078246,662607400
2011-08-11,89.89181518554688,91.10998321350927,86.0534262050566,86.7736045432324,487979700
2011-08-12,90.49707794189453,91.33217344860643,89.8535129001463,90.71159767406917,313731600
2011-08-15,92.41248321533203,92.50441694523178,91.17132525464258,91.31689478728649,258810600
2011-08-16,91.62330627441406,92.46607071301622,90.64264130428532,91.53137258672967,294095200
2011-08-17,91.68461608886719,92.85681758333226,90.95678031701219,92.12898181147726,238201100
2011-08-18,87.7313232421875,91.71527752228513,86.87323817398858,89.2559511574846,512956300
2011-08-19,86.2986068725586,88.78091602941635,86.19134699724667,86.5437731368751,428281300
2011-08-22,86.36756134033203,88.28292457036027,86.1223950806974,88.23695187808678,275090600
2011-08-23,89.2099838256836,89.3095806363298,86.25266173021325,86.68936443108704,331136600
2011-08-24,90.4664535522461,90.58903378122382,88.81157662185375,89.01843916076565,246869700
2011-08-25,89.08740234375,91.47777852982068,88.77328571226349,90.96446242152163,312365400
2011-08-26,90.38214874267578,90.79586784552689,87.22562846456579,88.63533864967593,314495900
2011-08-29,92.97940826416016,93.03303820953502,90.45112605025753,91.60034417562679,190977200
2011-08-30,93.22454833984375,93.79915724089179,91.37047835531583,92.57332608770076,241315700
2011-08-31,93.63829040527344,94.62661865878975,92.9334380500484,93.82216366202228,301828400
2011-09-01,92.65762329101562,94.54234020737044,92.53503722561435,93.69191837563135,254585900
2011-09-02,90.29023742675781,92.60399989023547,89.96845775018697,90.72694008645415,255517200
2011-09-06,89.63134002685547,89.7615891746098,87.63170025894016,87.639363348861,285130500
2011-09-07,92.15962982177734,92.19793358420743,90.68096898274531,90.98742830831331,209803200
2011-09-08,91.20196533203125,92.65764301987821,90.9951027639273,91.60802153098705,250568200
2011-09-09,88.81157684326172,91.21727302585764,88.32124423567693,90.15999443673276,380195100
2011-09-12,89.38617706298828,89.45513318437668,87.37887997612312,87.70065962200187,305793500
2011-09-13,90.20596313476562,90.54306900132615,89.0414246292693,89.67732675201722,272514700
2011-09-14,91.45478057861328,92.55036875929585,89.42449405347382,90.66564588870783,319389500
2011-09-15,93.03302764892578,93.06367416355054,91.47775356437518,92.43543522680535,326777200
2011-09-16,93.58366394042969,93.93021659290307,92.65953528476744,93.40654212123667,284528300
2011-09-19,92.65184020996094,93.12931005096961,91.42736934617491,92.05115594655895,241517000
2011-09-20,92.54400634765625,93.94560463239411,92.42079195061227,93.04457842266248,218932200
2011-09-21,89.81783294677734,92.8751673790575,89.67151619561646,92.5902307383195,316251300
2011-09-22,86.91452026367188,87.95416645453112,85.713151854276,87.21486236602084,513911300
2011-09-23,87.43818664550781,87.91565639572123,86.26761754029626,86.3369304135291,307242500
2011-09-26,89.51747131347656,89.64069157755222,87.00692012532366,88.26219571940011,260673700
2011-09-27,90.51861572265625,92.07423337171676,89.97953587857205,91.28102201412129,311753900
2011-09-28,88.67033386230469,91.25019737379637,88.53941676593273,90.7034207870685,286696800
2011-09-29,89.37116241455078,90.58793031370922,87.7385290254799,90.14127150601449,298108900
2011-09-30,87.13783264160156,88.90907977803667,87.07622251282157,88.13897079468263,288392300
2011-10-03,84.65807342529297,87.75390868439762,84.56565824014629,86.62955037137097,365136800
2011-10-04,86.51404571533203,86.69887611309237,82.73281342866943,83.44131232702048,459177500
2011-10-05,88.11591339111328,88.34694855409877,85.92880558351528,86.72972003960517,284108000
2011-10-06,89.71001434326172,89.84093736572876,87.4150923382581,88.06968394872692,257800800
2011-10-07,89.10932159423828,90.29529029117835,88.6087495134797,90.23368015421536,312657900
2011-10-10,92.08965301513672,92.12815494712602,90.61874172722926,90.62644446381373,230666300
2011-10-11,92.18203735351562,92.44387744718058,91.45043621398968,91.5428514015417,209088000
2011-10-12,92.99068450927734,94.06113581123086,92.66724006022667,92.87516695591158,281544900
2011-10-13,92.80584716796875,93.08308690767844,91.73539601343758,92.44389495915522,212538800
2011-10-14,94.39228057861328,94.4153829136011,93.3603371127129,93.88401158248126,211397600
2011-10-17,92.59022521972656,94.37687820363904,92.35919012571266,93.94561308651085,202311600
2011-10-18,94.39998626708984,95.10848531438046,91.79701343502906,92.5209179564377,318857900
2011-10-19,93.28333282470703,94.78504941143184,92.95988834466196,94.24596940255599,226601300
2011-10-20,93.69147491455078,94.030318919575,92.27447113060907,93.5143472382583,262075600
2011-10-21,95.47044372558594,95.58596128704565,94.50780717253367,94.7927438319381,278999400
2011-10-24,96.6409912109375,96.87972903194091,95.53973494130112,95.62444741400132,203215600
2011-10-25,94.76192474365234,96.22512729681539,94.55399200157314,96.178922632116,268596800
2011-10-26,95.72457885742188,96.08652525717352,94.1150475246237,95.76308079332715,289053800
2011-10-27,99.05912780761719,99.66750876794976,97.50350428431918,98.2890129058955,393220200
2011-10-28,99.0360336303711,99.22856090278556,98.41994400845839,98.57396347620353,225906500
2011-10-31,96.6486587524414,99.05139455634848,96.5100389271803,97.92704223823434,228146700
2011-11-01,93.95330810546875,95.11617446567513,93.58365316050448,93.97641043787914,416565800
2011-11-02,95.4858169555664,95.80156447799399,94.56168847003336,95.36260256604595,244717600
2011-11-03,97.22627258300781,97.41879985544941,95.18548232003363,96.47156308983166,291174800
2011-11-04,96.63330841064453,96.80272750522981,95.50124690662817,96.44078110385175,249401600
2011-11-07,97.2340087890625,97.33412089002508,95.64757952274388,96.56401153517055,196617200
2011-11-08,98.48152160644531,98.58934225523382,96.81038674445874,97.74221778559593,224426300
2011-11-09,94.84664916992188,96.87973692953054,94.6156140663663,96.17893475742095,337982000
2011-11-10,95.73995208740234,96.21742178976346,94.73880802213293,96.10190426292999,231866500
2011-11-11,97.54202270507812,97.79615424605572,96.87202566412611,96.90283073358593,189924400
2011-11-14,96.61788940429688,98.15040490660463,96.20202977481043,97.18007164660254,159258300
2011-11-15,97.09537506103516,97.6113468452926,96.04802601735203,96.39457282756261,184709400
2011-11-16,95.5551528930664,97.29559549019207,95.41653299922332,96.1173293302594,235782500
2011-11-17,94.03800201416016,95.61672767255553,93.36030827019371,95.37798990868092,331219600
2011-11-18,93.93792724609375,94.53090877294659,93.5451698903788,94.33838146383671,215580400
2011-11-21,92.1512451171875,92.68261632816309,91.3734333874848,92.5670988038761,229611600
2011-11-22,91.78934478759766,92.49014131323973,91.27336700444643,91.95106706274582,216494900
2011-11-23,89.763916015625,91.78930673599449,89.763916015625,90.92678241729826,224329100
2011-11-25,89.59449005126953,90.6418388993817,89.48667524709323,89.6252951203865,99557000
2011-11-28,92.1897964477539,92.5517488092792,91.50439954525775,92.05887925861835,210686000
2011-11-29,92.45160675048828,93.18320810026238,92.11275684088346,92.45160675048828,199241500
2011-11-30,96.2559585571289,96.43308627911776,92.41311484335691,95.10079462158694,324439500
2011-12-01,96.24052429199219,96.75649592057603,95.82466471992795,96.14810909526719,176954800
2011-12-02,96.15582275390625,97.41880120862905,96.09421261575729,97.12616186562074,221109700
2011-12-05,97.20315551757812,97.94245942664371,96.60247145867892,97.68061932056715,225263900
2011-12-06,97.2340087890625,97.88860056559523,96.84895411163524,97.19550097113253,178842100
2011-12-07,97.59593200683594,98.00408890305474,96.2405383015612,96.910529480084,237802500
2011-12-08,95.45500946044922,97.17235513833428,95.22398028267735,96.95672555556101,240862800
2011-12-09,97.07225799560547,97.31869268170172,95.80157675851346,95.88628923268402,209111400
2011-12-12,95.65526580810547,96.24055046225327,94.84665464987538,96.22514498754389,215826100
2011-12-13,94.76192474365234,96.70259704208432,94.29985459479454,96.15582029976632,245159800
2011-12-14,93.75308227539062,94.74652374155609,93.54515539896822,94.38457151642608,238618800
2011-12-15,94.0919418334961,94.87745062847111,93.94561920605817,94.74653347521975,199109200
2011-12-16,94.23139953613281,95.28539052834643,94.00665676097523,94.72740051428708,220481400
2011-12-19,93.22395324707031,94.79718884315012,93.02245331517564,94.59568891125546,183903000
2011-12-20,96.044921875,96.20766976180974,93.28594756249814,94.68868357218906,225418100
2011-12-21,96.23092651367188,96.37817714785088,95.1304373338347,96.04492975815593,194230900
2011-12-22,97.08340454101562,97.18415745048009,96.27741674167643,96.58740932016254,119465400
2011-12-23,97.95137023925781,97.98237067050752,97.19188036818713,97.39337430221863,92187200
2011-12-27,98.02890014648438,98.28464935267425,97.69565279340566,97.78090252880227,86075700
2011-12-28,96.7424087524414,98.05989491147658,96.66491061003862,98.04439764808772,119107100
2011-12-29,97.74212646484375,97.84287343365878,96.76563355758563,97.06012879062573,123507200
2011-12-30,97.26162719726562,97.9048728439994,97.26162719726562,97.66462097927163,95599000
2012-01-03,98.8116683959961,99.49366644044571,98.75741908907223,99.01316835574085,193697900
2012-01-04,98.9666519165039,99.05190166102567,98.19941012853839,98.5791552278524,127186500
2012-01-05,99.23013305664062,99.3773836699681,97.98239933204096,98.43189684755578,173895000
2012-01-06,98.97439575195312,99.36964399897745,98.64889997804123,99.35414082151702,148050000
2012-01-09,99.21467590332031,99.33866588187031,98.74192937280112,99.19917272145297,99530200
2012-01-10,100.07487487792969,100.47786282428913,99.93536995383782,100.27636885110941,115282000
2012-01-11,100.12913513183594,100.26088257790832,99.60214534754644,99.76488732338775,111540700
2012-01-12,100.36937713623047,100.51662775399883,99.61763269585667,100.41588666720405,118983700
2012-01-13,99.85013580322266,100.01288960247172,98.98214707511967,99.69513950541277,179836200
2012-01-17,100.23765563964844,100.99715777782697,99.89665661033763,100.81115508216773,132209200
2012-01-18,101.34587860107422,101.4001219836109,100.03613801327532,100.2143831636951,163395200
2012-01-19,101.8806381225586,101.96588787004173,101.3691396376598,101.69463544837879,126328900
2012-01-20,102.26036834716797,102.26036834716797,101.46212615691353,101.71012970071988,138230200
2012-01-23,101.99687194824219,102.49286720308751,101.50862236947926,101.91936788557962,129295800
2012-01-24,101.8806381225586,101.91163265552478,101.21414332190707,101.3691396376598,103083300
2012-01-25,102.73310852050781,102.97335454807752,101.33037255918076,101.72561487949297,198613200
2012-01-26,102.20611572265625,103.38409697285834,101.80311591313513,103.19034865632341,184880500
2012-01-27,102.15962219238281,102.33786733974851,101.64036627645183,101.71012466060297,135259100
2012-01-30,101.81087493896484,101.86513015092926,100.7956355192681,101.14438016966969,147311800
2012-01-31,101.7720947265625,102.43857740841759,101.2760878137213,102.31458750566297,157212000
2012-02-01,102.663330078125,103.18257400155166,102.39983527975124,102.52382518016184,166234500
2012-02-02,102.82609558105469,103.08960226532386,102.46185964414428,102.86484760745823,113090400
2012-02-03,104.26759338378906,104.32959426684714,103.67085705709118,103.84910220497112,160598500
2012-02-06,104.19783020019531,104.24432789870536,103.71733821498148,103.83358246125664,107694500
2012-02-07,104.46131896972656,104.63957590426293,103.57008159887158,103.98082701244371,135528100
2012-02-08,104.77132415771484,104.79457300580485,104.089326412523,104.5155750032679,139361400
2012-02-09,104.90308380126953,105.08132893255774,104.28308685385961,104.94183582775605,148602900
2012-02-10,104.12809753417969,104.21334726796559,103.72509771760457,103.97310124333048,167907500
2012-02-13,104.90308380126953,105.02708555584314,104.42259178411949,104.87208927535522,115841900
2012-02-14,104.77132415771484,104.83332502777381,104.04282871634297,104.62407356950689,165329500
2012-02-15,104.2831039428711,105.26734881471917,104.07385242592007,105.11235250883179,195195100
2012-02-16,105.43783569335938,105.53083110068185,104.10484633626336,104.29084897636702,186567800
2012-02-17,105.7168197631836,105.88731920437094,105.36807520637572,105.80206948377726,129869400
2012-02-21,105.76333618164062,106.21283371293029,105.43784041597416,105.9648301816839,134042300
2012-02-22,105.4223403930664,105.82534023066965,105.23633773906654,105.6005855455707,124455300
2012-02-23,105.88732147216797,105.96481369453095,105.01157539871862,105.36807746305206,137704300
2012-02-24,106.11979675292969,106.32904819562728,105.88730828932785,106.11979675292969,105539100
2012-02-27,106.2980728149414,106.58481652198341,105.24408156350013,105.41458101781107,145728900
2012-02-28,106.60807800292969,106.73207977083932,106.11982843269766,106.32907993786274,129355900
2012-02-29,106.18959045410156,107.09633124025203,105.81758513763481,106.76307795576638,185934700
2012-03-01,106.73980712890625,106.94131292354336,106.11981022121672,106.41431141309717,145023500
2012-03-02,106.41433715820312,106.80959134302702,106.1740911068962,106.6700863879538,120638300
2012-03-05,105.98026275634766,106.32900714255797,105.6160152033976,106.25151495976199,140765000
2012-03-06,104.43031311035156,104.95730270622971,104.12806629496133,104.8953136688544,202129900
2012-03-07,105.1588363647461,105.32933582639917,104.56983392432326,104.67058683133423,143692200
2012-03-08,106.20507049560547,106.42207948649606,105.58508535177617,105.80208251720815,116968900
2012-03-09,106.61579895019531,106.89478509415001,106.27480011808792,106.40654751677388,122836800
2012-03-12,106.62358856201172,106.7630816914728,106.24383755604497,106.60033970710154,104003500
2012-03-13,108.54553985595703,108.59979505325572,107.01880238811823,107.19705932885067,184090500
2012-03-14,108.42925262451172,108.84774356086419,108.09599954933725,108.57650315827817,145163600
2012-03-15,109.0570297241211,109.10352741793984,108.31303114665259,108.59202913502125,165118500
2012-03-16,109.20812225341797,109.34822675601151,108.97460287180627,109.25482375428248,152893500
2012-03-19,109.6362075805664,109.97090949194175,109.06019485537229,109.13803858593134,125291100
2012-03-20,109.31707000732422,109.44939485361199,108.69435576569234,109.01349844765554,121729700
2012-03-21,109.13800811767578,109.48048955558158,108.9122684884461,109.379306986845,122388400
2012-03-22,108.35182189941406,108.62426299009839,107.9937693612778,108.33625078293106,135216700
2012-03-23,108.70211029052734,108.82665548555538,107.84588879859753,108.44525215704687,120521000
2012-03-26,110.22774505615234,110.22774505615234,109.4415758835813,109.48048585939888,120164000
2012-03-27,109.88524627685547,110.39898620669325,109.81519407113615,110.32893400097394,119868500
2012-03-28,109.34038543701172,110.00202133203948,108.69432065924927,109.83077467396835,148562100
2012-03-29,109.15357208251953,109.35596098331827,108.26620839897646,108.69432506149349,164963700
2012-03-30,109.60502624511719,109.79184400545606,109.01345448663295,109.69064956727898,135486800
2012-04-02,110.40678405761719,110.69479630193653,109.25477071218995,109.4727188619388,151741100
2012-04-03,109.95526885986328,110.43787830512352,109.30920431196058,110.25106059625392,155806700
2012-04-04,108.86553955078125,109.23916312887769,108.46077374609712,109.14576020367343,146896000
2012-04-05,108.81105041503906,109.13019292373649,108.39850497785645,108.49191978362144,137439400
2012-04-09,107.58901977539062,108.85000722409437,107.29322790380486,107.44112383959775,127555900
2012-04-10,105.78314971923828,107.68242238418915,105.67417564226324,107.37885089280987,235360300
2012-04-11,106.63936614990234,107.05969127222647,106.44476876641713,106.86509388874126,154133000
2012-04-12,108.03270721435547,108.11833056118431,106.66274554237894,106.74058926759966,154321500
2012-04-13,106.74837493896484,108.05607595761808,106.64718046589988,107.78363478119036,169246700
2012-04-16,106.67829132080078,107.44888938191517,106.31244727828468,107.29321384574028,147825300
2012-04-17,108.2584228515625,108.4763709810417,107.18424144392768,107.29321550866727,147877600
2012-04-18,107.89260864257812,108.2584527919437,107.71358231755418,107.77585492566807,123884200
2012-04-19,107.19979858398438,108.31288982317672,106.69385018022072,107.90813585107807,198666700
2012-04-20,107.37884521484375,108.06383187805682,107.3165726202532,107.67463706982811,143199600
2012-04-23,106.47589874267578,106.56931356296765,105.81427476755067,106.2813013598834,171844900
2012-04-24,106.88068389892578,107.15312503487864,106.48370944226205,106.56933278122291,137484200
2012-04-25,108.34403991699219,108.39074138814087,107.83029997979345,107.92370292209083,150252200
2012-04-26,109.0990982055664,109.22364340241018,108.0482674077831,108.11054000620499,136291600
2012-04-27,109.27808380126953,109.58943480013019,108.8188369209023,109.42597968277609,130725000
2012-04-30,108.87335968017578,109.13802119553313,108.57757968121048,109.06017747737793,115092200
2012-05-01,109.5505599975586,110.26667702662594,108.68654703951198,108.81108035266229,138832200
2012-05-02,109.2236328125,109.33260687985167,108.55421729097336,108.91226985057915,121081000
2012-05-03,108.39075469970703,109.32481986923892,108.18837767411475,109.23919653585699,143759700
2012-05-04,106.63936614990234,108.42966445342275,106.57709356191327,107.82252156713139,193927300
2012-05-07,106.71722412109375,107.07527670329638,106.21905522786331,106.2579652079368,127765900
2012-05-08,106.28907775878906,106.46032438150411,105.02029920247666,106.07890928958787,213377700
2012-05-09,105.6585922241211,106.33578727056243,104.68560537473716,105.16042343232776,220752500
2012-05-10,105.8765640258789,106.52262886374812,105.63526513358823,106.39029217060467,150600000
2012-05-11,105.5573959350586,106.53816238617183,105.16820120214815,105.21490266973251,153032400
2012-05-14,104.38983917236328,105.55742367796248,104.23416361374015,104.54551473098641,163910000
2012-05-15,103.79046630859375,104.93469996962035,103.6270111440372,104.319777412246,207629300
2012-05-16,103.39350891113281,104.73234019238294,103.37015816949464,104.25752198359906,207265500
2012-05-17,101.86003112792969,103.5413549796239,101.805538172169,103.41680983269568,247992900
2012-05-18,100.98829650878906,102.43610200587307,100.840400547037,102.2570638009702,319615900
2012-05-21,102.72407531738281,102.76299717240559,101.15172501726657,101.31519205744922,177861100
2012-05-22,102.9030990600586,103.70483936916936,102.23368355293597,102.98872238808413,197531200
2012-05-23,102.95758819580078,103.10548410936109,101.18286098764078,102.16362753616652,204958400
2012-05-24,103.15998077392578,103.4012796683576,102.29596777552831,103.23782449090285,167357600
2012-05-25,102.8252944946289,103.40908682852584,102.57620406440253,103.12107453391592,135465600
2012-05-29,104.0707015991211,104.24972790634723,102.10137658778042,103.65037638274572,152883500
2012-05-30,102.56060791015625,104.0629059922246,102.35045127289399,103.18332195644444,162370400
2012-05-31,102.33487701416016,103.09769546187398,101.45529300538014,102.52169478549672,196186000
2012-06-01,99.7583999633789,102.35821801137122,99.7583999633789,100.73138682660486,253240900
2012-06-04,99.71173858642578,100.20990758561013,98.96447914900635,99.93746640345123,202545800
2012-06-05,100.46675109863281,100.61463514531133,99.46262186609765,99.51710890040314,164149400
2012-06-06,102.72407531738281,102.77077679249712,101.13615389980095,101.1672961347322,184202800
2012-06-07,102.78636169433594,103.93837511835136,102.5761931508539,103.89167363697405,184772700
2012-06-08,103.60366821289062,103.62701895244392,102.19477295523478,102.5217070635481,143915400
2012-06-11,102.28816223144531,104.4987854568568,102.18696780047796,104.43651287451385,169756100
2012-06-12,103.46355438232422,103.53360660266597,102.09359282741083,102.58397024708701,181931800
2012-06-13,102.80189514160156,103.80601225510215,102.45161040506711,103.15994761914014,172223900
2012-06-14,103.89167022705078,104.30421580205532,102.73186534268338,103.012086099034,230615500
2012-06-15,104.95418548583984,105.0480723938762,104.14047109226998,104.35954850357047,169444500
2012-06-18,105.15762329101562,105.41582425687372,104.28131354421838,104.51604278034618,131360900
2012-06-19,106.17475891113281,106.60509378758124,105.13413527856592,105.68966065340352,137382600
2012-06-20,106.00259399414062,106.48770404897833,105.05586948134265,106.18255976006053,206451800
2012-06-21,103.62408447265625,106.23737393411683,103.53801748134705,106.12783521234378,205272200
2012-06-22,104.42215728759766,104.6177629972382,103.76491302969835,104.16395631821311,130029200
2012-06-25,102.74776458740234,103.35805339705638,102.38002492788976,103.3189298705249,146375700
2012-06-26,103.2641830444336,103.57715940423648,102.44263651583867,103.04510556198527,141634000
2012-06-27,104.19522094726562,104.39864653454,103.2563161723364,103.60840397058212,108088000
2012-06-28,103.89794158935547,104.0544357354054,102.71648719517205,103.50673010188487,169242100
2012-06-29,106.4877700805664,106.62078055166806,105.50974137644228,105.78358225030087,212250900
2012-07-02,106.8084945678711,106.91803324379582,106.03390390912492,106.78502284723153,129524500
2012-07-03,107.51274108886719,107.59097622105435,106.67554279655941,106.78508153268291,80450000
2012-07-05,107.02759552001953,107.81785008520885,106.63638417133504,107.11366249428303,126177500
2012-07-06,106.0104751586914,106.22955259934155,105.50972501737321,105.99482335898065,151192100
2012-07-09,105.87745666503906,106.07306236067608,105.39234642145881,105.92440012178007,103780500
2012-07-10,104.95418548583984,106.5894461411983,104.59426577366133,106.41731218391598,167884800
2012-07-11,104.96985626220703,105.31412423901597,104.35956737198234,105.00897979390362,141733400
2012-07-12,104.46125030517578,105.02459560388337,103.74925472218455,104.35954347264727,143583200
2012-07-13,106.2138900756836,106.32342878494903,104.7194597330579,104.73511153118837,129642600
2012-07-16,105.9634780883789,106.2764542653875,105.54879510031037,105.97130995456688,97525200
2012-07-17,106.691162109375,106.91023951490943,105.27497890259053,106.38601772746466,138860300
2012-07-18,107.48139953613281,107.69265700221979,106.37819263283997,106.4407759409625,113349700
2012-07-19,107.7630615234375,108.11514930622312,107.35621036675349,107.70046628268116,129847300
2012-07-20,106.77721405029297,107.3170875589193,106.65985543486183,107.15277355849418,142904500
2012-07-23,105.69747924804688,106.70681121268501,104.71945087702233,105.21238099644202,145210900
2012-07-24,104.78985595703125,105.8226595479488,104.085680373276,105.77571610087469,173301200
2012-07-25,104.81336975097656,105.28281629549525,104.25784427698049,105.00897546256564,129122300
2012-07-26,106.54248809814453,106.76939734659267,105.83048063950254,106.32341071684267,156526500
2012-07-27,108.50639343261719,108.81154980067946,106.51904467737411,107.10586180581686,236768900
2012-07-30,108.50639343261719,109.02279537096481,108.18560914257552,108.38121485205643,106782000
2012-07-31,107.74742126464844,108.65502240516945,107.74742126464844,108.35770993621489,120575900
2012-08-01,107.653564453125,108.54552608577637,107.5049021912121,108.52205435377181,138293800
2012-08-02,106.91023254394531,107.63789183109955,106.08086642866812,106.8398173693627,199556600
2012-08-03,109.03062438964844,109.25752175363117,106.94154496084401,108.41250367810713,157825000
2012-08-06,109.24182891845703,109.67216369417685,109.19488547725491,109.32007594634072,86326200
2012-08-07,109.78958892822266,110.25903551292117,109.5626795976161,109.68003825908418,109545100
2012-08-08,109.92259216308594,110.04777074747895,109.39053840882032,109.42184200903763,89754700
2012-08-09,110.01644897460938,110.2355263608675,109.65652930357268,109.76606799670174,90291700
2012-08-10,110.19637298583984,110.23549649539116,109.39047883212193,109.57043264947534,99792700
2012-08-13,110.14163208007812,110.19639545356044,109.57045498957422,110.00862167153952,79426900
2012-08-14,110.15725708007812,110.61889542253888,109.82864106703775,110.54846832495758,102379400
2012-08-15,110.282470703125,110.47025643807733,109.96950641702668,110.03992159057546,71085900
2012-08-16,111.09618377685547,111.22919417961785,110.16509901869804,110.43893975186027,112014200
2012-08-17,111.2448501586914,111.33874899805515,110.99448111097406,111.2839736801911,90813700
2012-08-20,111.25273895263672,111.27621068978216,110.78328033207076,111.08842485379004,78255700
2012-08-21,110.91625213623047,111.95687589576227,110.67370297777278,111.52654096680934,105581100
2012-08-22,110.96321105957031,111.14316496691549,110.37639393930024,110.63458296605317,133243500
2012-08-23,110.05560302734375,110.69718356828619,109.88346904198288,110.6893636376154,111466400
2012-08-24,110.72062683105469,110.97100781404819,109.71130684806523,109.78172202247376,99481200
2012-08-27,110.74412536621094,111.16664039259473,110.58764318336797,111.01797814030508,68785900
2012-08-28,110.63459014892578,110.9788581253809,110.29815404209735,110.46245616069824,75689600
2012-08-29,110.72062683105469,111.01795126365388,110.41548246979532,110.72845869853722,65421300
2012-08-30,109.92259216308594,110.27468006316553,109.68786291675772,110.24337646294822,96589900
2012-08-31,110.44676971435547,110.96317146122786,109.82082928834234,110.54847652717292,151970400
2012-09-04,110.34512329101562,110.681571415294,109.64094731194508,110.35294322364408,120226200
2012-09-05,110.25121307373047,110.68936798501225,110.03213561808957,110.3920434642885,100660300
2012-09-06,112.48893737792969,112.4967573085145,110.90843986554604,110.91625979613087,158272500
2012-09-07,112.92708587646484,112.97402933496785,112.57499799886767,112.67670484601597,107272100
2012-09-10,112.28543090820312,113.01308992623967,112.24631934044831,112.81748433219366,86458500
2012-09-11,112.59844970703125,112.95835745077565,112.32459699602451,112.35590058867686,88760000
2012-09-12,112.97405242919922,113.0992429700152,112.59066087501046,112.97405242919922,87640900
2012-09-13,114.69535827636719,115.04744615747295,112.66106610840902,112.95837866149901,225470200
2012-09-14,115.20396423339844,115.88466840770216,114.82839260586852,114.92229148216461,169777000
2012-09-17,114.8127212524414,115.16480911020959,114.52321670993621,114.96920341824682,119427800
2012-09-18,114.71886444091797,114.86752673149918,114.42937173115142,114.6171575622269,98326600
2012-09-19,114.78141021728516,115.14914984944878,114.55451288239556,114.85182539651058,128318300
2012-09-20,114.78926849365234,114.85185181925735,113.94425033207351,114.25721471540228,154009800
2012-09-21,114.74124145507812,115.37052332523105,114.6940474152635,115.34692630532373,108737500
2012-09-24,114.56815338134766,114.82773252299368,114.08832745331402,114.1748538338627,95682000
2012-09-25,113.34896850585938,115.03229059569725,113.31749781115964,114.81204374301217,133165200
2012-09-26,112.71182250976562,113.35683977764623,112.44438159493653,113.32538108283575,146502200
2012-09-27,113.77378845214844,114.03336781244761,112.8849268852961,113.1838386339848,111830300
2012-09-28,113.24671936035156,113.7108101371399,112.84555797741572,113.34110744985301,150696100
2012-10-01,113.5456314086914,114.59967175394789,113.278178483171,113.67935187017427,135911200
2012-10-02,113.66362762451172,114.17491249792491,113.13660740040027,113.99399797384028,113422200
2012-10-03,114.12772369384766,114.39516465523093,113.3725948614059,113.97040618730199,121283100
2012-10-04,114.94580841064453,115.11098761242886,114.40305274252309,114.5603702688846,124311600
2012-10-05,114.95365905761719,115.7559939684116,114.6075533312919,115.55934407868646,124842100
2012-10-08,114.5603256225586,114.93788993919385,114.30074640407398,114.5288669305695,78415400
2012-10-09,113.42765045166016,114.56821737594534,113.38831807443177,114.47382927264229,148872900
2012-10-10,112.7039794921875,113.52204972332372,112.55452366135168,113.41191426687097,124247500
2012-10-11,112.76691436767578,113.65577571890803,112.74331734087819,113.49058452876801,123601500
2012-10-12,112.39720153808594,113.23099508369478,112.15335761465948,112.84556901217132,124181900
2012-10-15,113.33323669433594,113.45122179675774,112.30279345800675,112.66462244046936,107689100
2012-10-16,114.48167419433594,114.56033893728129,113.7894748671463,113.86812760753702,108815500
2012-10-17,115.00082397460938,115.09522405949922,114.38727743431714,114.56033025363584,128834100
2012-10-18,114.70194244384766,115.25255968178007,114.31650437601718,114.70194244384766,148108500
2012-10-19,112.79051208496094,114.4974317149253,112.5230711112464,114.48957004013026,185645200
2012-10-22,112.80623626708984,113.01074781452263,111.91737499843072,112.60171271710131,125578600
2012-10-23,111.24085998535156,111.74428300484236,110.77676932727678,111.5869655617299,192056300
2012-10-24,110.92626953125,111.77579846740258,110.75321667374357,111.6420659845106,120179400
2012-10-25,111.2487564086914,111.91737075397168,110.57229239224802,111.71285921429498,134457400
2012-10-26,111.18582153320312,111.5712475282493,110.43068088552218,111.14648916568424,146023500
2012-10-31,111.18582153320312,111.72070332328902,110.65878941304625,111.57912120328513,103438500
2012-11-01,112.35005187988281,112.49163408392101,111.31960805306962,111.4218578662437,100995600
2012-11-02,111.35104370117188,113.0501018130843,111.23305855557714,113.01863110588701,137702200
2012-11-05,111.57916259765625,111.83086823856037,110.85548037398199,111.1858627816653,98378500
2012-11-06,112.45232391357422,112.89281792513253,111.79944457409971,111.91742975485225,107068100
2012-11-07,109.90370178222656,111.44543034286659,109.38454314336377,111.42970699203406,264304500
2012-11-08,108.58214569091797,110.44639391208277,108.49561930088457,109.8879032123125,181517300
2012-11-09,108.67659759521484,109.68344406722433,108.19677138569807,108.25182711331779,201055300
2012-11-12,108.76312255859375,109.1878810322013,108.51927861980454,109.0148281719206,97677500
2012-11-13,108.3855209350586,109.53396128603947,108.04728897023057,108.18887109432963,123018300
2012-11-14,106.9224624633789,108.88896118008246,106.67861854291657,108.71592033536373,191505000
2012-11-15,106.74156188964844,107.36298228675642,106.33252674241155,106.96180881449357,178128400
2012-11-16,107.2685775756836,107.48096281644973,105.95495775790168,106.89887482428044,239483900
2012-11-19,109.4395523071289,109.45527564954634,107.30000148831508,108.47202663364114,151495800
2012-11-20,109.48678588867188,109.66770041223458,108.6136599670525,109.2665389897549,119807400
2012-11-21,109.69132995605469,109.785730085402,109.36095950973753,109.58120647394897,81710800
2012-11-23,111.18582153320312,111.2251418981686,110.15536631544342,110.22616937799877,65409200
2012-11-26,110.9498519897461,111.19369589261038,110.27337599991868,110.63520501624801,100124400
2012-11-27,110.38350677490234,111.21730030560633,110.3127157021193,110.83973591487455,128646200
2012-11-28,111.27237701416016,111.33529441556544,109.33733685064261,109.9351481844452,177086500
2012-11-29,111.7914810180664,112.09825424395197,111.20153158347478,111.68923127780587,151085900
2012-11-30,111.81510162353516,112.02748682550705,111.42967559325986,111.80723995033416,136568300
2012-12-03,111.2645034790039,112.42080577284496,111.17797704876558,112.32641766806009,124656300
2012-12-04,111.107177734375,111.59486557635586,110.8082660879709,111.25663355757705,127512200
2012-12-05,111.30384826660156,111.8230069059148,110.414986838919,111.20158647331195,147300500
2012-12-06,111.68140411376953,111.72859816778266,111.03639870466193,111.20157789370785,103220600
2012-12-07,112.01964569091797,112.23989260647276,111.43755769834792,112.11403379685382,108726400
2012-12-10,112.06681060791016,112.33425150690157,111.81509305411572,111.86229909736737,98840700
2012-12-11,112.82984161376953,113.35686187309011,112.47587421602367,112.530929943312,152570400
2012-12-12,112.88484191894531,113.70291177248617,112.72752448635691,113.27027983095502,145880100
2012-12-13,112.19266510009766,113.13658188567086,111.90948886417038,112.81407328314614,135715000
2012-12-14,111.77579498291016,112.15335938635569,111.60274213079848,111.94884783502185,137701700
2012-12-17,113.08940124511719,113.15233063861808,112.03534890717032,112.06681960519803,143238200
2012-12-18,114.34793090820312,114.45019265310852,113.10510263358819,113.2702937597775,177762800
2012-12-19,113.49839782714844,114.51311755716893,113.45907746761652,114.47378519508527,150895400
2012-12-20,114.15133666992188,114.16707202354203,113.25461355450157,113.56926061411453,168487000
2012-12-21,113.11511993408203,114.14495401229779,112.44177571624563,112.62397331781547,245883800
2012-12-24,112.76661682128906,112.93296754089016,112.63986535742211,112.86959180895668,53874600
2012-12-26,112.2912826538086,113.05177919882739,111.97441614453221,112.99632091147863,106947700
2012-12-27,112.14080810546875,112.55274438929024,110.84163559897357,112.32300581097775,167920600
2012-12-28,110.92874908447266,112.02987666332027,110.80199762948834,111.4119784298768,148806700
2012-12-31,112.81413269042969,112.93295461940662,110.54057238530854,110.63564201617359,243935200
2013-01-02,115.7055435180664,115.77683665351982,114.65194508376223,114.95297666147194,192059000
2013-01-03,115.44414520263672,115.95113885277249,115.13519613595528,115.65011930554576,144761800
2013-01-04,115.95111846923828,116.14124558749673,115.39659615058443,115.6342520264875,116817700
2013-01-07,115.63430786132812,115.74521237860992,115.20652466060848,115.53925030013967,110002500
2013-01-08,115.30155944824219,115.58674413326823,114.85001199375007,115.42831088329424,121265100
2013-01-09,115.59469604492188,115.91157472707127,115.37288701126016,115.55508469869247,90745600
2013-01-10,116.51361846923828,116.5215359028919,115.63429982628858,116.23635115145727,130735400
2013-01-11,116.50570678710938,116.56907043483628,116.14129933040908,116.48193030960483,113917300
2013-01-14,116.42644500732422,116.50566767191326,115.99866195883381,116.36306929318928,89567200
2013-01-15,116.50570678710938,116.61661130215981,115.81650321930228,115.88779638875921,93172600
2013-01-16,116.48981475830078,116.672012372311,116.14125439224235,116.26800581402375,104849500
2013-01-17,117.24237060546875,117.57508399044919,116.56901431759516,117.00471473400279,133833500
2013-01-18,117.50379943847656,117.63055085754104,116.7908317719994,117.21861478942182,169906000
2013-01-22,118.13755798339844,118.13755798339844,117.22654565312115,117.5038129031364,111797300
2013-01-23,118.32770538330078,118.43069246219677,117.92369867696969,118.13759026864395,104596100
2013-01-24,118.35938262939453,118.93766950119608,118.04250400344027,118.15340850060336,146426400
2013-01-25,119.02484130859375,119.02484130859375,118.32772023353522,118.73173907825634,147211600
2013-01-28,118.88220977783203,119.08817179551872,118.43857975194321,119.05647789268555,113357700
2013-01-29,119.34955596923828,119.50007174292541,118.5652952952426,118.64451794066065,105694400
2013-01-30,118.88220977783203,119.57140106842566,118.77129320559814,119.33374514790577,137447700
2013-01-31,118.58910369873047,119.12779129467344,118.5098931115833,118.73961952829812,108975800
2013-02-01,119.80909729003906,119.95168363770449,119.1357406366777,119.34170272364543,131173000
2013-02-04,118.46234893798828,119.83282623055321,118.37520883318753,119.08025919146449,159073600
2013-02-05,119.65852355957031,119.99915439496185,119.05646037116786,119.10400121842105,113912400
2013-02-06,119.74567413330078,119.82488471029775,119.15154041125663,119.23868050733037,138762800
2013-02-07,119.58724975585938,119.89619883071548,118.71584873053067,119.78529434455386,162490000
2013-02-08,120.2526626586914,120.3239558012692,119.79319781594393,119.79319781594393,103133700
2013-02-11,120.22885131835938,120.33182623263549,119.92781982814543,120.20508694678209,73775000
2013-02-12,120.42696380615234,120.64877279123642,120.10216776096384,120.2368366385018,65392700
2013-02-13,120.52994537353516,120.89435277621696,120.18931444483334,120.67254377899631,82322600
2013-02-14,120.64079284667969,120.7833911847363,120.03082443648957,120.16549325773977,80834300
2013-02-15,120.4982681274414,120.87851041029558,120.05465011616418,120.75175895344944,215226500
2013-02-19,121.40130615234375,121.42507053074256,120.5378348367079,120.70418548549952,95105400
2013-02-20,119.88827514648438,121.35381000922989,119.8248994244955,121.31419867202646,160574800
2013-02-21,119.15945434570312,119.9516326185141,118.77921215930459,119.5872373821225,183257000
2013-02-22,120.32398986816406,120.32398986816406,119.21494482179509,119.7377734364065,106356600
2013-02-25,118.03458404541016,121.09239321626839,118.03458404541016,120.91019556504493,245824800
2013-02-26,118.84255981445312,118.98514606780937,117.82064331468686,118.60490397118109,186596200
2013-02-27,120.3398208618164,120.67253433159942,118.63663008859805,118.73961714627475,150781900
2013-02-28,120.1021499633789,121.10029024834577,119.94371672432275,120.33187634685811,126866000
2013-03-01,120.4982681274414,120.68046579185508,119.1515671395829,119.69024269965261,170634800
2013-03-04,121.13990783691406,121.13990783691406,120.03086301855754,120.22097808017183,99010200
2013-03-05,122.2252197265625,122.55001582398069,121.71030851860493,121.72615547371157,121431900
2013-03-06,122.3915786743164,122.72429219494772,122.12224088442694,122.66091646420585,94469900
2013-03-07,122.61332702636719,122.77176023099629,122.4073650691172,122.5499513269798,86101400
2013-03-08,123.13618469238281,123.30253534980814,122.51828664658511,123.15203164136439,123477800
2013-03-11,123.60364532470703,123.61156276037843,122.89068930826299,123.04120519983604,83746800
2013-03-12,123.3262939453125,123.65901941991875,122.9539813193099,123.51642106113324,105755800
2013-03-13,123.50057983398438,123.6748600096402,122.96982187637089,123.38967536653799,92550900
2013-03-14,124.15812683105469,124.21358512542332,123.50854677850965,123.82541332789492,126329900
2013-03-15,123.99427032470703,124.16136098081229,123.58050179764619,124.0101877676771,138601100
2013-03-18,123.30988311767578,123.84300175515996,122.6971894602624,122.80858720329725,126704300
2013-03-19,123.02348327636719,123.73961019982549,122.21186385938543,123.57251958369459,167567300
2013-03-20,123.88273620605469,124.08961417124388,123.54057833663765,123.74746844326503,113759300
2013-03-21,122.82451629638672,123.84301351266984,122.61763822295076,123.1427921234335,128605000
2013-03-22,123.81121063232422,123.81121063232422,123.11894177829421,123.21443425487043,111163600
2013-03-25,123.29401397705078,124.34434637258092,122.81660009481283,124.13745609630782,151322300
2013-03-26,124.2806396484375,124.31246237143218,123.66794599316098,123.80321381341415,86856600
2013-03-27,124.2806396484375,124.32042715826334,123.33375276522197,123.54063081829564,99950600
2013-03-28,124.66258239746094,124.80581501530631,123.93053829915193,124.20107395998356,102932800
2013-04-01,124.16926574707031,124.85356976655802,123.86689518406892,124.59893936793671,99194100
2013-04-02,124.78196716308594,125.09229039200993,124.4238916254113,124.61486443607468,101504300
2013-04-03,123.51675415039062,124.94901943759812,123.19052572668886,124.85353913226518,154167400
2013-04-04,124.01805877685547,124.26472434397859,123.40536511108792,123.67590075622658,131885000
2013-04-05,123.46110534667969,123.6122906449584,122.35508023049753,122.4983007395319,159666000
2013-04-08,124.29657745361328,124.3045301003046,123.13484754007837,123.54861585548818,86571200
2013-04-09,124.72627258300781,125.17982849302261,124.11357872159127,124.52734710839377,101922200
2013-04-10,126.25397491455078,126.41311281067321,125.02859975882055,125.06042248146774,135711100
2013-04-11,126.66770935058594,127.08147748322598,126.15049614942589,126.27781128892128,110142500
2013-04-12,126.35742950439453,126.54839013751176,125.65720813911368,126.2619370463918,116359900
2013-04-15,123.42924499511719,125.82431490546854,123.41333970280557,125.72086979822042,217259000
2013-04-16,125.25141143798828,125.31506903295748,124.0578588505665,124.36021724986423,147507800
2013-04-17,123.42132568359375,124.38413035204768,122.76089163095058,124.36024812424091,226834800
2013-04-18,122.64942169189453,123.65996593855573,122.17996074775832,123.6281310811739,167583200
2013-04-19,123.7156753540039,123.77138029118841,122.63352074495474,122.93589122351682,149687600
2013-04-22,124.26470947265625,124.55911516057762,123.13481472984655,123.95438635414826,106553500
2013-04-23,125.54582214355469,125.66517255042716,124.26474183019413,124.88538822882145,166141300
2013-04-24,125.62535095214844,125.95954410987083,125.35480322704296,125.58556345068227,96781200
2013-04-25,126.1346664428711,126.73144285772379,125.80047310752727,125.99143378975388,131060600
2013-04-26,125.91183471679688,126.19828779929813,125.50601910074458,125.98344495206125,95918800
2013-04-29,126.75527954101562,127.03376784302588,126.0550581801779,126.25398359937552,88572800
2013-04-30,127.05767059326172,127.08950546772793,126.20627589372158,126.73144204938961,116010700
2013-05-01,125.94367980957031,126.84282672795406,125.80045931360435,126.77916912704278,138874200
2013-05-02,127.11332702636719,127.22472476157766,126.14257013034337,126.26192051041083,96407600
2013-05-03,128.40234375,128.8081592747144,127.13718131264099,128.21933580947763,144202300
2013-05-06,128.72866821289062,128.91167627275067,128.4422150080689,128.49791997580178,66882100
2013-05-07,129.38107299804688,129.42084836119776,128.64106426523784,129.00709230947143,90359200
2013-05-08,129.96990966796875,130.00969718030981,129.16625534103304,129.2378655783805,97419200
2013-05-09,129.60391235351562,130.25638151236043,129.2776717033703,129.91423556814402,106738600
2013-05-10,130.025634765625,130.1370325325786,129.30949585682674,129.6914414647642,103203000
2013-05-13,130.12904357910156,130.3438864259894,129.5561495564735,129.85850792980202,81843200
2013-05-14,131.47373962402344,131.5692320487121,130.23244737602948,130.23244737602948,119000900
2013-05-15,132.18197631835938,132.44455936374604,131.219183960054,131.25897147749666,120718500
2013-05-16,131.56126403808594,132.3728828501184,131.36233869190227,131.91137458999953,109913600
2013-05-17,132.83445739746094,132.91402029077423,131.8716528992386,132.04670826255176,129801000
2013-05-20,132.82655334472656,133.34376702426692,132.57193497167458,132.7072028794602,85071200
2013-05-21,133.01747131347656,133.51876734353436,132.48435255296968,132.9458610638815,95804200
2013-05-22,132.03077697753906,134.52929196611092,131.4260480577212,133.15271928614405,244031800
2013-05-23,131.6488800048828,132.01490822967804,130.44737447871066,130.62242987211954,211064400
2013-05-24,131.53744506835938,131.5931500148224,130.47916035856036,130.86905855946873,151573900
2013-05-28,132.32521057128906,133.50284582503144,131.9353123218955,132.91402212743733,143679800
2013-05-29,131.46585083007812,131.9273593256552,130.76562936900316,131.62498875992813,160363400
2013-05-30,131.95123291015625,132.55596191621459,131.46585431929162,131.56929944009025,107793800
2013-05-31,130.05752563476562,132.33323447319424,129.80290723752134,131.58527244258832,176850100
2013-06-03,130.77354431152344,130.86107196079558,129.42880685517906,130.35977613846953,168390700
2013-06-04,130.14495849609375,131.37034582278827,129.48452467690396,130.8451798256335,157631500
2013-06-05,128.3228302001953,130.03358418048236,128.21143243601074,129.77100113459466,211737800
2013-06-06,129.48455810546875,129.49252289446108,127.5112209253861,128.26713525141264,200225500
2013-06-07,131.13162231445312,131.25097269442298,129.81075478272152,130.37570824461142,188337800
2013-06-10,131.13162231445312,131.6090359757751,130.78946432280196,131.53742574779318,105667100
2013-06-11,129.7789764404297,130.92477690427998,129.49252328910543,129.938114381955,159505400
2013-06-12,128.70472717285156,130.805378803029,128.5853767955742,130.67011099496722,177361500
2013-06-13,130.66217041015625,130.8929185413375,128.34667574572174,128.63312881906873,163587800
2013-06-14,129.84255981445312,131.02815937355112,129.62772915977484,130.51891091931967,141197500
2013-06-17,130.84519958496094,131.46584598752648,129.87444246475428,130.72583703588583,136295600
2013-06-18,131.8795623779297,132.07848773995306,130.90880563994043,130.91675828350276,114695600
2013-06-19,130.05752563476562,131.99904099724418,130.00183279283345,131.76829269532115,206149500
2013-06-20,126.8348388671875,130.0733504288052,126.50064562928006,128.79227027943816,321255900
2013-06-21,127.24202728271484,127.79395639488465,125.9621630034539,127.6979708459317,271956800
2013-06-24,125.6341781616211,126.73005370796493,124.57029372512942,125.91415224700417,222329000
2013-06-25,126.84207153320312,128.06593610812547,125.922165265943,126.77007016562092,162262200
2013-06-26,128.09796142578125,128.38593035592882,127.38603993259605,127.88198167674715,134848000
2013-06-27,128.84983825683594,129.441777585241,128.7458457814661,128.86583991589814,129483700
2013-06-28,128.32191467285156,129.10582521744956,127.87396579022413,128.48990160668265,160402900
2013-07-01,129.0738525390625,129.9697504323044,128.84987806575202,128.9938564247259,131954800
2013-07-02,128.95382690429688,129.82572810911566,128.38588397849932,128.88182554349913,154863700
2013-07-03,129.00982666015625,129.4017879958091,128.1619217598003,128.36989451843974,75216400
2013-07-05,130.40171813964844,130.44971092899797,129.02586788505567,129.9617638944541,122416900
2013-07-08,131.14559936523438,131.49756267706417,130.44967967501077,131.0736101984577,108092500
2013-07-09,132.08946228027344,132.24944222679954,131.40153752509244,131.96946816611322,119298000
2013-07-10,132.13746643066406,132.5854152018143,131.6895176595138,131.9614848126138,121410100
2013-07-11,133.93731689453125,134.073300520269,132.12950729258637,133.67334437197223,135592200
2013-07-12,133.9932861328125,134.32924778687635,133.68932780143547,133.89730057613463,104212700
2013-07-15,134.5052032470703,134.6971865287249,134.12924361571902,134.3612249400961,69450600
2013-07-16,134.00132751464844,134.67325099551056,133.64136937887906,134.59325487391982,88702100
2013-07-17,134.3452606201172,134.76921313828797,134.16927894777925,134.51324756396428,92873900
2013-07-18,135.0811767578125,135.40114897887366,134.5452370189388,134.63322785401908,103620100
2013-07-19,135.32110595703125,135.3690987221285,134.6331811773651,134.8011680608935,103831700
2013-07-22,135.58511352539062,135.7770968412453,135.19315216598818,135.5131243590793,79428600
2013-07-23,135.2971954345703,135.84913699482897,135.22520624123982,135.82514059705215,80829700
2013-07-24,134.80120849609375,135.8730879237488,134.5292290694792,135.8170882105456,112914000
2013-07-25,135.12913513183594,135.24912926131455,134.337230023447,134.56120441831348,111088600
2013-07-26,135.27316284179688,135.31316089595458,134.00130527715223,134.56124141828266,107814600
2013-07-29,134.857177734375,135.23313739706282,134.4732233447519,134.92916689386246,79695000
2013-07-30,134.857177734375,135.40911903515882,134.53721777730408,135.26514071618388,85209600
2013-07-31,134.9531707763672,135.86507004845427,134.77718914441272,135.13714713497794,142388700
2013-08-01,136.5129852294922,136.6329671475509,135.90504429615874,135.97704565268245,110438400
2013-08-02,136.7449951171875,136.76099677959655,136.02507898277824,136.2090553805598,91116700
2013-08-05,136.5449981689453,136.75298313441627,136.26503624682044,136.4410178919003,54072700
2013-08-06,135.76907348632812,136.5769924961841,135.46511519676983,136.28101672766223,87495000
2013-08-07,135.32908630371094,135.52906427416022,134.82515011804568,135.33709323416838,84854700
2013-08-08,135.82508850097656,136.1290468247977,135.1291566152877,135.9690668324143,102181300
2013-08-09,135.43312072753906,136.06505814519312,134.9611755003785,135.6491004201529,91757700
2013-08-12,135.27316284179688,135.43314285273522,134.68923030931032,134.75322475482415,68593300
2013-08-13,135.6730499267578,135.9050189937134,134.71315814393282,135.51306999723468,80806000
2013-08-14,134.97718811035156,135.82509308371377,134.94518478738047,135.60911337357896,79829200
2013-08-15,133.08937072753906,133.92926861512618,132.85738939795291,133.91327916222932,152931800
2013-08-16,132.64939880371094,133.2893307984348,132.38542639817405,132.83337513277448,130868200
2013-08-19,131.80148315429688,132.9533582080191,131.79347622390182,132.49740258021797,96437600
2013-08-20,132.44949340820312,132.94543517821728,131.87355551787311,132.01753388760847,89294400
2013-08-21,131.63351440429688,132.80938599964531,131.33755087542966,132.08146316334611,159530500
2013-08-22,132.83340454101562,133.0253878436426,131.89750882637836,131.90550355352065,101471400
2013-08-23,133.28131103515625,133.44929789730156,132.60139327334525,133.22532355156542,90888900
2013-08-26,132.78541564941406,133.82530387575844,132.69742482551513,133.4173408714586,89702100
2013-08-27,130.64967346191406,132.7854377734668,130.55368789464646,131.47358212947472,158619400
2013-08-28,131.1136016845703,131.57755219005617,130.42567675653135,130.59365147060086,108113000
2013-08-29,131.32156372070312,132.0174833192455,130.70562800614502,130.82562214065587,119200500
2013-08-30,130.90560913085938,131.6095356784862,130.52165474383108,131.5935340190338,134928900
2013-09-03,131.49755859375,132.44945601054246,130.94561725421883,132.16948187418322,142375100
2013-09-04,132.58547973632812,132.80945423092035,131.28962555965956,131.5295895140837,97389400
2013-09-05,132.7534637451172,133.10541493897674,132.5694751099086,132.66547289522873,63090500
2013-09-06,132.81736755371094,133.5692866985551,131.56950693277255,133.19332712613303,159756500
2013-09-09,134.08926391601562,134.16924779943255,133.14536132845558,133.14536132845558,87559300
2013-09-10,135.0811767578125,135.10517314868056,134.59322980067492,134.89720035925995,105847200
2013-09-11,135.505126953125,135.505126953125,134.66522887572364,134.8971980520448,94545900
2013-09-12,135.14512634277344,135.63307313794493,134.96115000528889,135.4570915261986,83209000
2013-09-13,135.44915771484375,135.5531502246492,134.97721236459293,135.2891776883156,72727800
2013-09-16,136.2329864501953,136.9769108243666,136.0170068311538,136.91291641110666,106299200
2013-09-17,136.84097290039062,136.87296401484429,136.3530260165623,136.3530260165623,82523300
2013-09-18,138.42477416992188,138.80073378672674,136.4489905516286,136.79294685321815,203460600
2013-09-19,138.1928253173828,138.8647608321755,138.05684170999504,138.80076639240042,146616900
2013-09-20,137.22662353515625,138.5207598171872,137.11409047868327,138.5207598171872,132867100
2013-09-23,136.5915985107422,137.17034341690578,136.1575459637108,137.0417429773448,104616500
2013-09-24,136.27012634277344,137.07393762882302,136.01291310913473,136.567532593752,106333100
2013-09-25,135.87620544433594,136.6317897434343,135.75563870094044,136.35849694828286,117306500
2013-09-26,136.39874267578125,136.7845686689695,135.88430392980115,136.10133641698894,77146900
2013-09-27,135.77174377441406,135.95661690396008,135.41806490732793,135.71547110683912,99141800
2013-09-30,135.04830932617188,135.47432826212312,134.35703123412523,134.62229039022063,143937000
2013-10-01,136.1173553466797,136.24596805367807,135.01613817281523,135.15278457455747,127160000
2013-10-02,135.98880004882812,136.11741281012178,134.90366207153141,135.3216474131418,113350000
2013-10-03,134.73480224609375,135.7958387033951,134.10783061775498,135.6752596886019,176698000
2013-10-04,135.75564575195312,135.89229215662613,134.66246224938604,134.83930165900594,96878000
2013-10-07,134.5820770263672,135.401967724382,134.43739692593212,134.57404333140406,96295000
2013-10-08,133.01466369628906,134.73481904118663,132.91821028457775,134.55797960959282,178015000
2013-10-09,133.1111602783203,133.59343971403482,132.2510762735889,133.27192009022514,168973000
2013-10-10,135.98068237304688,136.05302240715397,134.42128733466456,134.4695140240693,195955000
2013-10-11,136.85693359375,136.90517258369667,135.6592623783136,135.77179549114365,105040000
2013-10-14,137.4034423828125,137.51597542244306,135.90835356190271,136.0128529076959,112106000
2013-10-15,136.40675354003906,137.57227728729643,136.22188040458903,137.05783862742908,155485000
2013-10-16,138.31178283691406,138.3841228927786,137.16232657793526,137.22663293820955,161676000
2013-10-17,139.23614501953125,139.3165310271159,137.72497638625552,137.74908973549438,129389000
2013-10-18,140.17657470703125,140.27302808490717,139.46921722879364,139.75055593450548,138316000
2013-10-21,140.1846923828125,140.46603125707054,139.87120645173042,140.22488540273332,104104000
2013-10-22,140.9965362548828,141.41450927972554,140.2087923880611,140.594630624328,126663000
2013-10-23,140.32130432128906,140.57851748569115,139.83097907817705,140.51421112829473,105484000
2013-10-24,140.7875518798828,140.96439135663258,140.2731131107529,140.60267870516725,70350000
2013-10-25,141.43055725097656,141.4707502580639,140.80358558900213,141.076878412902,93625000
2013-10-28,141.65557861328125,141.84849762723323,141.22955985616963,141.38228587573414,84979000
2013-10-29,142.41119384765625,142.46746650512145,141.77618855233234,141.97714130296657,87401000
2013-10-30,141.703857421875,142.68450797276833,141.19746475490732,142.58002086714436,140002000
2013-10-31,141.30191040039062,142.1861072819836,141.09292398527808,141.59128281025914,133795000
2013-11-01,141.6395263671875,141.96104582629408,140.84374914790408,141.48680033129847,142805000
2013-11-04,142.13792419433594,142.19418459577932,141.45467982485582,142.02539112626462,85677000
2013-11-05,141.68780517578125,142.07363112166163,141.125139782792,141.58330579380265,85825000
2013-11-06,142.41119384765625,142.67645295031537,141.90478899119952,142.29866079790835,87348000
2013-11-07,140.61068725585938,142.78902100341242,140.47404082375243,142.67648792607812,157000000
2013-11-08,142.5076904296875,142.52377008886225,140.546401291887,140.5624686858755,136713000
2013-11-11,142.53175354003906,142.7005469591933,142.20218813002057,142.37098154917481,62614000
2013-11-12,142.24244689941406,142.5639664994487,141.76818893136115,142.22636723985636,83990000
2013-11-13,143.38388061523438,143.42406137284763,141.5431456515334,141.5431456515334,103844000
2013-11-14,144.0991973876953,144.2197641282617,143.27930675629747,143.51240654311985,103435000
2013-11-15,144.72616577148438,144.7824261607783,144.147420899188,144.33229398569932,102818000
2013-11-18,144.21978759765625,145.08790506655245,143.89826806036913,144.96733830636583,104796000
2013-11-19,143.90626525878906,144.58146347496017,143.65708584081025,144.1474109831876,93891000
2013-11-20,143.45616149902344,144.6297187833531,143.0622896624013,144.19566620569856,124909000
2013-11-21,144.61366271972656,144.726195786835,143.7696585838211,143.85807829834803,92841000
2013-11-22,145.33705139160156,145.35313104435286,144.50109342625387,144.66988685200786,81296000
2013-11-25,145.19241333007812,145.62646595852448,144.98341457937238,145.59431890890008,79486000
2013-11-26,145.2325897216797,145.6666546022975,145.01556954655533,145.26474903552486,86994000
2013-11-27,145.58624267578125,145.6827083349661,145.20845052902834,145.3852899281545,58800000
2013-11-29,145.4897918701172,146.09265012372265,145.32903212219225,145.74701727894316,55870900
2013-12-02,145.11203002929688,145.83545517866767,144.88696388215106,145.5621623235885,99726000
2013-12-03,144.48501586914062,144.99945437801182,144.0188040540415,144.63774190953984,116563000
2013-12-04,144.46897888183594,145.07183726239046,143.35972780194152,143.96258618249604,123033000
2013-12-05,143.83396911621094,144.4770204891262,143.69732269255897,144.21176133785423,106934000
2013-12-06,145.44161987304688,145.57826632343512,144.80660207191585,145.2245873858716,127728000
2013-12-09,145.8113250732422,146.02835749919382,145.61841826367072,145.86759773615634,70124000
2013-12-10,145.2888641357422,145.77918942370948,145.2004444193814,145.47373726442947,80976000
2013-12-11,143.65707397460938,145.36919498471727,143.48023460900293,145.3450816407873,130591000
2013-12-12,143.182861328125,143.76963994015676,142.88544290954766,143.59280053403495,115565000
2013-12-13,143.16680908203125,143.60890768197348,142.89351622577067,143.48029495013844,107808000
2013-12-16,144.05905151367188,144.53329720195526,143.80182602940457,143.8420190444696,96195000
2013-12-17,143.600830078125,144.21173428713644,143.27931058456923,144.1876209383789,89886000
2013-12-18,146.05247497558594,146.07658832746344,142.53179068444513,143.81788109025376,234906000
2013-12-19,145.88363647460938,146.0524298856413,145.25666498898744,145.63444480683324,136531200
2013-12-20,146.73231506347656,147.07983687766256,145.93222935663908,146.0292064527946,197087000
2013-12-23,147.51617431640625,147.60507405518922,147.1444207409657,147.45151883985764,85598000
2013-12-24,147.83950805664062,147.90416356322953,147.5162428554731,147.52432016938036,45368800
2013-12-26,148.59104919433594,148.67187162334656,148.1546401402839,148.170794760669,63365000
2013-12-27,148.58299255371094,148.84967947664833,148.42943731629225,148.78503632257278,61814000
2013-12-30,148.5587158203125,148.7203483337224,148.36474940515842,148.59911469983726,56857000
2013-12-31,149.26185607910156,149.26185607910156,148.64763513180682,148.76079148043308,86119900
2014-01-02,147.83143615722656,148.7608452252335,147.4758370238519,148.68810007029603,119636900
2014-01-03,147.80712890625,148.3809385963976,147.59700784049974,148.0819054534093,81390600
2014-01-06,147.37881469726562,148.34862237044146,147.15252665125038,148.29205652482446,108028200
2014-01-07,148.28395080566406,148.53448309146515,147.855619027016,147.9687630377575,86144200
2014-01-08,148.3162841796875,148.56681646458838,147.80712996729395,148.25970600863388,96582300
2014-01-09,148.41331481933594,148.80932516436897,147.73445051223075,148.79315820512073,90683400
2014-01-10,148.8173828125,148.88203830917226,147.90414087819514,148.66382754937527,102026400
2014-01-13,146.8373565673828,148.84970495739472,146.55449030984474,148.43754003779864,149892000
2014-01-14,148.43756103515625,148.51838350067854,147.04749848425547,147.3222751361883,105016100
2014-01-15,149.2375946044922,149.46388261210492,148.46983084067958,148.7850185892667,98525800
2014-01-16,149.04364013671875,149.23760658671952,148.5668198203776,148.9304961238281,72290600
2014-01-17,148.41331481933594,149.06793485345713,148.15470513024778,148.78508089138498,107848700
2014-01-21,148.8496856689453,149.32651835544348,147.93645618130415,149.2699401785574,88621200
2014-01-22,148.94668579101562,149.16489653907067,148.63149796905807,149.10024104587754,61270900
2014-01-23,147.726318359375,148.21930565448994,146.94239987216582,148.1950613884821,132496900
2014-01-24,144.57443237304688,146.8130806861349,144.52594384374365,146.76459215683167,208677100
2014-01-27,143.86326599121094,145.0836184616622,143.14399054108955,144.71185243572552,180843100
2014-01-28,144.71990966796875,144.9057864734195,143.9521335180739,143.968300471696,110463200
2014-01-29,143.329833984375,144.29964146931482,142.94999076690982,143.51571077214376,216597300
2014-01-30,144.84925842285156,145.3180015859094,144.06532737984858,144.5259932291866,118938100
2014-01-31,144.0006103515625,144.89768506225732,142.9823143279784,143.05504711571197,194677900
2014-02-03,140.7598419189453,144.1541745405784,140.48506537144783,143.8309094649075,254837100
2014-02-04,141.7458038330078,142.1094800937579,140.711340884675,141.39020488231134,165012400
2014-02-05,141.5680694580078,141.8832573398338,140.38814039549078,141.25288157618184,164230500
2014-02-06,143.43487548828125,143.43487548828125,141.60840468314413,141.89934813572768,132877600
2014-02-07,145.212890625,145.3664458613484,143.63695170521652,144.1056947255216,170787200
2014-02-10,145.47958374023438,145.5280846010663,144.83305357707755,145.22905145224524,92218800
2014-02-11,147.07174682617188,147.44351291337142,145.50388467316998,145.60087410083523,117814100
2014-02-12,147.1444549560547,147.75866362842999,146.85351140981922,147.28992056328536,94717700
2014-02-13,147.90415954589844,148.0577148284041,146.1423432833686,146.15042059705647,100542200
2014-02-14,148.72035217285156,148.99512868591864,147.62931109857206,147.7666993551056,96498400
2014-02-18,148.89820861816406,149.10025242539746,148.42137586094398,148.84970774573677,80460900
2014-02-19,147.91217041015625,149.47194201373208,147.79093677875028,148.51021193072023,126524300
2014-02-20,148.78504943847656,149.12448152027378,147.57278671844043,148.11426258691034,104998100
2014-02-21,148.61532592773438,149.42350106733417,148.54259312479616,149.06790203282642,118116400
2014-02-24,149.43966674804688,150.4417960202654,148.86585697784605,148.93051246827528,114063900
2014-02-25,149.3831024169922,149.98923382270775,148.89011504707256,149.56090194921077,117085000
2014-02-26,149.39114379882812,149.99727500872584,148.9708893737365,149.60126484548843,98677200
2014-02-27,150.1750946044922,150.21549349181464,149.00323090959603,149.17295309708663,93880800
2014-02-28,150.55496215820312,151.2499933676822,149.55283273879772,150.15087453250075,150842000
2014-03-03,149.49623107910156,149.87607437416352,148.50217912885,149.22953180820016,167748500
2014-03-04,151.59739685058594,151.92066176620187,150.9266104355051,150.95893199436026,167545900
2014-03-05,151.73486328125,151.99348521248479,151.49240830366048,151.72678597031359,88376900
2014-03-06,152.08238220214844,152.42990390265118,151.75911709952686,152.1066388000296,82516500
2014-03-07,152.14706420898438,152.7127967348418,151.47627728893872,152.7127967348418,114513500
2014-03-10,152.06619262695312,152.12275845761235,151.19336225236648,151.9126374223818,74939200
2014-03-11,151.31460571289062,152.51071362271978,150.9670963731481,152.2925029141767,99009100
2014-03-12,151.35501098632812,151.41158915482083,150.23972555509837,150.57916990251135,104824400
2014-03-13,149.6578826904297,151.92886543811116,149.23764045106063,151.80763175493618,155014300
2014-03-14,149.2375946044922,150.15891358742164,149.0597951225434,149.391149823609,153919600
2014-03-17,150.58726501464844,150.9428640250065,149.9245555259315,149.98921101252145,98359500
2014-03-18,151.66213989257812,151.86418366447003,150.73273114281136,150.89437602574344,101804600
2014-03-19,150.85394287109375,151.88840584622932,149.8922126836385,151.67827246167994,176267300
2014-03-20,151.73486328125,151.8480072932221,150.25590148290368,150.5226007250749,117241000
2014-03-21,151.1462860107422,153.43540330700742,151.0082914227409,152.3720237747316,163128000
2014-03-24,150.52127075195312,151.85253914803323,149.86376189879425,151.66582962251672,121411000
2014-03-25,151.2356414794922,151.747042874135,150.39143529719541,151.28434401494403,103852000
2014-03-26,150.1479034423828,152.07172782290922,150.1073138692758,151.82820277046568,119843000
2014-03-27,149.83139038085938,150.44831004989953,149.27939919386208,149.96938508105768,142383000
2014-03-28,150.5700225830078,151.32493667027694,150.17226455838892,150.26155667060135,101642000
2014-03-31,151.80381774902344,152.03922978897927,150.59433048828444,151.52782853118194,99745000
2014-04-01,152.81039428710938,152.89968638081265,151.79571703420692,152.2989929880635,89193000
2014-04-02,153.32183837890625,153.52477388612687,152.72114481850107,153.0052594830901,78774000
2014-04-03,153.1189422607422,153.59786720829572,152.64813027653236,153.55727761917007,77435000
2014-04-04,151.3086700439453,153.98742052276629,151.06515740730475,153.95495629994662,169381000
2014-04-07,149.63645935058594,151.19500190059213,149.32800593267112,150.94336395984774,140803000
2014-04-08,150.25341796875,150.49693060924798,149.02767987598915,149.57154541676357,112660000
2014-04-09,151.86880493164062,151.91750746892643,150.22096969373877,150.65931730171053,100254000
2014-04-10,148.67864990234375,151.9337304738207,148.49194034662077,151.86067667525003,172959000
2014-04-11,147.3392333984375,148.88966303801752,147.17688753359357,147.85063463958167,167251000
2014-04-14,148.50013732910156,148.8491805703384,147.28252388742143,148.49201197898617,132382000
2014-04-15,149.52284240722656,149.6283728085675,147.33925490567813,148.80851802040357,157093000
2014-04-16,151.08953857421875,151.09765153498006,149.88815152676295,150.55378589518034,105197000
2014-04-17,151.3005828857422,151.72269217156253,150.6268355750172,150.88659894666026,105255000
2014-04-21,151.82821655273438,151.87693147660414,151.15448160003348,151.34117878983494,68329000
2014-04-22,152.51821899414062,152.93220299612096,151.90129947205597,151.98246624837697,85790000
2014-04-23,152.16104125976562,152.542561005297,152.03928490957495,152.46139423390335,73869000
2014-04-24,152.46949768066406,152.9240712079432,151.73892246650863,152.9078329001976,88170000
2014-04-25,151.21942138671875,152.06364005690128,150.87849121129145,151.9743479357512,100380000
2014-04-28,151.69830322265625,152.35581206278187,150.13976053852986,151.83629783473972,135121000
2014-04-29,152.40455627441406,152.63995599795936,151.86069063583733,152.18538247235492,84098000
2014-04-30,152.85914611816406,153.0133790921446,151.94187362209107,152.15293448593846,101508000
2014-05-01,152.87535095214844,153.28933485518132,152.38830086582885,152.78605884919645,93019000
2014-05-02,152.6561737060547,153.53285640979118,152.4288869739228,152.85910917304375,98122000
2014-05-05,152.94845581054688,153.05398625459333,151.48731744999037,151.9094268399739,75883000
2014-05-06,151.61712646484375,152.71298280632976,151.58466224404404,152.60745241288691,85454000
2014-05-07,152.51007080078125,152.58312459845425,150.99210503845188,152.12855112022453,106500000
2014-05-08,152.34774780273438,153.45984287621923,151.86070998589975,152.37211146046724,93618000
2014-05-09,152.57501220703125,152.63994065885026,151.65773990105828,152.37207673305127,83679000
2014-05-12,154.06051635742188,154.13358255455125,152.60750355541293,153.25689966480374,86940000
2014-05-13,154.19851684570312,154.57191123203614,154.04428388283512,154.26344530630013,66454000
2014-05-14,153.4679412841797,154.13357567279115,153.24876747497834,154.06050947892402,72367000
2014-05-15,152.12037658691406,153.19188148444655,151.37357577326762,153.15940488296079,154956000
2014-05-16,152.64810180664062,152.71304265988908,151.56848334551262,152.20975414376394,97458000
2014-05-19,153.2081298828125,153.32988618092304,152.21780403752985,152.35579863745346,63839000
2014-05-20,152.24217224121094,153.15131906480826,151.8525396576973,153.13508076118788,111644000
2014-05-21,153.52476501464844,153.59781882033832,152.6561951485586,152.6805464171219,89093000
2014-05-22,153.8981475830078,154.2147264362424,153.30557944976331,153.5653304232436,61549000
2014-05-23,154.51512145996094,154.62063951565037,153.89818950576682,154.0361841833623,61092800
2014-05-27,155.46482849121094,155.51353102853648,155.00212961421877,155.09142172804886,72010000
2014-05-28,155.35116577148438,155.7083341823464,155.09140242314902,155.46480913983154,66723000
2014-05-29,156.15476989746094,156.17912116115698,155.31056385487076,155.7083218055684,64377000
2014-05-30,156.40646362304688,156.50388109874788,155.87883620665625,156.00871791678986,76316000
2014-06-02,156.58505249023438,156.65811869571277,155.8301382519743,156.62564207412194,64656000
2014-06-03,156.50384521484375,156.58501197541577,156.05738468000192,156.20349228075082,65047000
2014-06-04,156.82044982910156,156.9097419507373,156.07364862369388,156.23599455770412,55529000
2014-06-05,157.8431854248047,158.00553130231162,156.42263732077498,156.99897943005064,92103000
2014-06-06,158.59812927246094,158.6387064566823,158.11107919982575,158.18413299486167,78696000
2014-06-09,158.76048278808594,159.14200247318274,158.42766563535068,158.57378561863382,65119000
2014-06-10,158.77671813964844,158.8091823652192,158.22472721535954,158.56565732174462,57129000
2014-06-11,158.22471618652344,158.38706207545764,157.86754779914978,158.20847788177082,68772000
2014-06-12,157.10455322265625,158.12735614789995,156.755510081388,158.03806402563583,106350000
2014-06-13,157.5834503173828,157.7376832516662,156.90970309120675,157.4129790778597,82017000
2014-06-16,157.7133331298828,158.0461502917605,157.20194413984024,157.3886413144209,87424000
2014-06-17,158.15170288085938,158.2653462708255,157.32372253327753,157.49419381132694,84834000
2014-06-18,159.31243896484375,159.40173105703383,157.80259874266395,158.15165415256945,105267000
2014-06-19,159.4910430908203,159.58846054024232,158.9390645509548,159.45045351907768,85929000
2014-06-20,159.81484985351562,159.9453538900442,159.61909379872276,159.88825370698174,100587000
2014-06-23,159.76589965820312,159.90455551752908,159.4722718250574,159.85561961959624,70611000
2014-06-24,158.80345153808594,160.2715907362299,158.62401161133783,159.48042718071758,96237000
2014-06-25,159.52122497558594,159.6843488015205,158.4364334870733,158.46905327404014,82782000
2014-06-26,159.4070281982422,159.5620001802143,158.338552885339,159.54568406486212,84312000
2014-06-27,159.7169647216797,159.7659006199071,158.95842096250846,159.03182480984955,71445100
2014-06-30,159.6354217529297,160.0024534930285,159.48044975375333,159.61910563576618,70201200
2014-07-01,160.7039031982422,161.19328716705465,159.9698396905748,160.02692743445715,90470000
2014-07-02,160.86700439453125,161.07091227857435,160.64679284056038,160.720196691884,52475000
2014-07-03,161.65818786621094,161.73159172656415,161.20143614105623,161.32377590831155,52938800
2014-07-07,161.09542846679688,161.47877639923007,160.85890072652376,161.34828477298626,61696000
2014-07-08,160.0595245361328,160.85883989389154,159.66801246880118,160.80173971699162,108143000
2014-07-09,160.77731323242188,160.92413340692283,160.11665356104706,160.4592173741469,72992000
2014-07-10,160.14112854003906,160.56526051819304,159.09712093654642,159.22762499837108,99040000
2014-07-11,160.36131286621094,160.4755007806344,159.68433721443282,160.0432170727778,64243000
2014-07-14,161.16880798339844,161.38086771748075,161.0383039414014,161.1769598189418,58658000
2014-07-15,160.86700439453125,161.57661229397496,160.1574089406371,161.26666832765358,111307000
2014-07-16,161.4624481201172,161.70712766050988,161.02200005630752,161.58478789031352,79986400
2014-07-17,159.6272430419922,161.57660178888244,159.39885477680724,160.96487817652505,145398000
2014-07-18,161.25852966308594,161.42165349453325,160.05955021134483,160.14927018547343,124330000
2014-07-21,160.9567413330078,161.08724537948797,160.2145135698967,160.75283342746417,67592000
2014-07-22,161.65818786621094,161.95181575317483,161.3890279326981,161.50321586398678,67678000
2014-07-23,162.01705932617188,162.18834743694543,161.57662374147628,161.90287140083964,65612000
2014-07-24,162.02525329589844,162.35966532331653,161.86212942379686,162.1720734926774,56888000
2014-07-25,161.26670837402344,161.7071440368854,160.9486124937474,161.5684881347705,76837000
2014-07-28,161.33189392089844,161.56842155160788,160.3694423941606,161.29926169528835,69259000
2014-07-29,160.63861083984375,161.86205800914271,160.61414289210163,161.63368219985077,80466000
2014-07-30,160.6631317138672,161.42167568040014,159.9943201793463,161.20960346937582,104222000
2014-07-31,157.49029541015625,159.68434630448513,157.392423605236,159.54569043233144,183479000
2014-08-01,157.0090789794922,158.03677028877806,156.25054758478004,157.058014882951,189261000
2014-08-04,158.14276123046875,158.47717306937065,156.64200254026315,157.31081377252028,91340000
2014-08-05,156.6094512939453,157.90631526369117,156.0385115454535,157.49849937968943,152690000
2014-08-06,156.6584014892578,157.32721307516695,155.8509215490771,155.87538950675955,94818000
2014-08-07,155.81011962890625,157.5229511438571,155.4186199052653,157.36797913257894,135733000
2014-08-08,157.6126251220703,157.71864874708874,155.74482214102622,156.16080214368094,117014000
2014-08-11,158.0693817138672,158.7708252773924,157.99597786834153,158.20803757059852,74544000
2014-08-12,157.84921264648438,158.35490035231814,157.36799289767143,157.9144646803908,73632000
2014-08-13,158.9176483154297,159.097088252187,158.19990101395027,158.46904847353645,69047000
2014-08-14,159.66807556152344,159.66807556152344,159.03188375765453,159.17870395230693,57371000
2014-08-15,159.6354217529297,160.39395318609715,158.48537818114272,160.24714546827798,139951000
2014-08-18,160.9730682373047,161.04647210128712,160.42659650729374,160.5163164895673,75424000
2014-08-19,161.81312561035156,161.9354653517059,161.03827820882785,161.36452581613833,59135000
2014-08-20,162.24539184570312,162.44114785637055,161.5602644766878,161.59288425569216,72763000
2014-08-21,162.71847534179688,162.9305350397898,162.25355943838568,162.38406345817285,67791000
2014-08-22,162.46566772460938,162.8734835430072,162.09863597716156,162.5880074919083,76107000
2014-08-25,163.28941345214844,163.60750921914715,162.43299794236785,163.24047755654067,63855000
2014-08-26,163.39544677734375,163.7951106606717,163.35466271650654,163.39544677734375,47298000
2014-08-27,163.33023071289062,163.59123880325,163.07738690382422,163.4770384295547,47874000
2014-08-28,163.2405242919922,163.3465603931991,162.6288005306633,162.79192437790732,58330000
2014-08-29,163.70542907714844,163.72173274886646,162.97951742806706,163.49335688930495,65907000
2014-09-02,163.62384033203125,163.94193612818935,163.01211668976188,163.9174681781425,72426000
2014-09-03,163.53416442871094,164.2763923015794,163.3057885363749,164.25192434494,57462000
2014-09-04,163.29762268066406,164.41503408977792,162.84902277153205,163.81146217153196,85236000
2014-09-05,164.03163146972656,164.09688347523917,162.6450605778394,163.26493596188786,102177000
2014-09-08,163.60755920410156,164.1132593194945,163.1263394895399,163.87671915772555,64146000
2014-09-09,162.5717315673828,163.5749551671153,162.23731955228757,163.4607672162966,88591000
2014-09-10,163.1834259033203,163.28944955206072,162.12310229705966,162.66140971330194,67251000
2014-09-11,163.37100219726562,163.39547014815804,162.40855049514727,162.53090269515923,66774400
2014-09-12,162.4167022705078,163.22416947888667,161.95178634824822,163.20786580991356,117409300
2014-09-15,162.2943878173828,162.5717120465455,161.80501627787254,162.4412079911221,76401000
2014-09-16,163.517822265625,163.81145014408418,161.90287515687484,161.9925951321138,116201000
2014-09-17,163.738037109375,164.49656849297907,162.922405542205,163.7543532254724,151266000
2014-09-18,164.6107177734375,164.63518571721502,164.02346223168493,164.23552189293875,94990000
2014-09-19,164.46243286132812,165.44576330744155,164.1264577702575,165.1343830434694,121649000
2014-09-22,163.1922607421875,164.20018582252143,162.84809577709396,164.17560350385207,125553000
2014-09-23,162.2581329345703,163.2824381302417,162.20896828577418,162.60229797986884,111393000
2014-09-24,163.5283203125,163.63485208429213,161.8566592601284,162.28276133983877,107276000
2014-09-25,160.88967895507812,163.1103783453839,160.83232436026083,163.10217590060518,150300000
2014-09-26,162.1680145263672,162.56954671628225,160.95524051906705,161.1846839122393,103547000
2014-09-29,161.87301635742188,162.15982685476516,160.65205239175026,160.7749640313389,95112000
2014-09-30,161.44688415527344,162.4957716294319,161.1109090649051,161.99591021567474,131302000
2014-10-01,159.259033203125,161.2420872635107,158.89847564601305,161.18472015045654,177798000
2014-10-02,159.28353881835938,159.8407547718948,157.6200683932079,159.1196400049911,157285000
2014-10-03,161.0371856689453,161.3813507495612,159.857183961847,160.34884300398676,121569000
2014-10-06,160.8487548828125,161.92223767747228,160.26695629178457,161.7091741057741,104778000
2014-10-07,158.3657989501953,160.38163740480442,158.33302668024245,160.0210799166851,147913000
2014-10-08,161.13546752929688,161.3649108488131,157.62824821243632,158.45588215042542,186461000
2014-10-09,157.93968200683594,161.10273716699956,157.80856793195136,160.88148372859766,210705000
2014-10-10,156.1368865966797,158.68535846465582,156.09592439117432,157.89869906381168,221909000
2014-10-13,153.572021484375,156.63673441005386,153.48188213340063,156.07132848527797,230939000
2014-10-14,153.80966186523438,155.54689193652553,153.26882573444396,154.39966264360115,215847000
2014-10-15,152.76895141601562,153.80145894286636,149.07326317501716,151.7282664535594,380715000
2014-10-16,152.6378936767578,153.71136371207797,149.86816793403966,150.00747196497082,270391000
2014-10-17,154.44068908691406,155.4895769323252,153.74415633631835,154.39971436563266,214625000
2014-10-20,155.94021606445312,156.06312767901449,154.11285920686723,154.16202385269176,130011000
2014-10-21,159.02960205078125,159.13612133453972,156.9072312671353,157.0711176683822,154949000
2014-10-22,157.89871215820312,159.7178793661399,157.8331551187419,159.30815724730238,151822000
2014-10-23,159.7342529296875,160.774950571412,159.18522681260995,159.4802272266529,154944000
2014-10-24,160.96340942382812,161.01258657627557,159.3736982656752,159.99647132236214,117927000
2014-10-27,160.74217224121094,160.97980555013282,159.81619632300422,160.38980474430343,82954000
2014-10-28,162.58592224121094,162.59411218164377,161.20924952122132,161.28300900002006,106736000
2014-10-29,162.34011840820312,163.1677526887858,161.26664832531296,162.70067591775702,142557000
2014-10-30,163.38076782226562,163.8478444549362,161.75825950989525,161.90576594907648,113330000
2014-10-31,165.24911499023438,165.38022905885788,164.51981017613906,165.3474442898391,146903000
2014-11-03,165.33924865722656,165.8964646741042,164.96229884884286,165.46216027750094,93600000
2014-11-04,164.76564025878906,165.19994465539864,163.93799366984507,164.89674181917516,93343000
2014-11-05,165.80636596679688,166.01122705329448,165.0770609990146,165.97025233524928,91709000
2014-11-06,166.47006225585938,166.56020160611078,165.2327061785214,165.8472892474016,107089000
2014-11-07,166.6258087158203,166.83887224612195,166.02761785002446,166.48650467878446,89540000
2014-11-10,167.1502227783203,167.19938742924273,166.45370271737593,166.65856376537008,66319000
2014-11-11,167.3140411376953,167.42057284056168,166.87973689269998,167.21571187580082,54499400
2014-11-12,167.1338348388672,167.36327820126,166.60118863752817,166.63397340571314,90120300
2014-11-13,167.32229614257812,167.84673987696982,166.51924440948062,167.297713819382,85357900
2014-11-14,167.36328125,167.56814229184863,166.93716678191166,167.2485595667138,80417500
2014-11-17,167.4698028564453,167.64189163567,166.87980204728342,167.04370088605964,80441000
2014-11-18,168.43679809570312,168.73998852102469,167.52721431600932,167.52721431600932,76068100
2014-11-19,168.16635131835938,168.43676942345024,167.4124641028305,168.2400983005495,82373000
2014-11-20,168.46133422851562,168.56786597197197,167.3141048865132,167.37966192066125,72840300
2014-11-21,169.36273193359375,170.3132902664267,168.78912345816937,170.14940391683788,142327300
2014-11-24,169.8380126953125,169.94454445022305,169.55121470676988,169.76426571286387,65880800
2014-11-25,169.715087890625,170.272303941975,169.46106219052567,170.067442893027,79108300
2014-11-26,170.14939880371094,170.24772810976395,169.64953732506373,169.86258832275414,62167800
2014-11-28,169.7888641357422,170.3378903411174,169.5512307796385,170.02650999557414,57890100
2014-12-01,168.60888671875,169.24805239395545,168.29750632809228,169.13333067029626,103968400
2014-12-02,169.69871520996094,169.90357628269606,168.62524518942539,168.64982751785539,74507200
2014-12-03,170.35427856445312,170.5673295855354,169.70692305565024,169.87080941830797,68952000
2014-12-04,170.165771484375,170.66563290513906,169.37909961586632,170.06742968598317,91316600
2014-12-05,170.44442749023438,170.82956734111156,170.07568002765987,170.33789572185978,91025500
2014-12-08,169.3053741455078,170.54273044085798,168.7481455629405,170.0510714013622,108588200
2014-12-09,169.19061279296875,169.297144519898,167.0928380405775,167.46977529879453,125180100
2014-12-10,166.47833251953125,168.78915929797455,166.28985129894235,168.73180469011723,159856400
2014-12-11,167.32229614257812,168.96118437551786,166.92896646771555,167.06827046706843,159012800
2014-12-12,164.61814880371094,167.01912686949117,164.58537653656094,166.05217618825847,202330200
2014-12-15,163.48731994628906,165.96204511457663,162.8891291370386,165.51134827045897,189965800
2014-12-16,162.17617797851562,165.85547382964904,162.13520327450223,162.72520400186747,259543800
2014-12-17,165.3556365966797,165.80633339919441,162.48758194905534,162.61050607904625,253910100
2014-12-18,169.4446563720703,174.5170175424843,167.10104565775663,167.77299584682268,257633900
2014-12-19,170.1656494140625,170.8330605981145,169.41583651008966,170.09148283703885,245084600
2014-12-22,170.9484100341797,170.9484100341797,170.11620800944846,170.35515287325197,148318900
2014-12-23,171.1791229248047,171.57462351516708,170.89072948163678,171.52518751296392,122167900
2014-12-24,171.19564819335938,171.66530290337394,171.15444732373768,171.40163996872755,42963400
2014-12-26,171.7476806640625,172.0855101459579,171.59112492500176,171.6405609325497,57326700
2014-12-29,171.97842407226562,172.18441585918885,171.50052161787488,171.5664404984192,79643900
2014-12-30,171.05551147460938,171.68995685366104,170.98134490786558,171.55813172189147,73540800
2014-12-31,169.35813903808594,171.54165871129243,169.23454904097866,171.37686785757063,130333800
2015-01-02,169.26751708984375,170.4622791732047,168.23755844745486,170.05029571624917,121465900
2015-01-05,166.21058654785156,168.39409357351823,165.90572285027358,168.22930272544193,169632600
2015-01-06,164.6450958251953,167.0345951519791,163.85408195469216,166.5154919065633,209151400
2015-01-07,166.69679260253906,167.0346221525055,165.51852560943698,165.96346233975933,125346700
2015-01-08,169.65476989746094,169.8690093256582,168.08100276449525,168.0974730491747,147217800
2015-01-09,168.2952423095703,170.0832490055506,167.68550226657175,170.06676614689192,158567300
2015-01-12,166.97689819335938,168.5836438117954,166.37540583732635,168.42708807890264,144396100
2015-01-13,166.5072021484375,169.30868406597367,165.21356831758087,168.18808878441223,214553300
2015-01-14,165.50201416015625,165.69977076877643,163.61513523893473,164.5050085458786,192991100
2015-01-15,163.9858856201172,166.44953844924805,163.87053076429905,166.13643959644816,176613900
2015-01-16,166.1363983154297,166.29295398929736,163.59857954528306,163.77985321263162,211879600
2015-01-20,166.49073791503906,167.0345590476675,164.93344108813844,166.77088362357995,130991100
2015-01-21,167.33119201660156,167.8090943057838,165.56790343300892,166.0293228645679,122942700
2015-01-22,169.8196258544922,169.951451036386,166.71326633940515,168.08105475506835,174356000
2015-01-23,168.88848876953125,169.81957534719535,168.75665105410798,169.56413505878655,117516800
2015-01-26,169.2840118408203,169.37464871062735,167.96567222959058,168.67428432824417,92009700
2015-01-27,167.05104064941406,168.1881063322217,166.2270738144371,167.24054950109263,134044600
2015-01-28,164.9087371826172,168.3281948366188,164.71922831331804,168.22932283050397,168514300
2015-01-29,166.43304443359375,166.68847210843228,163.70570399431702,165.10645749447005,173585400
2015-01-30,164.34022521972656,166.5814165962513,164.07656230217393,165.26307686300927,197729700
2015-02-02,166.37539672851562,166.46603359139985,163.0300930901773,164.83458263222118,163107000
2015-02-03,168.7813720703125,168.7896197856342,166.89449345395215,167.26527603406157,124212900
2015-02-04,168.138671875,169.2263141420528,167.68548759706135,168.02331701995527,134306700
2015-02-05,169.83602905273438,169.9843496112907,168.72368144087096,168.79783543378144,97953200
2015-02-06,169.36643981933594,170.75894622915044,168.84733652336624,170.19864206365708,125672000
2015-02-09,168.60833740234375,169.44053937917812,168.20458912716913,168.72369225628847,87219000
2015-02-10,170.40464782714844,170.66007563732708,168.64959373783665,169.63836439661247,96164200
2015-02-11,170.5034637451172,170.9319300513803,169.5971077032086,170.23980087623477,91087800
2015-02-12,172.1431121826172,172.20079588342236,170.5363797187122,171.29442753315112,97545900
2015-02-13,172.85174560546875,172.90118159934494,172.011295991369,172.2667362476208,93670400
2015-02-17,173.12364196777344,173.2966805049052,172.291440135957,172.5386200850968,76968200
2015-02-18,173.14016723632812,173.21432123923566,172.48922635017442,172.75290179082833,80652900
2015-02-19,173.01663208007812,173.37917966588674,172.4069043882563,172.5469773059111,91462500
2015-02-20,174.0548095703125,174.12896358965654,171.98664416406976,172.60461947074984,140896400
2015-02-23,174.03009033203125,174.03009033203125,173.42858531874762,173.80761570283403,74411100
2015-02-24,174.52447509765625,174.72223173425422,173.65930710005844,173.9559357685851,72472300
2015-02-25,174.37608337402344,174.87870358304232,174.03825399672306,174.40080137014448,73061700
2015-02-26,174.17018127441406,174.44209194433552,173.56867619879648,174.28553617322248,72697900
2015-02-27,173.576904296875,174.33495248517968,173.52746828479377,174.07127699042695,108076000
2015-03-02,174.67276000976562,174.73043115902072,173.62631845239653,173.67575445825463,87491400
2015-03-03,173.9559326171875,174.72222856897434,173.0990123529348,174.24432613540907,110325800
2015-03-04,173.2226104736328,173.43684997924825,172.25857041658625,173.36268338044394,114497200
2015-03-05,173.41212463378906,173.6922704355588,172.90950419050083,173.54394981696635,76873000
2015-03-06,170.97314453125,172.98362592918326,170.64356277570667,172.5551595887865,188128000
2015-03-09,171.6817626953125,172.03606246641996,171.0143514444442,171.17090718432462,89818900
2015-03-10,168.89669799804688,170.40455863341515,168.8554971467065,170.32216950346904,157121300
2015-03-11,168.50128173828125,169.32524888614572,168.41887999439845,169.15221025308819,110145700
2015-03-12,170.6435546875,170.70946097729438,169.07800999102813,169.12744599474263,93993500
2015-03-13,169.5970916748047,171.327414449138,168.56713315220063,170.37162249544068,162410900
2015-03-16,171.8629913330078,171.95362818111172,169.62180070056112,170.32217748797643,136099200
2015-03-17,171.35214233398438,171.731160023628,170.54464581255363,171.129667776224,94510400
2015-03-18,173.41212463378906,174.0795359856042,170.24808135546706,170.882539554673,228808500
2015-03-19,172.62103271484375,173.4202814616334,172.23376733968857,173.00006294875075,117917300
2015-03-20,174.14474487304688,174.6496087046766,173.38331317480913,173.56539604056786,177715100
2015-03-23,173.80545043945312,174.72413689693036,173.80545043945312,174.15305982486876,71784500
2015-03-24,172.8288116455078,174.13647945569306,172.7625985389774,173.68128487019177,77805300
2015-03-25,170.29620361328125,173.26745828942722,170.25483147293886,173.0357187365326,159521700
2015-03-26,169.89065551757812,170.8010572410851,168.93885639849546,169.63408764432745,153067200
2015-03-27,170.27963256835938,170.45343089079788,169.58440139203606,169.77476877413443,118939000
2015-03-30,172.35704040527344,172.65499305710676,171.28938410303803,171.30592790729784,96180400
2015-03-31,170.85076904296875,172.23294745000203,170.79284045395625,171.53771597981955,126768700
2015-04-01,170.24655151367188,170.84245684536316,169.26165207299155,170.8176285089476,137303600
2015-04-02,170.8590087890625,171.3059314616564,169.99825105308088,170.18033393458242,86900900
2015-04-06,172.00938415527344,172.5225197822143,169.84095927615712,169.97337281840154,114368200
2015-04-07,171.55426025390625,172.7791713582683,171.521160009512,172.03429588521888,81236300
2015-04-08,172.13357543945312,172.57222620747424,171.3887001127006,171.77769420945268,89351900
2015-04-09,172.89500427246094,173.1267438203654,171.47973864981995,171.96804608084307,85548900
2015-04-10,173.83853149414062,173.87991626544922,172.94468610394253,173.1433128000492,72722900
2015-04-13,173.0522918701172,174.32687225591252,173.0026351902037,173.69785396671355,74436600
2015-04-14,173.38331604003906,173.5653989088068,172.23289025765612,172.85362386603953,75099900
2015-04-15,174.1613311767578,174.66619513158932,173.7640651130928,173.84683466458407,99529300
2015-04-16,174.1116485595703,174.61651243919104,173.63161301592615,173.8302523325971,68934900
2015-04-17,172.10877990722656,173.1681645257431,171.3307915654402,172.9281530259111,191113200
2015-04-20,173.68128967285156,174.01234258579933,172.94468620701252,173.0274431208199,92189500
2015-04-21,173.4744110107422,174.51723924826706,173.17645828161199,174.35998466499538,72559800
2015-04-22,174.3268280029297,174.5089108689643,172.8949934083068,173.81367964007876,78264600
2015-04-23,174.76551818847656,175.41108026692928,173.8137188777299,173.92958867055833,102585900
2015-04-24,175.1710205078125,175.43587291116663,174.7240978632245,175.17930503845338,61327400
2015-04-27,174.4427032470703,175.85796882521973,174.2523358446019,175.73382715305146,79358100
2015-04-28,174.99725341796875,175.04691009525052,173.25092203668677,174.41790446824817,86863500
2015-04-29,174.27719116210938,174.87308386645512,173.47437460567704,174.1116520804401,125684900
2015-04-30,172.53085327148438,174.09510155353598,171.8356219903494,173.7061074585782,161304900
2015-05-01,174.40133666992188,174.44272144124693,173.20952597737084,173.3088393254637,103399700
2015-05-04,174.89788818359375,175.47723696146258,174.71580533499838,174.8233905609093,70927200
2015-05-05,172.89500427246094,175.01378569865037,172.75430616329453,174.6578918458168,113326200
2015-05-06,172.1832733154297,173.7475219790328,171.1238886453102,173.44129734701963,135060200
2015-05-07,172.87022399902344,173.29233107273606,171.7529107171728,172.0839636979741,88244900
2015-05-08,175.1461639404297,175.34480321092508,174.45094543697928,174.53371495689962,155877300
2015-05-11,174.310302734375,175.36968725587099,174.2358177200963,175.10484743992683,75708100
2015-05-12,173.78892517089844,174.32690209605653,172.6633272610316,173.48270050644072,119727600
2015-05-13,173.82200622558594,174.81517769861114,173.59026663617541,174.19444394936284,94667900
2015-05-14,175.6345672607422,175.725608724322,174.55862613539747,174.83175052613694,95934000
2015-05-15,175.82489013671875,175.96558825870497,175.34485456407552,175.82489013671875,76510100
2015-05-18,176.3711395263672,176.61942290212738,175.59315127202686,175.65936438184937,74549700
2015-05-19,176.31312561035156,176.76006076012882,176.0317294812943,176.48693653056588,72114600
2015-05-20,176.18905639648438,176.93393178048987,175.87454728246192,176.4125114343704,76857500
2015-05-21,176.70216369628906,176.90907489499668,175.88279080301834,176.0483298650703,64764600
2015-05-22,176.2800750732422,176.73526962196954,176.21386197206093,176.32144721122995,57433500
2015-05-26,174.384765625,176.2138662819026,173.97094320413913,175.79175933015534,124308600
2015-05-27,176.04002380371094,176.27176330761148,174.43439107750305,174.8399415237569,93214000
2015-05-28,175.8414764404297,175.9490617114826,175.1545295195559,175.73387854051526,74974600
2015-05-29,174.7489776611328,175.8166342330428,174.4841378086408,175.77526208308507,124919600
2015-06-01,175.1048583984375,175.74213595451732,174.31858554675645,175.41108300665405,93338800
2015-06-02,174.93101501464844,175.61796175173745,174.02888516416186,174.6496187981613,91531000
2015-06-03,175.39451599121094,176.01524970265868,174.90620850246503,175.46072910256186,87820900
2015-06-04,173.9130401611328,175.3448624114101,173.59853103387678,174.6910284471704,151882800
2015-06-05,173.6151123046875,174.28550280017092,172.96126561805576,173.76408235752305,121704700
2015-06-08,172.5474090576172,173.65646284624262,172.47292404588495,173.50748019391892,89063300
2015-06-09,172.5225372314453,173.0605138701271,171.89353179838764,172.5225372314453,105034700
2015-06-10,174.59170532226562,174.9724275682748,173.22609616215163,173.28402474351776,134551300
2015-06-11,175.1544952392578,175.53520482329432,174.79860136319687,175.0303409262258,73876400
2015-06-12,173.813720703125,175.03035985503084,173.54059633954816,174.33514109075904,135382400
2015-06-15,173.0687713623047,173.35016750928315,171.97627437447545,172.67977737077655,124384200
2015-06-16,174.0124053955078,174.09517496804997,172.7461092345678,172.91990765649714,85308200
2015-06-17,174.29376220703125,174.89795216606163,173.27576236573117,174.29376220703125,126708600
2015-06-18,176.1063232421875,176.56980247723928,174.32689133000042,174.88968393574558,165867900
2015-06-19,175.32444763183594,175.939888340702,174.95019846291478,175.8650410449746,130478700
2015-06-22,176.2227325439453,176.80489958980397,176.01481483540366,176.2393695139098,70696000
2015-06-23,176.3474578857422,176.6801337954622,175.95658431353976,176.4306300357443,68476800
2015-06-24,175.06668090820312,176.45556944293014,175.04173180263163,176.0813201690699,92307300
2015-06-25,174.534423828125,175.6904456611954,174.45957650641196,175.565700125007,97107400
2015-06-26,174.50112915039062,175.13319422979956,173.9522235157458,174.89200265232557,104174800
2015-06-29,170.8418426513672,174.50951453555447,170.7669953125776,173.02914128035582,202621300
2015-06-30,171.19944763183594,172.42200478287117,170.72538916130435,172.37209387258633,182925100
2015-07-01,172.5716552734375,173.01243969096117,171.78988285283728,172.7629359645567,135979900
2015-07-02,172.41363525390625,173.21204463770462,171.9977999413686,173.04571305074688,104373700
2015-07-06,171.9229736328125,172.69642131727892,170.93328343762698,171.13288898053196,117975400
2015-07-07,173.0041961669922,173.12894173452543,169.75235967684756,172.12262698231274,173820200
2015-07-08,170.10162353515625,171.95624582037016,169.86875673209303,171.67348080097753,164020100
2015-07-09,170.40936279296875,172.44696665569074,170.30125420507525,172.18913801615184,144113100
2015-07-10,172.55502319335938,172.97085851904532,170.45089746061146,172.39700373915278,129456900
2015-07-13,174.4595947265625,174.56770330578686,173.7693064102214,173.81089249005686,106069400
2015-07-14,175.21641540527344,175.52414226114598,174.35979541166097,174.41801846476596,81709600
2015-07-15,175.158203125,175.71542108724967,174.68414463590213,175.2579995688983,97914100
2015-07-16,176.56378173828125,176.56378173828125,175.964977515219,176.20615655686902,106683300
2015-07-17,176.71336364746094,176.77158668017654,176.1478337368381,176.55534420470275,89030000
2015-07-20,176.80491638183594,177.29559917492722,176.48889006423516,176.9379867736105,70446800
2015-07-21,176.10630798339844,176.92966671909812,175.80690596044315,176.67183808770818,77965000
2015-07-22,175.7902069091797,176.12288275625107,175.39100858298002,175.42426982254415,88667900
2015-07-23,174.80055236816406,176.02310938745734,174.4429400365433,175.9233129582215,90509100
2015-07-24,172.98753356933594,174.95858938613225,172.65487031166467,174.9003790266702,117755000
2015-07-27,171.98123168945312,172.61330973883602,171.54044709727387,172.10598994723267,132361100
2015-07-28,174.09361267089844,174.234995153678,171.9894870143371,172.8128328075997,123544800
2015-07-29,175.29124450683594,175.51578646845462,174.0769996490559,174.2183821512823,105791300
2015-07-30,175.3328094482422,175.4991410372666,174.16846294449763,174.78390378320347,91304400
2015-07-31,175.06668090820312,175.85676552863868,174.78391591820096,175.83181642306718,103266900
2015-08-03,174.4761962890625,175.09163719574187,173.52809216759266,175.03342684378325,113965700
2015-08-04,174.13522338867188,174.8587728706928,173.65285283722847,174.40135142619573,81820800
2015-08-05,174.70912170410156,175.74038555527554,174.42634393786176,175.02514803415897,85786800
2015-08-06,173.2786102294922,175.00016212666623,172.69643053750892,174.8920408655341,116030800
2015-08-07,172.9459686279297,173.27031978540452,172.047762494086,173.1206251082429,117858000
2015-08-10,175.12489318847656,175.20805263850974,174.0520309536673,174.0520309536673,80270700
2015-08-11,173.54473876953125,174.21007792633583,172.78791532003746,173.7942425396191,126081400
2015-08-12,173.7526397705078,173.93560833830855,170.79189413196906,172.2473178456554,172123700
2015-08-13,173.53643798828125,174.2766245174708,172.99584433599424,173.59464834728124,89383300
2015-08-14,174.1685028076172,174.24335013626597,173.2037616040672,173.3451441216115,72786500
2015-08-17,175.1416015625,175.1416015625,173.1206470232416,173.57806863406952,79072600
2015-08-18,174.6342315673828,175.21639859111397,174.40136475789032,174.86709837687528,71692700
2015-08-19,173.25367736816406,174.65919044323707,172.44695562934967,173.89405478493381,172946000
2015-08-20,169.63583374023438,173.22864371907738,169.5776107136094,171.74827123696957,194327900
2015-08-21,164.52938842773438,169.6108960575666,164.27157258454858,167.77289853601638,346588500
2015-08-24,157.60166931152344,164.23840096196662,151.6967995804624,155.93001501292537,507244300
2015-08-25,155.74705505371094,162.55011876144857,155.4559650839896,162.53348178567455,369833100
2015-08-26,161.7266845703125,162.00112472480538,156.6618005297859,159.74730430872077,339257000
2015-08-27,165.72706604003906,165.85181160061163,162.35048417077047,163.85580648970432,274143900
2015-08-28,165.73536682128906,166.20110046922707,164.60429395188672,165.08666457019112,160414400
2015-08-31,164.39637756347656,165.61062260420843,163.84747174957215,164.76231477274618,163298800
2015-09-01,159.48951721191406,161.9845296798491,158.62457244980104,160.61226520831102,256000400
2015-09-02,162.5167999267578,162.5583860063134,160.03009957669445,161.85977286453277,160269300
2015-09-03,162.6332244873047,164.71240144906955,162.14254176999756,163.22370363788403,152087800
2015-09-04,160.1715087890625,161.22773447241386,159.35647479315662,160.38775136267458,207081000
2015-09-08,164.19677734375,164.34648470255686,162.31720570517717,162.95759584228583,116025700
2015-09-09,162.0011444091797,165.8933702286587,161.63521992863076,165.76862468873168,149347700
2015-09-10,162.88278198242188,164.02216727236612,161.55210321189514,161.80991920974006,158611100
2015-09-11,163.62294006347656,163.68947525938052,161.784941761217,162.4918671136917,119691200
2015-09-14,163.01577758789062,163.84744832997723,162.5334070346458,163.7975501158982,79452000
2015-09-15,165.0533905029297,165.4941750062351,162.97421352873837,163.51479446591247,113806200
2015-09-16,166.48382568359375,166.67511907131598,165.01177776074618,165.3527657750819,99581600
2015-09-17,166.10958862304688,168.73767113237793,165.73533933874756,166.35078023734928,276046600
2015-09-18,163.3951416015625,166.09540058091386,162.98551241261814,163.61250836101726,223657500
2015-09-21,164.2394561767578,165.25935755149345,163.19446323567564,164.22273271794728,105726200
2015-09-22,162.10769653320312,162.56749605938978,160.97909885585986,162.08261771870784,153890900
2015-09-23,161.8485565185547,162.7430640899207,161.27171821475747,162.27490916401717,92790600
2015-09-24,161.26333618164062,161.72313571426344,159.30711208604234,160.6363402979542,159378800
2015-09-25,161.22152709960938,163.01890997892332,160.35208576954818,162.71795148101944,155054800
2015-09-28,157.17527770996094,160.43566300840956,156.86596391285235,160.32697967158322,178515900
2015-09-29,157.26727294921875,158.62159264192638,156.2724375057759,157.39267977135148,159045600
2015-09-30,160.20159912109375,160.36879543749174,158.37076947932167,159.14823809088995,163452000
2015-10-01,160.61962890625,160.9205874393847,158.6884836337457,160.57782662959664,131079000
2015-10-02,163.0189208984375,163.0439997119208,158.10326935549577,158.64667341224848,211003300
2015-10-05,165.91986083984375,166.14558296932097,164.13083278147752,164.23951616905288,126320800
2015-10-06,165.35133361816406,166.3461690364086,164.6909036275402,165.78605429593955,110274500
2015-10-07,166.7056427001953,167.05675880972396,165.09216691041397,166.27927740156187,124307300
2015-10-08,168.21041870117188,168.49465370164467,166.0201049611045,166.32106341932885,153055200
2015-10-09,168.31076049804688,168.78727069095308,167.68376467414845,168.35256277089263,107069200
2015-10-12,168.46966552734375,168.67029610325582,167.959708219788,168.3860609498687,56395600
2015-10-13,167.40786743164062,169.00461969061865,167.2406711140473,167.74226006682724,88038700
2015-10-14,166.60536193847656,167.9262349666992,166.31277147570756,167.34939663882656,99106200
2015-10-15,169.16342163085938,169.17177698011997,166.89787186791122,167.2657113355124,134142200
2015-10-16,169.93255615234375,169.9492668529726,168.80395880315405,169.5647166383483,114580100
2015-10-19,170.01620483398438,170.01620483398438,168.9795797725629,169.28889366911423,76523900
2015-10-20,169.79884338378906,170.40911579695808,169.33068850485043,169.58148940607148,78448500
2015-10-21,168.74551391601562,170.3673327132533,168.57830479218902,170.21685980932756,102038000
2015-10-22,171.59622192382812,171.8052205432816,168.74549044924288,169.6901555349135,174911700
2015-10-23,173.47720336914062,173.84504296738336,172.465657230236,173.25984940484398,144442300
2015-10-26,173.05084228515625,173.36015613380692,172.68300270499742,173.30164315856112,69033000
2015-10-27,172.71649169921875,173.05088444104308,172.0393253491865,172.38208620112897,77905800
2015-10-28,174.6810760498047,174.70615486829857,172.39045891892656,173.05088906637462,135906700
2015-10-29,174.5807647705078,174.94860445852228,174.0624521680871,174.17949090915843,90525500
2015-10-30,173.8283233642578,175.0906831731745,173.66949513082187,174.77300119377614,131076900
2015-11-02,175.88494873046875,176.07722396628694,174.0290392194763,174.1544460955679,86270800
2015-11-03,176.39486694335938,176.94662646070492,175.30807137302392,175.5337934948954,95246100
2015-11-04,175.85980224609375,176.812835458884,175.3247662802512,176.68744138730514,96224500
2015-11-05,175.6842041015625,176.37808092919406,174.79805214895825,175.91828149446698,78408700
2015-11-06,175.59225463867188,175.82634480173434,174.27139473869553,175.34146652871556,110471500
2015-11-09,173.95372009277344,175.13247528409406,173.0090423180787,174.9819896555417,131008700
2015-11-10,174.35499572753906,174.38844264814023,173.20968744407082,173.4771990275669,75874600
2015-11-11,173.66952514648438,174.67271612880728,173.60264404682746,174.62255849313092,67846000
2015-11-12,171.2451171875,173.10102607244553,171.2284064813396,172.63287117466905,121315200
2015-11-13,169.32232666015625,171.10299909281403,169.23873486083247,170.83548747620802,153577100
2015-11-16,171.89718627929688,171.9557120177363,169.02136313702593,169.13841461390479,117645200
2015-11-17,171.77175903320312,173.08426352118116,171.27852543131218,172.2064796642185,121123700
2015-11-18,174.4971466064453,174.63926415551094,172.2065296016327,172.24831912597872,121342500
2015-11-19,174.3466339111328,174.76463110931041,174.05403076990362,174.38006807423167,88220500
2015-11-20,174.98199462890625,175.6591480859818,174.6057996812268,175.0990333405457,94011500
2015-11-23,174.7813720703125,175.54211735241194,174.32157255502375,175.04052831813067,64931200
2015-11-24,175.01544189453125,175.41671565576152,173.3936106327194,173.77816093332171,98874400
2015-11-25,174.99038696289062,175.34150314641727,174.73121793470858,175.14085986028863,51980100
2015-11-27,175.19100952148438,175.39165279848365,174.6058159088999,175.0823261519101,37317800
2015-11-30,174.46372985839844,175.466920911922,174.35504646920904,175.34988216828202,112822700
2015-12-01,176.12734985351562,176.24440135260087,174.81484486306445,175.09072463319487,97858400
2015-12-02,174.3299102783203,176.39481745576794,174.0791094084104,176.07713550346458,108441300
2015-12-03,171.8888397216797,174.84825481223766,171.1698838993245,174.58074318982835,166224200
2015-12-04,175.24118041992188,175.53378362650037,171.88884673408964,171.88884673408964,192913900
2015-12-07,174.17947387695312,175.33313771005442,173.21807246705978,174.91514042477857,102027100
2015-12-08,173.0091094970703,174.1293393910856,172.0309971786002,172.6245590588346,103372400
2015-12-09,171.6631317138672,174.45535067510497,170.69337489596222,172.37373224132259,162401500
2015-12-10,172.1061248779297,173.41027381170593,171.4958526730235,171.72993003261107,116128900
2015-12-11,168.7705841064453,170.6599272002176,168.46125744818977,169.9994971174157,211173300
2015-12-14,169.623291015625,169.74869785330552,167.1571096164172,168.92942675677097,182385200
2015-12-15,171.40396118164062,172.30683682436776,169.59820989618638,171.12808145000753,154069600
2015-12-16,173.91195678710938,174.212915355384,171.2116977827036,172.52420268027265,197017000
2015-12-17,171.2618408203125,174.2881369527101,171.2451173578712,174.22125585920915,173092500
2015-12-18,168.21080017089844,170.65801278641152,168.05101383942815,170.52346735712578,251393500
2015-12-21,169.598388671875,169.77499798712034,168.2696547646083,169.37974112973552,99094300
2015-12-22,171.1373748779297,171.43171947619464,169.49748613718208,170.48141938163064,111026200
2015-12-23,173.256591796875,173.29864285088595,172.04559330156735,172.13810048751947,110987200
2015-12-24,172.97067260742188,173.51731070929043,172.75202506598336,173.00431858744722,48539600
2015-12-28,172.5753936767578,172.6174318950141,171.50735859016132,172.28104915588997,65899900
2015-12-29,174.41712951660156,174.74510722179696,173.63503377043588,173.66866691591562,92640700
2015-12-30,173.18089294433594,174.25734602053262,173.03792962794714,174.17324391339574,63317700
2015-12-31,171.44857788085938,173.14734115216672,171.44857788085938,172.5082084670485,114877900
2016-01-04,169.05178833007812,169.0601934102601,167.00822461370987,168.60607526894688,222353500
2016-01-05,169.33770751953125,169.79182564067,168.23603895201018,169.37134067094848,110845800
2016-01-06,167.2016143798828,168.24440867303812,166.17563024281182,166.79793965461604,152112600
2016-01-07,163.190185546875,166.0410725383736,162.80333380862086,164.26662582004272,213436100
2016-01-08,161.3989715576172,164.70399054940853,161.11304481839016,164.1489472328963,209817200
2016-01-11,161.55868530273438,162.65194845022415,159.63287038688262,162.31555287982326,187941300
2016-01-12,162.8622283935547,163.61069106589846,160.74298072437495,162.99678665271762,172330500
2016-01-13,158.80035400390625,163.8714016738215,158.4219201004555,163.52660092153366,221168900
2016-01-14,161.4073028564453,162.52579405915853,157.81637159909005,159.4058037645922,240795600
2016-01-15,157.9425811767578,158.74150014840947,156.0167654311055,157.06797798122201,324846400
2016-01-19,158.1527557373047,159.87674614522953,156.58855162149578,159.7506058262848,195244400
2016-01-20,156.12603759765625,157.68183685415622,152.2323561654872,155.6046404300897,286547800
2016-01-21,157.0006866455078,158.8339950310881,155.27669563076464,156.597024650623,195772900
2016-01-22,160.2215118408203,160.42333630710368,158.84232238178734,159.59918979470226,168319600
2016-01-25,157.79954528808594,159.91037449903592,157.6061258607681,159.71695507171808,130371700
2016-01-26,159.9524688720703,160.22999047278762,158.11916069010894,158.45554350978819,141036800
2016-01-27,158.21168518066406,161.09620602958827,157.3118411497996,159.43108907549262,185681700
2016-01-28,159.03582763671875,159.952481801797,157.39593880190375,159.75065722654782,143798800
2016-01-29,162.91265869140625,163.0472169292255,159.68333797682342,159.8010732268703,210529300
2016-02-01,162.85379028320312,163.63589883942228,161.33163705774058,161.91190825024958,136061600
2016-02-02,159.9188232421875,161.44097655554074,159.39741323054122,161.43257147696843,182564900
2016-02-03,160.87753295898438,161.28119488917497,157.34546219740864,160.97004015467195,205054900
2016-02-04,161.12986755371094,162.09697798338385,159.75067717780118,160.38140471859256,139531800
2016-02-05,158.06027221679688,161.18868091665482,157.42954486331232,160.61682760894226,180788300
2016-02-08,155.93264770507812,156.5213241078544,153.7293105266084,156.22699232255783,191526700
2016-02-09,155.94105529785156,157.21092816449908,154.0656958587226,154.20025413357774,184513100
2016-02-10,155.80645751953125,158.38822778615378,155.68030436716083,156.76516244952273,148214100
2016-02-11,153.77975463867188,154.82256192212859,152.29123433997384,153.34244670274717,219058900
2016-02-12,156.95021057128906,156.96702072947815,154.70482256358872,155.54579243158952,127632400
2016-02-16,159.5992431640625,159.6244712307841,157.79116327738643,158.74986830934805,120250700
2016-02-17,162.206298828125,162.57632768383354,160.63367619136366,160.75982939154645,136009500
2016-02-18,161.5419158935547,162.53426711513927,161.23076111589208,162.47539305872573,102343000
2016-02-19,161.4662322998047,161.6176007331378,160.16272629553106,160.76822569323,114793000
2016-02-22,163.8041229248047,163.94708627390327,162.97155806950747,163.03883720417437,103640300
2016-02-23,161.73529052734375,163.41722984065382,161.61754245652057,163.14811339107848,111455300
2016-02-24,162.4753875732422,162.75290918942966,159.21243297748072,160.31410153035105,150812200
2016-02-25,164.4432373046875,164.45165521570598,162.16421621824927,162.9210839433892,110728300
2016-02-26,164.06480407714844,165.40194305175584,163.90501775335608,165.30944868764604,129833700
2016-02-29,162.77809143066406,165.02347896706718,162.5846719946327,164.08159701890145,125918100
2016-03-01,166.60458374023438,166.68868588145074,163.52663015518146,163.99757134874878,141799700
2016-03-02,167.3529815673828,167.4034376996312,165.88128449329778,166.29336429362644,102415000
2016-03-03,168.00894165039062,168.02576463900402,166.6045236574135,167.1763769484641,95172200
2016-03-04,168.5555877685547,169.3292913545124,167.3782350632835,168.20238195697334,129293600
2016-03-07,168.6901397705078,169.09381453920702,167.56324324696448,167.63892745402748,100219000
2016-03-08,166.84841918945312,168.12669700106255,166.6886456911612,167.62212277197764,123974900
2016-03-09,167.67254638671875,168.01733421844816,166.873614889325,167.65572339935795,94801200
2016-03-10,167.80711364746094,169.0938092884853,165.99062857344666,168.16033226714995,156838700
2016-03-11,170.51507568359375,170.5571267507958,167.79034104660434,169.2536206606367,137964500
2016-03-14,170.29641723632812,170.7505353694644,169.682512757327,170.0104905290874,73612000
2016-03-15,170.0188751220703,170.32162478507462,169.07699298480432,169.33769158835602,93169100
2016-03-16,171.00277709960938,171.40645179803926,169.49744697060842,169.53949802238395,129303200
2016-03-17,172.08766174316406,172.5922359457373,170.52345733404252,170.91871418375794,134278500
2016-03-18,172.76393127441406,173.1020490765055,172.27365143252433,172.58641104437726,138372400
2016-03-21,173.00904846191406,173.23728505094533,172.27363521748302,172.5018718065143,72926700
2016-03-22,172.91607666015625,173.48243106046039,172.07923060372747,172.23982817229395,97471900
2016-03-23,171.77491760253906,172.72165773645887,171.605845808596,172.53568908181504,81052500
2016-03-24,171.69882202148438,171.73264153802145,170.53230666828148,170.75208193230722,84360900
2016-03-28,171.80027770996094,172.32436416160795,171.35226582741745,172.1130373151868,62408200
2016-03-29,173.38941955566406,173.4993136259978,171.0901827963273,171.39449392325025,92922900
2016-03-30,174.1502227783203,174.86872628234366,173.78673391292438,174.38690780298288,86365300
2016-03-31,173.72755432128906,174.4798772781633,173.566943875715,174.05722364175384,94584100
2016-04-01,174.9110107421875,175.09697940746017,172.42580485024175,172.73857736821904,114423500
2016-04-04,174.34463500976562,175.03779320441413,174.04032385817757,174.83491480390006,63497000
2016-04-05,172.60328674316406,174.3530660161623,172.34969199245515,173.0090306052794,99662200
2016-04-06,174.48831176757812,174.54748946316312,172.42576012293907,172.6032803113297,91839800
2016-04-07,172.40045166015625,173.7613971691095,171.67348673801288,173.40636958830012,113859000
2016-04-08,172.86537170410156,174.00654190892814,172.33282388873346,173.5754268590138,95040600
2016-04-11,172.4595947265625,174.19247722872257,172.36661040990907,173.49931906851236,83757500
2016-04-12,174.06564331054688,174.34459621229013,172.1890604430837,172.62862376386366,115350600
2016-04-13,175.82394409179688,175.90847999349575,174.84338438490744,174.97863666827863,96336400
2016-04-14,175.83238220214844,176.33112335551004,175.48581598160706,175.8831114792108,65212900
2016-04-15,175.63792419433594,175.96759347741101,175.31670333961935,175.83234123349203,75761600
2016-04-18,176.87210083007812,176.90590744617305,174.97860786962326,175.6379465195816,82531000
2016-04-19,177.43002319335938,177.68361800031167,176.61853528915324,177.29478380823682,88316100
2016-04-20,177.5990753173828,178.29222062132038,176.99890143737912,177.4722714787738,81100300
2016-04-21,176.6438751220703,177.72586748080948,176.37337058320233,177.6159733995986,85695000
2016-04-22,176.6438751220703,176.91436676257194,175.74785140921125,176.28884758858086,99251700
2016-04-25,176.3395538330078,176.38182177707313,175.43506884379957,176.0436911229163,66166500
2016-04-26,176.60159301757812,177.10878253811143,176.1282230108752,176.70302576233865,75864200
2016-04-27,176.96510314941406,177.35393731670564,175.8662009882404,176.221228535998,77329400
2016-04-28,175.35899353027344,177.31165129306655,174.9448012159631,176.21276214228232,97216200
2016-04-29,174.41220092773438,175.08844913094154,173.31329920981793,174.74187015327314,142424100
2016-05-02,175.79856872558594,175.97607604409657,174.47989133746998,174.91099343793363,62188000
2016-05-03,174.2685546875,174.8095508392934,173.52468014189694,174.57286582903163,106422100
2016-05-04,173.2964630126953,174.00653102154735,172.79773474926188,173.27956615175552,92243800
2016-05-05,173.2626495361328,174.11640532102402,172.839995858755,173.76137777983067,67619200
2016-05-06,173.89662170410156,173.93888964948354,172.34125934162606,172.493408466962,89315000
2016-05-09,174.04031372070312,174.47141578602287,173.59230189840062,173.769822100806,74374900
2016-05-10,176.204345703125,176.22125546465944,174.67434119266463,174.7419673404335,77472200
2016-05-11,174.55593872070312,176.2803597523973,174.55593872070312,175.7478249814253,81727000
2016-05-12,174.60667419433594,175.39281669215237,173.6007564414654,175.2237449131014,89586300
2016-05-13,173.0851287841797,174.86027938305523,172.76392076124944,174.31083476350005,96474600
2016-05-16,174.79263305664062,175.26600305543033,173.1950028615428,173.25418056057407,77486800
2016-05-17,173.16123962402344,174.8095866035693,172.63714022404778,174.5221851606471,114924900
2016-05-18,173.2119140625,174.3868906401381,172.12992179956848,172.81461861769614,120062100
2016-05-19,172.6117401123047,172.89914148543002,171.41140534951788,172.4933976117022,115430500
2016-05-20,173.70213317871094,174.21777094417837,173.16958566237358,173.22030201662272,104990400
2016-05-23,173.46556091308594,173.99809587690487,173.27959222782567,173.71914284901445,58682600
2016-05-24,175.71401977539062,176.02679223918366,174.25164179578482,174.2769999822592,93537800
2016-05-25,176.90591430664062,177.32011953546845,175.71402789381517,176.39027632722886,76621400
2016-05-26,176.95663452148438,177.2694070065147,176.64387493482036,177.04117041438258,55280700
2016-05-27,177.71737670898438,177.72582513692376,177.06648660348105,177.1172029678438,64211200
2016-05-31,177.37928771972656,178.0978041123605,176.8213817841543,177.987910031557,109879400
2016-06-01,177.74276733398438,177.92027464165395,176.57623914726463,176.7706562122627,69936200
2016-06-02,178.2837371826172,178.3006340390874,176.87207576552913,177.3454457139702,63044700
2016-06-03,177.751220703125,178.09779979697967,176.5508858667569,177.72586251561034,101757100
2016-06-06,178.65570068359375,179.01072819715816,177.94563275809935,178.10624320674253,64887000
2016-06-07,178.93466186523438,179.49256783743573,178.78251272647063,178.8078709162646,60974800
2016-06-08,179.5178985595703,179.64470238750525,178.94309581436713,179.0698867439369,66170900
2016-06-09,179.27276611328125,179.39110861431743,178.5204431641872,178.79093478154198,73786900
2016-06-10,177.57376098632812,178.24154826714658,177.03275177869773,177.903430410747,113829200
2016-06-13,176.204345703125,177.8273345544715,176.11982269219052,176.973578623331,117751200
2016-06-14,175.8577423095703,176.44946779644985,174.9110021679503,175.8239356895269,125059300
2016-06-15,175.61260986328125,176.9735552739446,175.42664120604522,175.85774333052848,109124500
2016-06-16,176.13668823242188,176.3057600209619,173.78673483342055,175.61260180337405,149533100
2016-06-17,175.48072814941406,176.05852016671878,174.82645298180685,176.03303010509904,117055700
2016-06-20,176.61082458496094,178.10629762797106,176.52584907431972,177.43503776949882,82789600
2016-06-21,177.11215209960938,177.52000603986713,176.5513448283531,176.99319416014075,72461700
2016-06-22,176.82321166992188,178.01279076571257,176.67875074038184,177.29053797977124,95560500
2016-06-23,179.12591552734375,179.1768956408914,177.81737840633824,178.2762123937077,102731400
2016-06-24,172.69369506835938,179.15993738952622,172.25184574324885,173.02507882083157,333444400
2016-06-27,169.60076904296875,171.3001754944396,168.79354060616626,171.29167016429918,230775800
2016-06-28,172.65972900390625,172.6852190687765,170.89234436871354,171.1982381126016,159382400
2016-06-29,175.59967041015625,175.82908094424613,173.9512440902631,174.05320432763637,137328600
2016-06-30,177.995849609375,178.04682973460984,175.5147174462101,176.0670323889565,165021900
2016-07-01,178.3697052001953,178.85404227750905,177.83438800220492,177.99583369464284,106055300
2016-07-05,177.08670043945312,177.65600019932145,176.4919106131314,177.54553460105964,109803700
2016-07-06,178.14874267578125,178.26770058289569,175.9395095831541,176.59378455500314,96021500
2016-07-07,178.0382843017578,178.98994759700005,177.2735567202867,178.32718023560778,85593800
2016-07-08,180.68939208984375,180.93581329457842,179.10045115105365,179.32987466035493,133971000
2016-07-11,181.3266143798828,181.89592679747858,180.94425062430736,181.14818401115238,73633900
2016-07-12,182.6437530517578,182.94115444391744,181.3522001840282,182.28687916043364,101275600
2016-07-13,182.6182403564453,183.06858208960585,182.13391619446537,183.060089723762,87324100
2016-07-14,183.63784790039062,184.10518724448366,183.2469916965613,183.87576375457587,91230900
2016-07-15,183.3914794921875,184.3941232431284,182.94963011045272,184.19869509879058,107155400
2016-07-18,183.88430786132812,184.04575357473655,183.25552270527538,183.51043630721267,58725900
2016-07-19,183.69741821289062,183.73140065114163,183.22158628469091,183.4679946169916,54345700
2016-07-20,184.46206665039062,184.6999825118304,183.69733894796877,183.69733894796877,58159500
2016-07-21,183.76528930664062,184.5725046420332,183.3234400733596,184.35158650811275,67777300
2016-07-22,184.5895538330078,184.6405339577171,183.6208925672,183.8842985218272,62787500
2016-07-25,184.08816528320312,184.43654665427843,183.5103734179036,184.3855665444508,55873100
2016-07-26,184.1731719970703,184.5300457917998,183.3319611459951,183.98623625238693,70080500
2016-07-27,183.9777374267578,184.61501481613212,183.21299678024363,184.54703700541253,84083900
2016-07-28,184.19021606445312,184.4791121188098,183.32351493593765,183.782349083125,65035700
2016-07-29,184.48760986328125,184.84448375826202,183.64641174134294,183.92681543713763,79519400
2016-08-01,184.33460998535156,184.9378919826407,183.88426833708508,184.5470357803996,73311400
2016-08-02,183.153564453125,184.24118373220048,182.3208587787738,184.0882303831881,92295500
2016-08-03,183.68881225585938,183.74829769702245,182.79663436193724,183.0940226714311,53993600
2016-08-04,183.88430786132812,184.19869395663233,182.04894548591287,183.79933233886757,46585500
2016-08-05,185.3882598876953,185.43074764581084,183.88429438086453,183.88429438086453,71892200
2016-08-08,185.2777862548828,185.67714779806195,185.01438033607144,185.57517459706514,39906500
2016-08-09,185.3882598876953,185.88108935785985,185.06538144999288,185.34578509502322,51251700
2016-08-10,184.92941284179688,185.57518263735977,184.58103140130106,185.49871245738044,57941100
2016-08-11,185.7876434326172,186.0340646795433,185.19285364503773,185.45625962486258,72504300
2016-08-12,185.62615966796875,185.83858545983358,185.22679814202752,185.48169871991223,61313500
2016-08-15,186.16143798828125,186.50981935025376,185.98300760854679,185.99149997148285,49813500
2016-08-16,185.2013397216797,185.81311417855213,185.2013397216797,185.74514932313355,53213600
2016-08-17,185.5496826171875,185.68563824014774,184.40259108274523,185.23529658385354,75134300
2016-08-18,185.96603393554688,186.0000163571197,185.41373206825997,185.5241846624526,52989300
2016-08-19,185.69419860839844,185.8726420495625,185.01444617554586,185.49877043222565,75443000
2016-08-22,185.6856689453125,185.91509247631538,185.0908792033087,185.45624541430962,61368800
2016-08-23,186.05946350097656,186.59478053000166,185.99997806866773,186.2973792993347,53399200
2016-08-24,185.10784912109375,186.00853244745392,184.6914898814524,185.9150645759198,71728900
2016-08-25,184.9803924560547,185.3967517105413,184.57253853183752,184.72547889137803,69224800
2016-08-26,184.6320037841797,186.18696220581037,183.74831815541748,185.1673209524872,122506300
2016-08-29,185.54116821289062,185.80457409768573,184.7254475374681,184.75944292189087,70502200
2016-08-30,185.23532104492188,185.73664288466728,184.6830190811947,185.45623923732404,58114500
2016-08-31,184.7085418701172,185.02292800067048,183.9353086115417,184.9039700351547,85269500
2016-09-01,184.717041015625,185.00593709027254,183.56144375158843,184.70004331551445,97844200
2016-09-02,185.5496826171875,185.9745342148569,184.98038303216353,185.566680311418,79293900
2016-09-06,186.11048889160156,186.18695906708723,185.11633771396262,185.83008528271236,56702100
2016-09-07,186.09347534179688,186.27191870150133,185.4901933882222,185.94902736748406,76554900
2016-09-08,185.6686553955078,186.0340345407559,185.3627617021031,185.76212327308824,74102900
2016-09-09,181.22470092773438,184.41108798872762,181.1992108684818,184.36010787022246,221589100
2016-09-12,183.82481384277344,184.22417544194204,180.4005104872635,180.4684883089777,168110900
2016-09-13,181.18222045898438,182.81364914395792,180.561940716494,182.5502432107953,182828800
2016-09-14,181.11424255371094,182.43128518431683,180.56194062738072,181.23320049009482,134185500
2016-09-15,182.92413330078125,183.30649720923515,180.77438489601016,180.95282830152544,134427900
2016-09-16,182.2169952392578,182.49028002347347,181.53380934059015,182.31093525496496,155236400
2016-09-19,182.2511749267578,183.50654930012172,181.92665248084597,182.86605270272938,80250500
2016-09-20,182.25970458984375,183.25887768736118,182.22555050597774,183.10516476355983,69665300
2016-09-21,184.30929565429688,184.48862739308572,182.2767824084513,182.9599813426876,110284400
2016-09-22,185.47071838378906,185.76962199207247,185.06935252631513,185.31700546359937,76678700
2016-09-23,184.4544219970703,185.2144771793484,184.36048200685923,185.0778348243264,73630900
2016-09-26,182.95999145507812,183.80543861796872,182.7635631176334,183.62610686926803,89827300
2016-09-27,184.09579467773438,184.18972166205904,182.43049322257983,182.7977180207559,78494800
2016-09-28,185.00955200195312,185.1632779409555,183.36134723219996,184.31781785377962,87411000
2016-09-29,183.33575439453125,185.20600669292523,182.78919777576687,184.8046277507613,128070600
2016-09-30,184.7191925048828,185.4194618994715,183.91643480964768,184.16408772176285,117202900
2016-10-03,184.27513122558594,184.49716534430019,183.6431699217955,184.3092983398103,83512100
2016-10-04,183.33575439453125,184.60821242723569,182.74650842395437,184.3861782802475,119948100
2016-10-05,184.14698791503906,184.57398551218495,183.890786750565,183.95910792982025,72816000
2016-10-06,184.27513122558594,184.49716534430019,183.3869817197929,183.9249899749344,62927400
2016-10-07,183.6431427001953,184.71918511284747,182.91725451722704,184.54838865985104,89788300
2016-10-10,184.59967041015625,185.0608222465507,184.45449273886658,184.59967041015625,51855000
2016-10-11,182.2682647705078,184.24100544553374,181.54237636842893,184.1726842375255,130367400
2016-10-12,182.50733947753906,183.0282771265842,181.90953234875016,182.40485118152537,73866100
2016-10-13,181.9095458984375,182.40486476810696,180.37236468400783,181.1836576651646,101357000
2016-10-14,182.00347900390625,183.34425791539365,181.92662255228754,182.8830931438124,93346200
2016-10-17,181.37158203125,182.23411285965253,181.19223722921794,181.9779115842945,58275700
2016-10-18,182.50733947753906,183.01972883387154,182.13157946433486,182.95995593955305,76869700
2016-10-19,182.99411010742188,183.30154893374586,182.41339956377323,182.77207602266222,66519200
2016-10-20,182.65252685546875,183.2076186121692,181.9949467972882,182.64397856230016,73639800
2016-10-21,182.7379608154297,182.82336558125093,181.69608522091153,182.65256908054616,89089100
2016-10-24,183.5150604248047,183.8822852017601,183.1649192035282,183.60900043463656,60146600
2016-10-25,182.90020751953125,183.59194176253314,182.73794629592604,183.33574051636367,66542300
2016-10-26,182.532958984375,183.11366952993558,181.84121184966799,182.08034252064866,75705500
2016-10-27,182.04620361328125,183.2844943762672,181.96934715227448,183.25034029279843,77220200
2016-10-28,181.50820922851562,182.69526252678202,180.79940438625314,182.0206117730508,140623200
2016-10-31,181.51673889160156,182.06329546856531,181.35447766812322,181.84124830762158,61272500
2016-11-01,180.20159912109375,181.89251971870604,178.99747528035175,181.84126903891988,122781800
2016-11-02,179.11700439453125,180.27843868899564,178.68145838977213,179.89413032457617,103330800
2016-11-03,178.29713439941406,179.54397324800323,178.02386268454555,179.3304744269453,88939300
2016-11-04,178.10069274902344,179.2450431329467,177.9555151359226,178.4081315270405,109122100
2016-11-07,182.02911376953125,182.06328088275612,178.10074275948946,178.10074275948946,109794900
2016-11-08,182.8489532470703,183.4125933311949,181.37154487286696,181.6362813584885,106772100
2016-11-09,184.78753662109375,185.4024143775203,181.33738776215182,181.36300658275826,258429000
2016-11-10,185.24871826171875,186.43577158778598,183.79692839278547,185.57324074958723,172113300
2016-11-11,184.82164001464844,185.06075762868406,183.8822531112036,184.53128477345274,100552700
2016-11-14,184.9668731689453,185.5475968566235,184.2239012901916,185.34263325551296,94580000
2016-11-15,186.4100799560547,186.4100799560547,185.1461706494392,185.35112116725438,91652600
2016-11-16,186.0599365234375,186.29051888411604,185.675641276262,185.7952000871818,65617700
2016-11-17,187.0164337158203,187.07620661018407,186.10265249838733,186.2136760562638,69797200
2016-11-18,186.59799194335938,187.25557203960201,186.4186471785894,187.08477556849542,86265800
2016-11-21,188.00706481933594,188.03268363650668,187.02497541196652,187.1701530529121,72402600
2016-11-22,188.37429809570312,188.55362982400158,187.64839682723974,188.31451216564693,67429000
2016-11-23,188.4767608642578,188.52799849751506,187.6654679321713,187.86188320330223,56620200
2016-11-25,189.1770782470703,189.2112323319122,188.74153222198203,188.8184017170154,37872300
2016-11-28,188.28890991210938,189.1429053473451,188.18643462978068,188.8696335841565,76572500
2016-11-29,188.6560821533203,189.10869856539156,188.0241210162149,188.32302454762765,69886700
2016-11-30,188.20355224609375,189.43330798033023,188.1437662999585,189.27104673332147,113291800
2016-12-01,187.5117645263672,188.50238922501075,187.153075013537,188.50238922501075,79040500
2016-12-02,187.60569763183594,188.09248125019275,187.2470211382266,187.59716236922688,74840300
2016-12-05,188.7329864501953,189.0745794033417,188.23766754647798,188.43408284299034,67837800
2016-12-06,189.33084106445312,189.3650081892348,188.44269128423062,188.92092678365353,59877400
2016-12-07,191.807373046875,191.86714594909836,189.05750680214237,189.17706563752486,110738100
2016-12-08,192.2770538330078,192.74675389633438,191.51699846905584,191.78174798179285,99714400
2016-12-09,193.43849182128906,193.4555753778149,192.46493759428506,192.49910470733676,88005800
2016-12-12,193.2164764404297,193.82281896198756,192.79801396606234,193.34457054945193,102016100
2016-12-13,194.50599670410156,195.00131562296514,193.85696486090256,193.87404841836303,110477500
2016-12-14,192.9004669189453,194.9073481010056,192.46492096624655,194.20707871517268,142501800
2016-12-15,193.69473266601562,194.54872823389607,192.9090583072782,193.13964075926862,124972600
2016-12-16,193.31585693359375,194.2092543255151,192.99802043664093,194.14911601109662,156420200
2016-12-19,193.73681640625,194.15774535043042,193.35025596366214,193.49628932607342,90341100
2016-12-20,194.48414611816406,194.6301925722848,194.03746050844165,194.26938888388705,89838800
2016-12-21,193.94296264648438,194.52709601948894,193.94296264648438,194.3552928572959,67909000
2016-12-22,193.60794067382812,193.91719160692546,193.2127816063045,193.79692808337322,56219100
2016-12-23,193.89146423339844,193.90004980562415,193.4619496827228,193.65092402589573,36697800
2016-12-27,194.37242126464844,194.767567113397,194.14047985306462,194.15766409666938,42672500
2016-12-28,192.76608276367188,194.64735817969307,192.65441791828655,194.63018703901284,64095000
2016-12-29,192.72311401367188,193.1869837922266,192.28500094242335,192.8347788429552,48696100
2016-12-30,192.01876831054688,193.13550873090074,191.331542428195,193.04960058020293,108998300
2017-01-03,193.4876708984375,193.99449479504997,192.31939108978972,193.3158546351365,91366500
2017-01-04,194.63882446289062,194.78485784402295,193.805565146978,193.81415071960538,78744400
2017-01-05,194.48414611816406,194.638778142869,193.69384106895362,194.37248126960412,78379000
2017-01-06,195.17994689941406,195.6438167017955,194.05460811776294,194.59580047699106,71559900
2017-01-09,194.5356903076172,195.05969846051255,194.5013218113095,194.92225069076343,46939700
2017-01-10,194.5356903076172,195.38612052899077,194.14911681673016,194.55286144803023,63771900
2017-01-11,195.0854949951172,195.0854949951172,193.78835279054965,194.44980880377815,74650000
2017-01-12,194.59579467773438,194.78478206396795,193.24712626623767,194.57002486213338,72113200
2017-01-13,195.04251098632812,195.34316323147314,194.73326006337803,194.76761545137668,62717900
2017-01-17,194.35531616210938,194.81060049499678,193.96875572388794,194.4068558061732,61240800
2017-01-18,194.78480529785156,194.8277593648899,194.05462548142256,194.6044034593869,54793300
2017-01-19,194.06321716308594,194.9995554951565,193.6337027236693,194.8621077286855,66608800
2017-01-20,194.7762451171875,195.26588484357595,194.11478910024897,194.74187661598043,129168600
2017-01-23,194.2693634033203,194.8363255733062,193.51342695107874,194.77620037162023,75061600
2017-01-24,195.5149383544922,195.92726846241644,194.37242860477033,194.4840934230749,95555300
2017-01-25,197.20730590820312,197.20730590820312,196.29672410189164,196.45994171913372,84437700
2017-01-26,197.0010986328125,197.32753380833327,196.72620309390223,197.06122383961116,59970700
2017-01-27,196.69186401367188,197.2244577797934,196.5114621628368,197.07842442804207,59711100
2017-01-30,195.4720458984375,196.0304094891354,194.49275339116883,196.00463966850268,79737300
2017-01-31,195.4548797607422,195.5150180862859,194.41546194492608,194.98241115912435,75880800
2017-02-01,195.5321502685547,196.36540933417217,194.94801691948786,195.4548408148971,79117700
2017-02-02,195.6610107421875,195.94449184417536,194.84493593159607,195.5321485461528,69657600
2017-02-03,197.00967407226562,197.19007589886635,196.25373759461604,196.56298850611725,80563200
2017-02-06,196.65750122070312,197.00112068280168,196.32248043749593,196.6059615783239,57790100
2017-02-07,196.66610717773438,197.28460912465883,196.47711974352174,197.04408204615962,57931200
2017-02-08,196.9237823486328,197.05263143569059,196.12487868565375,196.666071066777,51566200
2017-02-09,198.09207153320312,198.3927237865184,196.92379169339242,196.92379169339242,65955200
2017-02-10,198.873779296875,199.09713520362143,198.10924408720365,198.43567926922321,66015900
2017-02-13,199.9561767578125,200.21388807002674,199.3376748515951,199.36344467204233,55182100
2017-02-14,200.7550506591797,200.763649337106,199.4321519248641,199.7757582406565,71109000
2017-02-15,201.80308532714844,201.99207275035496,200.48877204341161,200.54031168469666,86785800
2017-02-16,201.6312713623047,202.0092461884885,200.88392038818566,201.82884434590395,84722400
2017-02-17,201.94908142089844,201.94908142089844,200.9526048474284,200.96978909393363,77204100
2017-02-21,203.15171813964844,203.3235212717654,202.30986050911932,202.3184591857554,88946100
2017-02-22,202.97137451171875,203.19471733671713,202.58481407671505,202.74803168672034,62115200
2017-02-23,203.1088104248047,203.50395640806377,202.3528607417118,203.48678526635115,74615900
2017-02-24,203.36654663085938,203.40948759813938,202.2240363955028,202.2669904705262,82381600
2017-02-27,203.68435668945312,203.85615985944892,203.03149940037244,203.28061203070507,56515400
2017-02-28,203.1345672607422,203.54689746709954,202.74800687304838,203.30637042107935,96961900
2017-03-01,205.9779052734375,206.44178812221148,204.76667163331854,204.7838558778719,149158200
2017-03-02,204.68081665039062,205.7975568254465,204.6292770143903,205.78895814761938,70246000
2017-03-03,204.8096466064453,204.97286417702512,204.21691463233526,204.59488940468017,81974300
2017-03-06,204.1997833251953,204.55197524290716,203.59845255676524,204.0193814731179,55391500
2017-03-07,203.58990478515625,204.2513608885929,203.38373307418078,203.89915579774728,65103700
2017-03-08,203.21188354492188,204.1396363712053,203.07443576893735,203.88192506816966,78168800
2017-03-09,203.46958923339844,203.79602441541863,202.50748104353806,203.33214146120667,90683900
2017-03-10,204.18255615234375,204.4660372273053,203.23761923580528,204.4230831660555,81991700
2017-03-13,204.28562927246094,204.32858333241956,203.79598969060137,204.12241170926148,57256800
2017-03-14,203.50392150878906,203.79600126845767,202.89401838903945,203.74444852893532,59880800
2017-03-15,205.26492309570312,205.6858519140976,203.83893218382514,204.07087362316406,96081800
2017-03-16,204.86119079589844,205.47969259936318,204.53476875521514,205.40238315086498,78344000
2017-03-17,204.50143432617188,205.31243651377542,204.50143432617188,205.12262693094203,89002100
2017-03-20,204.27716064453125,204.78618955241723,203.88891848029223,204.50147512137056,52537000
2017-03-21,201.65432739257812,205.00186424803397,201.52491773672975,204.88107751431994,131809300
2017-03-22,202.12884521484375,202.41355961375712,201.0676465750876,201.68883923366832,97569200
2017-03-23,201.9131622314453,203.04338378830042,201.5421791038283,202.12885377022735,100410300
2017-03-24,201.7664794921875,202.78453716514386,200.98999527263658,202.21512154769727,112504900
2017-03-27,201.5593719482422,201.81820435967396,199.82521717174694,200.1012954231144,87454500
2017-03-28,203.0260772705078,203.44882413473405,201.14524076872837,201.25740454810082,93483900
2017-03-29,203.21591186523438,203.44886238743723,202.51707346339117,202.74140106431437,61950400
2017-03-30,203.86297607421875,204.0614217364768,202.98296421676207,203.1555147869635,56737900
2017-03-31,203.3884735107422,204.05279389108298,203.33669648930265,203.52650607361866,73733100
2017-04-03,203.03477478027344,203.638708497298,201.8096483358042,203.44027595415443,85546500
2017-04-04,203.1641845703125,203.2504664576976,202.37044123248683,202.75006047335296,56466200
2017-04-05,202.56021118164062,204.81203108779033,202.35314259133125,203.83710124330236,108800600
2017-04-06,203.12962341308594,203.64727509961673,202.2582213522318,202.69824042526162,69135800
2017-04-07,202.92259216308594,203.61280770350876,202.4394452342199,202.8794512234158,74412300
2017-04-10,203.0433807373047,203.83712400832349,202.51709286399407,203.06063974628262,67615300
2017-04-11,202.8018035888672,202.90533131132202,201.31784479810486,202.66375784908317,88045300
2017-04-12,201.9131622314453,202.71554160139317,201.68884777042805,202.52573199408363,81864400
2017-04-13,200.60171508789062,202.31000122239746,200.60171508789062,201.5766448668478,92880400
2017-04-17,202.37901306152344,202.37901306152344,200.92093651514458,201.11936899540362,68405400
2017-04-18,201.7751007080078,202.31002463439688,201.09352129125438,201.6456910607653,83225800
2017-04-19,201.4041290283203,202.70690115523192,201.17980140736037,202.33591803559278,68699900
2017-04-20,203.0433807373047,203.48339989525888,201.6974676618917,202.01668692176702,92572200
2017-04-21,202.3963165283203,203.01750923577197,201.99945145480618,202.96574537094554,110389800
2017-04-24,204.62225341796875,204.8293220405731,202.3704331606191,204.63087634045624,119209900
2017-04-25,205.81285095214844,206.15795211813352,205.17439931383385,205.26068118771292,76698300
2017-04-26,205.68341064453125,206.65834044441524,205.64028287602605,205.77831543181875,84702500
2017-04-27,205.85594177246094,206.1579019279928,205.32101798121855,206.0026103905357,57410300
2017-04-28,205.4073028564453,206.14064595760948,205.27788007523097,206.1147640343191,63532800
2017-05-01,205.92495727539062,206.3477173027951,205.51083333237492,205.92495727539062,66882500
2017-05-02,206.00265502929688,206.18382852892205,205.59715392949636,206.06304180758352,57375700
2017-05-03,205.75244140625,206.09755572089628,205.07948494864596,206.00265092996418,73137700
2017-05-04,205.99403381347656,206.1320795520473,205.14852670307175,206.05443376088857,61462700
2017-05-05,206.80503845214844,206.82229746086,205.9250133145879,206.36503246575137,62001300
2017-05-08,206.7705535888672,206.99486806473746,206.3477934055453,206.84819938842602,48385700
2017-05-09,206.5806884765625,207.22776296193527,206.23557418550524,207.0293304725549,51363200
2017-05-10,206.95166015625,206.95166015625,206.3304676312481,206.5375361945032,54293800
2017-05-11,206.52894592285156,206.69287358241365,205.45048833601197,206.50306399394864,62358300
2017-05-12,206.18386840820312,206.5721105758289,205.916412985278,206.2787732193799,53912700
2017-05-15,207.3227081298828,207.44349486408936,206.58935163770735,206.60661064681307,61918900
2017-05-16,207.13282775878906,207.64185645298497,206.7445857575339,207.6159745305521,51241800
2017-05-17,203.45750427246094,207.13288305142774,203.39710432748612,207.13288305142774,172174100
2017-05-18,204.27716064453125,205.12266785006005,203.12104390989,203.37987640763856,107047700
2017-05-19,205.6057891845703,206.27012277416677,204.70851822433954,204.7602820844805,115011400
2017-05-22,206.6497344970703,206.81366215810078,206.04580087598345,206.1148105771657,61010600
2017-05-23,207.10699462890625,207.27092228610908,206.64109358582823,207.0207127572947,48341700
2017-05-24,207.59011840820312,207.69364611080138,207.00343070903068,207.33992207200268,46927700
2017-05-25,208.58233642578125,208.8584279085556,207.89213404837835,208.09918949569263,64071700
2017-05-26,208.53921508789062,208.70312960048525,208.31488746002037,208.39253325515998,46629900
2017-05-30,208.3579864501953,208.60818279463714,208.06464917332852,208.2199407323412,35201900
2017-05-31,208.30624389648438,208.68586307701707,207.6160284014036,208.65134506164196,91796000
2017-06-01,209.96275329589844,209.98001230359506,208.47879458836476,208.76350897391356,68962000
2017-06-02,210.66160583496094,210.81691058511038,209.7211939063202,210.014531232999,88666100
2017-06-05,210.50631713867188,210.7737725381242,210.3078714460481,210.4890581295814,44698800
2017-06-06,209.83335876464844,210.4976792140152,209.75569980680265,209.9455094108407,50375400
2017-06-07,210.2216033935547,210.44591785337207,209.50550590885683,210.16983953088658,54144300
2017-06-08,210.32510375976562,210.79962771377498,209.7988159498216,210.31648083869817,65950700
2017-06-09,210.0059356689453,211.3863537674347,208.74629115386514,210.59261039873047,132256400
2017-06-12,209.96275329589844,210.01451715422266,209.11724622548317,209.76432078406708,86108100
2017-06-13,210.9894256591797,211.04118951225954,210.1525415950174,210.49764272539258,60067000
2017-06-14,210.7219696044922,211.26550322477917,209.90233138425174,211.25688030421608,78602300
2017-06-15,210.31643676757812,210.43722346103687,209.09993374896789,209.37601197768979,66464900
2017-06-16,210.3624267578125,210.52715382162995,209.48678837995016,210.4751375338906,84553100
2017-06-19,212.11370849609375,212.17438975310907,211.09067303745704,211.18604063759295,65123800
2017-06-20,210.6832275390625,211.76694442469216,210.66589759374787,211.75827945203483,56906400
2017-06-21,210.6311798095703,211.1860422430437,210.16302000559372,211.07334469945454,55977600
2017-06-22,210.535888671875,211.13410263735827,210.36249657887217,210.6399345108517,44148100
2017-06-23,210.7872314453125,211.11667231734495,210.2150258685189,210.59649625304797,66986800
2017-06-26,210.92596435546875,211.8709754678572,210.7178991944742,211.45481868793817,56700500
2017-06-27,209.22674560546875,211.00404417483946,209.20940242893266,210.70926308959665,82247700
2017-06-28,211.09938049316406,211.29878069236827,210.00698542585917,210.24107197299102,70042600
2017-06-29,209.24407958984375,211.29880274868893,208.0389868383951,211.24678645033342,106949700
2017-06-30,209.6342010498047,210.42315013272864,209.4434658159337,210.05034463781132,86820700
2017-07-03,209.9897003173828,211.00405793291665,209.9897003173828,210.57057109402345,39153800
2017-07-05,210.4751434326172,210.68320858940575,209.54747551205259,210.35376768150232,54427600
2017-07-06,208.5504913330078,209.83360849049384,208.3684210656846,209.7122327219339,65400800
2017-07-07,209.90296936035156,210.05035327822975,208.55915769515238,209.12269844712193,57972300
2017-07-10,210.1283721923828,210.50117769282184,209.59951780499233,209.9029638349086,36663300
2017-07-11,209.97232055664062,210.28443155542396,208.8105792057673,210.1283694415492,50354600
2017-07-12,211.55015563964844,211.71488268754106,210.9346119889543,210.9346119889543,59610400
2017-07-13,211.90565490722656,212.01836569210465,211.3334492394899,211.55887080924606,39471600
2017-07-14,212.89401245117188,213.24947476430907,211.81029556646038,211.9056631814736,60262700
2017-07-17,212.8679656982422,213.19741980471335,212.69457367392815,212.81594941384432,33531900
2017-07-18,212.980712890625,213.0327291839186,212.12240436438347,212.46052349975758,42742500
2017-07-19,214.1337890625,214.14245403505353,213.2841455094894,213.29282371100865,51034300
2017-07-20,214.22915649414062,214.50658113424,213.68295895752232,214.38520537376544,47135200
2017-07-21,214.03842163085938,214.0644297775078,213.43152959848751,213.6569511747282,82340800
2017-07-24,213.9864044189453,214.12511012415288,213.518231323352,213.96038304344285,46622300
2017-07-25,214.5065460205078,214.83600012885105,214.28113771051503,214.7319543305006,54915600
2017-07-26,214.5152130126953,214.8273239527601,214.2551315867777,214.792650838959,47575400
2017-07-27,214.3158416748047,215.00942310480684,212.99803828069716,214.9747499863412,70766600
2017-07-28,214.06446838378906,214.1945091404839,213.38822999103976,213.8390467668939,50088400
2017-07-31,213.9430389404297,214.5585826730198,213.73496055293967,214.4632150657075,65838700
2017-08-01,214.41989135742188,214.57594023678143,213.89970196829188,214.5412671176901,55050400
2017-08-02,214.52394104003906,214.66265998539095,213.59627297558586,214.5499491886717,47211200
2017-08-03,214.1077423095703,214.43718318375602,213.83030449029465,214.41117504181935,40856000
2017-08-04,214.49795532226562,214.82739631571883,214.1164847971395,214.5933229535472,60191800
2017-08-07,214.89669799804688,214.89669799804688,214.46321128680444,214.56725709319855,31995000
2017-08-08,214.36785888671875,215.79837307266672,213.99506663851034,214.58460225771398,61719400
2017-08-09,214.3591766357422,214.41119292395376,213.32747615633122,213.68293843106287,62632600
2017-08-10,211.33340454101562,213.65689983873887,211.2813882602169,213.52684590777946,120479500
2017-08-11,211.64553833007812,212.23508711043007,211.32476241117377,211.55884892903143,74869900
2017-08-14,213.74359130859375,213.96033463333754,212.88529620914446,212.91996932035988,73291900
2017-08-15,213.71766662597656,214.14248847079645,213.41423379022052,214.1251452939348,55242700
2017-08-16,214.09043884277344,214.63663638266544,213.66561706408348,214.2378227507355,56715500
2017-08-17,210.75257873535156,213.79566409729918,210.75257873535156,213.4835531173293,128490400
2017-08-18,210.42312622070312,211.7062431881432,209.98096130653698,210.58784005945023,136748000
2017-08-21,210.58782958984375,210.8479242507227,209.66017494843106,210.36242127252945,65469700
2017-08-22,212.7899932861328,212.9460421774711,211.15141378224735,211.16875695760717,63140100
2017-08-23,212.02708435058594,212.45190622279935,211.68030016479818,211.82768410520643,50203800
2017-08-24,211.53289794921875,212.56458544294475,211.3248195183416,212.40853654151258,50741700
2017-08-25,212.02708435058594,212.93740937448968,211.87970041017772,212.3218522314024,64445900
2017-08-28,212.03575134277344,212.5819357450615,211.61959446706976,212.555927593951,40565600
2017-08-29,212.27842712402344,212.53850854228116,210.6138266733943,210.72653744061483,51135700
2017-08-30,213.2841339111328,213.55290679326467,212.0790413434407,212.26111158888938,62030800
2017-08-31,214.56727600097656,214.81002752234653,213.31883204595056,213.89970270272624,103803900
2017-09-01,214.87066650390625,215.2954881971861,214.72328262557562,214.94002595764354,62007000
2017-09-05,213.32748413085938,214.59327118350407,212.36514307607808,214.3678496208747,91398800
2017-09-06,214.05577087402344,214.3852250665595,213.47490016489778,214.00375457603712,57916900
2017-09-07,214.0297393798828,214.37653671024327,213.6222607848127,214.35919353648387,58034700
2017-09-08,213.7782440185547,214.23773873640977,213.53549259134675,213.74355768383322,63832800
2017-09-11,216.0584716796875,216.13649611970826,215.02677109841616,215.04410104355472,71364800
2017-09-12,216.7866668701172,216.82133997986364,216.24046948163505,216.4225396874498,56896000
2017-09-13,216.89076232910156,216.92544867786958,216.387916103693,216.5006268937401,59228000
2017-09-14,216.82139587402344,217.02080930059907,216.39658733254828,216.5699793839034,95446300
2017-09-15,217.11329650878906,217.200416143231,216.57310957354642,216.6776584527241,95432400
2017-09-18,217.57508850097656,217.92359365475687,217.19172485504657,217.47924758949407,46235200
2017-09-19,217.79286193847656,217.87999485598516,217.4704940740048,217.81899915480582,47108100
2017-09-20,217.87130737304688,217.98457752444963,216.87805311466042,217.88002864292014,59574100
2017-09-21,217.2875213623047,217.8015710121978,217.11326882102426,217.71445138886594,48211400
2017-09-22,217.33106994628906,217.49661450000565,216.9651356513124,216.99127286562393,51214000
2017-09-25,216.8867645263672,217.42696477693914,216.1461877794346,217.0784463419542,57064400
2017-09-26,217.01744079589844,217.55762769427997,216.78219253918303,217.3136714631001,54082000
2017-09-27,217.86253356933594,218.2458970786002,216.83442113134413,217.71441826705015,81001400
2017-09-28,218.1239776611328,218.20238931967907,217.49665780352635,217.58377743703832,44778800
2017-09-29,218.89068603515625,218.9691109863301,217.93229032314218,218.11525085510596,85578000
2017-10-02,219.8403778076172,219.8403778076172,218.9429512512324,219.11721709572956,59023000
2017-10-03,220.3109130859375,220.3370503098654,219.7620047942109,219.84042976061505,66810200
2017-10-04,220.5722198486328,220.81617604791793,220.04944896752707,220.16271909384366,55953600
2017-10-05,221.87918090820312,221.89659685855617,220.6071119176476,220.90334260907198,63522800
2017-10-06,221.62649536132812,221.91401806716368,221.1734413654219,221.43481355743776,80646000
2017-10-09,221.26055908203125,221.91401614564896,220.99917359766056,221.85303373291265,35803100
2017-10-10,221.8443145751953,222.21897020843707,221.2866984073851,221.82689862545803,43057400
2017-10-11,222.19281005859375,222.19281005859375,221.58291951527698,221.74845078840696,47674300
2017-10-12,221.8616943359375,222.22762861807522,221.62644612077213,221.87912357640553,47065100
2017-10-13,222.1317901611328,222.41060483320288,221.86169675669953,222.2973347108475,54800400
2017-10-16,222.4280548095703,222.61973660229094,222.01856730106783,222.35836442550584,38221700
2017-10-17,222.58485412597656,222.62842057968223,222.15792415104528,222.37574312495846,31561000
2017-10-18,222.80274963378906,223.0031394361319,222.61106780733255,222.95957296746096,40888300
2017-10-19,222.86366271972656,222.89852120166648,221.6090365568159,222.0272452777861,61903800
2017-10-20,224.01373291015625,224.03989671270338,222.84623969456575,223.65653319123524,89176400
2017-10-23,223.14251708984375,224.3623249443181,223.06410542878254,224.33618772396434,63915300
2017-10-24,223.53457641601562,223.76981137229262,223.1773500525499,223.5694349022459,66935900
2017-10-25,222.4280548095703,223.3167600944917,221.30411456554228,223.2034899548066,103715300
2017-10-26,222.71556091308594,223.3080221958349,222.59358280813078,223.03794206480885,69798000
2017-10-27,224.53651428222656,224.69336415870453,222.72427203250467,223.4561406288865,85562500
2017-10-30,223.70010375976562,224.44069364702125,223.40387312270985,223.4561475534119,54285700
2017-10-31,224.0486297607422,224.30130725889842,223.7523990960091,224.07476697853525,60304800
2017-11-01,224.3448944091797,225.16389614307118,223.97897330464704,224.82411226029086,54202700
2017-11-02,224.4320068359375,224.57141420229036,223.21222561689552,224.2751835197542,56449500
2017-11-03,225.18125915527344,225.22481231306583,224.1792706337544,224.5887713560746,59589700
2017-11-06,225.52984619140625,225.6605323015323,224.98093793963778,225.05062833529198,49652600
2017-11-07,225.37295532226562,225.9654165701216,224.86760039556466,225.63432746419292,57502200
2017-11-08,225.7563018798828,225.85215606215831,224.9198844008703,225.1986990902852,50469600
2017-11-09,224.93736267089844,225.12904447666784,223.3603284661559,224.55399905935963,95085500
2017-11-10,224.86761474609375,225.04188057798726,224.240294976203,224.55396815576478,59984700
2017-11-13,225.07667541503906,225.30321564135517,224.1531251543743,224.18798363286027,50228600
2017-11-14,224.55398559570312,224.6585344672659,223.49972243256397,224.27517087871254,61315200
2017-11-15,223.43003845214844,224.10963272602055,222.72430695963646,223.5868617639876,80811500
2017-11-16,225.32937622070312,225.69532380968525,224.32741422145776,224.37096738216056,67777000
2017-11-17,224.66722106933594,225.30326213412084,224.58880941848312,224.9808942619812,75756800
2017-11-20,225.05059814453125,225.24227994341484,224.6672345467641,224.91121737192094,48075500
2017-11-21,226.5230255126953,226.70601260626515,225.0157351377626,225.81729412101691,69176800
2017-11-22,226.32266235351562,226.66244616724182,226.1571177863148,226.53176008503942,45033400
2017-11-24,226.84544372558594,226.95001919765812,226.67120445060775,226.81061182413293,27856500
2017-11-27,226.73219299316406,227.18524700086792,226.53178991457588,226.8890163124573,52274900
2017-11-28,229.0323486328125,229.0584858527543,227.09811458940757,227.19396878868554,98971700
2017-11-29,228.8929443359375,229.69453007364146,228.44861159096217,229.1630378087075,77512100
2017-11-30,230.8969268798828,231.8030350331131,229.72941989883375,229.8078315704071,127894400
2017-12-01,230.4176788330078,231.15826886437077,227.19397309242424,230.67907762661457,164390900
2017-12-04,230.13885498046875,232.45642573769004,230.08655395847,232.02950900702822,94040600
2017-12-05,229.3111114501953,231.01880480795086,229.1804253800767,229.3111114501953,77994500
2017-12-06,229.3546905517578,229.78163388140953,228.8929153256221,229.4069649857178,75898600
2017-12-07,230.07785034179688,230.3914969262056,229.09330424757107,230.07785034179688,77218600
2017-12-08,231.33248901367188,231.34118369260776,230.04299101871084,231.02753710934363,76563900
2017-12-11,232.02963256835938,232.09062830214515,231.30648480385574,232.02963256835938,83077500
2017-12-12,232.43902587890625,232.90952239559513,232.06438355507768,232.81366820273482,85195800
2017-12-13,232.4129180908203,233.1186496606018,232.32578515606883,232.68301157608292,102905400
2017-12-14,231.46319580078125,232.82238429500705,231.41092136555983,232.7091141556158,100666700
2017-12-15,233.3907012939453,233.85483690706474,232.40988843038323,232.46243006770646,144610300
2017-12-18,234.8706512451172,235.22093768316861,234.67798969541755,234.78307295431878,83653600
2017-12-19,233.96864318847656,235.15962238325565,233.89856986811236,235.11584660188396,82382900
2017-12-20,233.8460693359375,234.9845071030803,233.5483244849178,234.93196546614422,76751500
2017-12-21,234.3277130126953,235.0370785709979,234.0825097953715,234.4678329547584,67032300
2017-12-22,234.26638793945312,234.38023704116586,233.73217909106452,234.3452003809909,78720900
2017-12-26,233.98617553710938,234.20510791986987,233.72346736785457,233.86356057469422,45244400
2017-12-27,234.10003662109375,234.4590889541957,233.82856259060253,234.15257825763103,57751000
2017-12-28,234.5816650390625,234.6254675506704,234.21387360236463,234.5991967337634,45116100
2017-12-29,233.69712829589844,235.17711307836552,233.5044934894406,235.15960811190743,96007400
2018-01-02,235.36985778808594,235.40489445852347,234.1701123958041,234.55543559516968,86655700
2018-01-03,236.8585968017578,237.00748259962404,235.53623649329967,235.53623649329967,90070400
2018-01-04,237.85691833496094,238.338585679426,236.91990791692345,237.49789269519266,80636400
2018-01-05,239.44198608398438,239.56457432430008,238.15466257237145,238.64506898392446,83524000
2018-01-08,239.87979125976562,240.03741612607018,239.05660354665721,239.3455824682156,57319200
2018-01-09,240.4227294921875,241.0444898121158,240.01987477211014,240.30011456212813,57254000
2018-01-10,240.0550079345703,240.31774286526394,239.0041483872401,239.6696847496715,69574300
2018-01-11,241.8064727783203,241.8064727783203,240.4403366278896,240.6067274035964,62361500
2018-01-12,243.3827362060547,243.54910021148692,241.77137052837904,242.06914205424664,90816100
2018-01-16,242.55084228515625,245.28311451775946,241.85900837845608,244.63508312865815,106555100
2018-01-17,244.8626708984375,245.24799395072085,242.55075930987627,243.479030283521,113258800
2018-01-18,244.45118713378906,245.16926513510293,243.96075394304466,244.74893200753343,100728000
2018-01-19,245.56329345703125,245.56329345703122,244.45112669843263,245.02908460595285,140920100
2018-01-22,247.55995178222656,247.55995178222656,245.30055491341997,245.3531232657294,91322400
2018-01-23,248.08541870117188,248.37439767846362,247.27973579833136,247.60375143882754,97084700
2018-01-24,247.98910522460938,249.32023133954712,246.8156307510147,248.7247148920054,134816100
2018-01-25,248.09417724609375,248.94363600058514,247.30602597572388,248.84731857566186,84587300
2018-01-26,250.96656799316406,251.01037050667838,248.67216079961221,248.92612985752962,107743100
2018-01-29,249.3026123046875,250.83513858949067,249.14498744371218,250.39727393668974,90118300
2018-01-30,246.7455596923828,249.35521657465551,246.27265826550448,247.4811692868912,131796400
2018-01-31,246.8681182861328,248.09413412976593,245.7997273241509,247.59498867120385,108364800
2018-02-01,246.58792114257812,247.88401053028454,245.7997698727501,246.14131723392478,90102500
2018-02-02,241.2197723388672,245.40575950976418,241.18473566553274,245.27437866604785,173174800
2018-02-05,231.13131713867188,241.57002619152033,230.58836903867657,239.46828040357332,294681800
2018-02-06,235.6851043701172,236.18427664100065,226.55125133339826,227.63714745239045,355026800
2018-02-07,234.40655517578125,238.51370243690877,234.32771599318662,235.13339898901052,167376100
2018-02-08,225.6142578125,234.84445678051858,225.57922113976144,234.70433681471525,246449500
2018-02-09,229.0032501220703,230.85102642500632,221.48948987210917,228.39022881983215,283565300
2018-02-12,232.3660888671875,233.82856905831616,229.14341035308112,231.04372861908254,143736000
2018-02-13,232.9440460205078,233.48699403220186,230.58833153740176,231.16631621198863,81223600
2018-02-14,236.08786010742188,236.44691232945718,231.45524460133586,231.46401044642909,120735700
2018-02-15,239.10040283203125,239.1091686782895,235.36978694519354,237.82184535995404,111200300
2018-02-16,239.17034912109375,241.10572957261797,238.43473992271484,238.47854241049478,160420100
2018-02-20,237.67300415039062,239.66092741349146,236.8848528685006,238.22471806525743,86369700
2018-02-21,236.49069213867188,240.580359821488,236.39437474155326,238.11079672544412,98883700
2018-02-22,236.79722595214844,239.1179035321851,236.13168977692354,237.41024722618403,110511300
2018-02-23,240.5716552734375,240.5716552734375,237.54163853771126,238.01453997396973,92766400
2018-02-26,243.36520385742188,243.46154799203504,241.05329205354371,241.64001580702427,86491400
2018-02-27,240.3264617919922,244.25850577220086,240.26515430746772,243.54914022654583,99099200
2018-02-28,237.89198303222656,241.86780361018054,237.5767331479273,241.42117288227203,121907800
2018-03-01,234.432861328125,239.22310405940303,232.9441100848906,237.68181116995103,176855100
2018-03-02,235.64132690429688,236.20180671893183,231.91073669808344,232.76893466716402,139083200
2018-03-05,238.36477661132812,238.97779785331926,234.35392117687223,234.4590311491781,97307400
2018-03-06,238.96910095214844,239.41573160660244,237.480349920733,239.33689242334253,79213200
2018-03-07,238.88148498535156,239.2317714301234,236.622114700202,236.8147762535979,87063500
2018-03-08,240.0374298095703,240.16001802641597,238.56621085658298,239.55576261266404,66901200
2018-03-09,244.21469116210938,244.21469116210938,241.1233669724046,241.4386435020961,113625300
2018-03-12,243.90821838378906,245.12549545473968,243.52289519047727,244.50373487127465,71924800
2018-03-13,242.33187866210938,245.5633227931773,241.72762314328241,245.06415054281683,91968900
2018-03-14,241.0883331298828,243.47031856209327,240.5366459654681,243.2864228406217,105895100
2018-03-15,240.8256378173828,242.23554963253437,240.32646553587168,241.59628413442184,83433000
2018-03-16,241.08676147460938,242.13305550077044,241.03400940876764,241.35052180381805,100343700
2018-03-19,237.8247528076172,241.2625719062548,236.18058428917695,240.33938400160284,109208400
2018-03-20,238.22918701171875,238.86223848884688,237.55215760168622,238.2203860587031,59757300
2018-03-21,237.77198791503906,240.26901706572676,237.56097968128907,238.18523026091694,78709600
2018-03-22,231.8284454345703,236.4004620081749,231.55585726268973,235.55640195080238,148785900
2018-03-23,226.8870391845703,232.59330410343725,226.6936060206735,232.26799078965104,183534800
2018-03-26,233.094482421875,233.37584467049444,228.08284817522323,230.47437362412663,141956100
2018-03-27,229.1291046142578,234.55398038777494,227.58163933311803,234.0264597984559,129941400
2018-03-28,228.4521026611328,230.9227829355966,227.35305658067978,229.26101238250533,146452300
2018-03-29,231.37120056152344,233.22640449908832,228.46092837170607,229.5863506067516,111601600
2018-04-02,226.37716674804688,231.35365172391622,223.91530029860573,230.84367920346043,186286300
2018-04-03,229.27854919433594,229.7533445348601,225.8231553338091,227.60800479729187,119956900
2018-04-04,231.73171997070312,232.43509889367112,225.61223747788634,225.74411767191958,123715300
2018-04-05,233.560546875,234.4397839401843,232.39994750923216,233.4813919268099,82652600
2018-04-06,228.3553924560547,233.0944650563523,226.84310402261673,231.60857948692498,179521200
2018-04-09,229.4808349609375,232.85710149682288,228.5488459770193,229.80614832654538,105442900
2018-04-10,233.1297149658203,233.91224887523705,231.22178545810578,232.35598201382675,103529000
2018-04-11,231.90756225585938,233.56053212718132,231.58224885543234,231.6525760100446,91140200
2018-04-12,233.81552124023438,234.7563113998013,233.050589237812,233.22644739495652,68890500
2018-04-13,233.1297149658203,235.2311045437205,232.12739861051028,235.11679942596865,85079200
2018-04-16,235.04638671875,235.81134535442877,233.93856647983353,234.75625035031916,63405300
2018-04-17,237.56100463867188,238.15887925189176,236.29490143880682,236.8048470013346,64682000
2018-04-18,237.7369384765625,238.53702064586165,237.27971800017716,238.00069888048665,57303900
2018-04-19,236.41798400878906,237.2884198102276,235.3892651989447,237.08618569692788,77655900
2018-04-20,234.413330078125,236.56747115211715,233.5340932041984,236.34766193363552,99953100
2018-04-23,234.37820434570312,235.5388035799496,233.30553417444793,234.98487999850548,65558000
2018-04-24,231.22171020507812,235.61789433591494,229.7269968677222,235.3980851293731,112885500
2018-04-25,231.793212890625,232.23283131151314,229.34893554377416,231.16016129125893,103840900
2018-04-26,234.1495819091797,234.9760667601679,232.37353299119516,232.81315145098966,67731900
2018-04-27,234.36941528320312,235.05521907784504,233.4374261990022,234.7562817142508,57053600
2018-04-30,232.5669708251953,235.53879596582644,232.49661684420343,234.98487240228866,82182300
2018-05-01,232.98016357421875,233.0856676910251,230.4567315637778,232.00419682940756,74203400
2018-05-02,231.4151611328125,233.59565145638658,231.02829475304668,232.78676854028026,86368900
2018-05-03,230.90516662597656,231.5557932787328,227.7662847762269,230.58865425399074,136311500
2018-05-04,233.8946075439453,234.57163717893877,229.61272782167768,229.93804120526443,91222100
2018-05-07,234.68594360351562,235.6530828038007,233.97373697292065,234.65956756772937,55304900
2018-05-08,234.68594360351562,235.04640714853366,233.1296769955772,234.316652270325,67499200
2018-05-09,236.95431518554688,237.27962850508365,234.8353512992768,235.3540977861297,59666100
2018-05-10,239.16998291015625,239.49532306278292,237.5873674147149,237.69287153678732,72063900
2018-05-11,239.8997802734375,240.16354059598854,238.78313229955305,239.2931046993908,59871500
2018-05-14,240.0141143798828,240.9812535676364,239.46896492705878,240.3306268052169,54790600
2018-05-15,238.36119079589844,238.8095834853447,237.42040062910027,238.79200840237016,87036100
2018-05-16,239.36346435546875,239.8206847529032,238.3699222852691,238.39632515328998,53942600
2018-05-17,239.16123962402344,240.23390972369216,238.38750685282884,239.0996866008191,56536400
2018-05-18,238.56336975097656,239.17884640022527,238.2116803080564,238.81835600077213,64368000
2018-05-21,240.35694885253906,240.89329722901473,239.65357017722093,240.04043649829885,58025900
2018-05-22,239.68873596191406,241.13069722219612,239.36342263255682,240.87571103208705,52966400
2018-05-23,240.34820556640625,240.37460843443773,238.26441823782346,238.4227012850976,64694200
2018-05-24,239.85585021972656,240.2251415772078,238.0798010848693,239.95258024542736,76043800
2018-05-25,239.28431701660156,239.90856770271625,238.78314554377755,239.28431701660156,56374800
2018-05-29,236.53224182128906,238.42262214764784,235.42442185117642,237.66646465066952,115908600
2018-05-30,239.68873596191406,240.1283543707057,237.76323201701084,237.83355915625907,69678400
2018-05-31,238.2204132080078,239.58321947205602,237.62253864263036,239.28428218936727,93519900
2018-06-01,240.55923461914062,240.85817196194657,239.44258652128468,239.5129405032286,71258400
2018-06-04,241.7021942138672,241.95718040231645,241.13949660700942,241.3768808866275,45385200
2018-06-05,241.87811279296875,242.25617827688455,241.06920291762384,241.8341348420718,51135000
2018-06-06,243.90029907226562,244.00580320208965,241.86926407661431,242.48474061016057,62732200
2018-06-07,243.8739013671875,244.67401005682166,242.9682885571053,244.3838737255894,72969400
2018-06-08,244.5948944091797,244.64764647208725,243.2496631406796,243.4167202839464,72139700
2018-06-11,244.920166015625,245.63234557572605,244.70035684689816,244.81466190778394,58892500
2018-06-12,245.23678588867188,245.59724943171398,244.5949332451472,245.33348907529714,72329000
2018-06-13,244.45419311523438,245.72909713866116,244.25195900266613,245.47411096754055,79070600
2018-06-14,245.06968688964844,245.59720751244333,244.4805864179566,245.31587212434545,77097600
2018-06-15,244.75698852539062,245.0926030351997,243.18492078417364,244.2889016966198,120041600
2018-06-18,244.25364685058594,244.37730569060352,242.8317319063907,243.30863241102696,52917600
2018-06-19,243.31747436523438,243.53827062146416,241.57759878803688,241.9926968278556,97531500
2018-06-20,243.7325439453125,244.39493263665724,243.3969293626048,243.99748864078447,53785500
2018-06-21,242.2047119140625,243.74147256151994,241.71013033522033,243.72379160698475,71061400
2018-06-22,242.64617919921875,243.57353939503906,242.42538300297497,243.45872106056657,54898500
2018-06-25,239.34310913085938,241.6570492683329,237.6650632027626,241.4980824541548,137854200
2018-06-26,239.8730010986328,240.72085097412534,239.15762355483264,239.9083360379713,68547400
2018-06-27,237.88587951660156,241.87786591926562,237.7357262109778,240.4559510401618,105110700
2018-06-28,239.2459259033203,240.0054518384674,237.1262609762902,237.83282493618663,76650500
2018-06-29,239.59042358398438,241.69240817765476,239.47560522258217,240.33229574304445,97592500
2018-07-02,240.10267639160156,240.2616701857131,237.78873585726308,238.0272130720959,63554800
2018-07-03,239.25482177734375,241.0918617527472,238.83091020814945,240.9946973830279,42187100
2018-07-05,241.20664978027344,241.26847920080212,239.30780736280755,240.37648065137014,56925900
2018-07-06,243.24684143066406,243.61776406289744,240.853390508735,241.23318056910415,66493700
2018-07-09,245.4370574951172,245.49004642840816,244.20060413055813,244.24475259074663,50550400
2018-07-10,246.32029724121094,246.41746160901664,245.59607905454257,245.8875452052918,51966800
2018-07-11,244.5185546875,245.56073333737447,244.21827506047302,244.7746858512768,77054700
2018-07-12,246.7354278564453,246.7884168085472,245.17219986409648,245.77275928969894,60124700
2018-07-13,246.92970275878906,247.22998243887085,246.10834713803578,246.5587801344927,48216000
2018-07-16,246.7089385986328,247.11519622423071,246.26734601999573,246.97391031741824,48201000
2018-07-17,247.70692443847656,248.09552803612263,245.8875653007109,245.9405542501472,52315500
2018-07-18,248.22801208496094,248.3339899888181,247.3448269492562,247.78641951710858,44593500
2018-07-19,247.29177856445312,247.94532678294925,246.81485115904692,247.56556373450772,61412100
2018-07-20,247.00912475585938,247.71568878565012,246.85015795640464,247.08860815558674,82337700
2018-07-23,247.4683837890625,247.6714990368326,246.4615402121385,246.8059952103473,47047600
2018-07-24,248.71371459960938,249.55275112962,247.848210550406,248.8727083834363,68026900
2018-07-25,250.8334197998047,251.15135351236918,248.42231466883828,248.46646314469285,78882900
2018-07-26,250.2415771484375,250.92161973917163,250.02078094918681,250.11794529224085,57919500
2018-07-27,248.54591369628906,250.66555212783368,247.62739382664256,250.56838777060267,76768700
2018-07-30,247.2477264404297,248.78446018116486,246.7266234142024,248.62549330164234,63742500
2018-07-31,248.46641540527344,249.075815189939,247.62740585654043,248.0071689244722,68570500
2018-08-01,248.05126953125,249.17293147487544,247.40656187814733,248.66950967116927,53853300
2018-08-02,249.40267944335938,249.57045983347243,246.5499815686678,246.75312386590184,63426400
2018-08-03,250.4713134765625,250.5243024292527,249.3496510883855,249.52629889913408,53935400
2018-08-06,251.38987731933594,251.69897061292033,250.11808832813674,250.50669201726296,39400900
2018-08-07,252.21987915039062,252.5996690620115,251.91959958149076,252.05209885092006,43196600
2018-08-08,252.114013671875,252.5114577519987,251.65476711815006,252.05221119827377,42114600
2018-08-09,251.76968383789062,252.56454535594642,251.63721141032818,252.17594159997583,35717000
2018-08-10,250.08265686035156,250.8775179349385,249.3760927197562,250.338788045859,77076000
2018-08-13,249.14642333984375,250.9657817684434,248.85495727888443,250.35638213479345,65732900
2018-08-14,250.73619079589844,250.97466797152953,249.48208331600298,249.87068683298415,43842000
2018-08-15,248.86383056640625,249.53505968969637,247.43307539532,249.39374687675829,102925400
2018-08-16,250.8775634765625,251.7430945986613,250.2593231103961,250.29465806200673,69967900
2018-08-17,251.76077270507812,252.20236530814643,250.26818755049345,250.67444519856767,65618500
2018-08-20,252.2995147705078,252.56445953560558,251.7607578112464,252.21119086458458,39807500
2018-08-21,252.89117431640625,253.74786479251597,252.33476348775093,252.81169090555056,67272000
2018-08-22,252.7410125732422,253.2620883843199,252.2199098095026,252.48488142791183,44993300
2018-08-23,252.40541076660156,253.42106797344053,252.087450198996,252.56437757407272,49204900
2018-08-24,253.92449951171875,254.06581233019867,252.92649626116108,252.97948519900802,57487400
2018-08-27,255.92933654785156,256.0353144305907,254.95782770163285,255.11679452574154,57072400
2018-08-28,256.0530090332031,256.4946015366076,255.59373557995536,256.38859669554984,46943500
2018-08-29,257.4307556152344,257.66036537146607,256.02649479713034,256.26494502760124,61485500
2018-08-30,256.3886413574219,257.32481547150365,255.79692239327863,256.9538927975245,61229500
2018-08-31,256.3974304199219,256.8390229116999,255.49659143965482,255.9823323995439,66140800
2018-09-04,255.955810546875,256.3090791119726,254.95780730979303,255.98230501544074,57594400
2018-09-05,255.26687622070312,255.80563291038325,254.26005966444714,255.60249072367463,72452400
2018-09-06,254.49864196777344,255.67326638537259,253.47414393566402,255.37298666172072,65909900
2018-09-07,254.00399780273438,254.9755066412975,253.21795025750325,253.45642744445308,73524800
2018-09-10,254.44558715820312,255.27578315982285,254.2512853928737,255.01081150564704,50210900
2018-09-11,255.2844696044922,255.7260618556348,253.45629816877727,253.80072610928943,50530500
2018-09-12,255.3464813232422,255.9470407450004,254.56046057031446,255.29349237147946,59810800
2018-09-13,256.8567199707031,257.0422082542672,256.1236881706315,256.40631388139195,51034200
2018-09-14,256.90081787109375,257.2452459530958,256.1236108773846,257.0597846781716,55079900
2018-09-17,255.540771484375,256.8832031223014,255.26698626185495,256.84789512451624,68244000
2018-09-18,256.9273681640625,257.519087058753,255.7262224711646,255.7527169447676,61930400
2018-09-19,257.2011413574219,257.6162393929191,256.8566862640088,256.9803451034907,49080600
2018-09-20,259.28546142578125,259.603422066902,257.21881159283953,258.4552922550464,100360600
2018-09-21,259.04852294921875,260.1397676489561,258.8888365272103,260.02442954150337,105479700
2018-09-24,258.18792724609375,258.613784734562,257.6112638442955,258.4718322384059,53409600
2018-09-25,257.9484558105469,258.74691509115587,257.7089261487671,258.64045746369817,44370000
2018-09-26,257.1766052246094,259.2703440505764,256.75962814321076,258.09040260622646,79739700
2018-09-27,257.8951110839844,258.97747493445513,257.37167660112794,257.6467010400074,59249500
2018-09-28,257.9218444824219,258.4186647996057,257.2387233149633,257.2741911414216,70091400
2018-10-01,258.81787109375,259.88247430397746,258.15248393435553,259.154977845118,62078900
2018-10-02,258.6670837402344,259.3768193389714,258.29448202703463,258.6670837402344,47258200
2018-10-03,258.8090515136719,260.1309456508911,258.45418369340865,259.713968516545,64694600
2018-10-04,256.78619384765625,258.38311207053476,255.20700953403792,258.32988326808356,111545900
2018-10-05,255.3489990234375,257.52258097086235,253.92950091153634,257.00802678106885,105951700
2018-10-08,255.3489990234375,255.70386678274414,253.29072811491454,254.66585083523077,87742200
2018-10-09,254.97634887695312,256.27162827331057,254.41741934248682,254.96749545911888,74339000
2018-10-10,246.90310668945312,254.54176913998026,246.5305048575364,254.4707793126815,214731000
2018-10-11,241.46461486816406,247.43533927490867,239.85878869058828,245.82065967789862,274840500
2018-10-12,244.81813049316406,245.8295049137583,241.64200056999678,245.5455998896825,183186500
2018-10-15,243.44297790527344,245.78515371440125,243.35425420195685,244.46323280673184,102263700
2018-10-16,248.76602172851562,249.13865037246848,244.92453258027382,245.39473832462676,118255800
2018-10-17,248.81040954589844,249.4314212173078,246.24643843884581,248.80152905463007,110626000
2018-10-18,245.21734619140625,248.47331932132207,243.9486811524354,247.87889487020155,134557500
2018-10-19,245.0842742919922,247.79017128688514,244.39227271815466,245.86499957010082,139901600
2018-10-22,243.98416137695312,246.0690193902302,243.45184625827045,245.74964656382357,82415800
2018-10-23,242.7421417236328,243.86000103241318,238.30622646615907,240.3822586323735,146352700
2018-10-24,235.38742065429688,242.8752479954551,234.83737147811587,242.49373869531894,177806700
2018-10-25,239.61036682128906,241.1452031203424,236.1947340152179,237.21498902513562,138061500
2018-10-26,235.39630126953125,240.42664181369634,232.69928389572428,235.91976317152478,201574600
2018-10-29,234.0921173095703,239.76123025482744,230.53453152674683,238.47480394347747,160749100
2018-10-30,237.56100463867188,237.8715241329853,233.43560871330504,233.92357565427733,157116000
2018-10-31,240.09837341308594,242.40505495266066,239.64590135550912,240.11610732869826,128296300
2018-11-01,242.65347290039062,242.8486542770857,239.87658529887113,240.95894982878363,99495000
2018-11-02,241.21621704101562,244.17940523532488,239.1756797424592,243.7535476163538,122634100
2018-11-05,242.5469970703125,243.09704625212134,240.73713599252275,241.70416230807044,65622500
2018-11-06,244.0817108154297,244.24139721052512,242.4226834254895,242.48479271513835,60085900
2018-11-07,249.30731201171875,249.38715523548547,245.82066212583987,246.24651972727324,102752100
2018-11-08,248.85476684570312,249.49353952273233,247.71917398372554,248.50875256975544,65584900
2018-11-09,246.42401123046875,247.73702502233843,245.02224663008394,247.5507241335671,98812600
2018-11-12,241.81948852539062,246.15779952677357,241.3049071986375,245.9182698520506,99673600
2018-11-13,241.36703491210938,244.26811393698574,240.6484187584732,242.2808324330714,98176600
2018-11-14,239.716796875,243.62924909095995,238.16422701719475,243.23003308661183,125335900
2018-11-15,242.21873474121094,242.68008730867362,236.88678240123062,238.45708683551868,135101400
2018-11-16,242.84857177734375,243.75348853932485,240.61285366295095,241.12743487882662,126668000
2018-11-19,238.7409210205078,242.53806270523495,237.82712372715233,242.24527718983254,103061700
2018-11-20,234.32278442382812,236.8778759571118,233.46221577650243,235.42288274939483,136021300
2018-11-21,235.1212158203125,237.01091983703193,235.11236240158553,235.8664462498529,75563700
2018-11-23,233.55093383789062,234.94381770001263,233.3912473895993,233.4888245275515,42807900
2018-11-26,237.32150268554688,237.54329848244925,235.40518375134843,235.79554651987118,79981400
2018-11-27,238.119873046875,238.119873046875,235.68900068623446,236.29227853016872,75502400
2018-11-28,243.60267639160156,243.60267639160156,238.0577830930989,239.1845227391462,127629600
2018-11-29,243.07041931152344,244.4632761090894,241.6952693532151,242.8308625626681,82346400
2018-11-30,244.55197143554688,245.11090101841376,242.60018521682522,242.91955807864937,98204200
2018-12-03,247.79019165039062,248.76609832822683,246.20215363452692,248.65964070422206,103176300
2018-12-04,239.76119995117188,247.3909789815745,239.45068049374675,246.96512140499067,177986000
2018-12-06,239.3974609375,239.51279906111833,232.83231205737232,235.91971868896132,204185400
2018-12-07,233.83485412597656,240.62179936686118,233.00089985327392,239.06034846057895,161018900
2018-12-10,234.27838134765625,235.24540740375193,229.44322399250612,233.65734252371468,151445900
2018-12-11,234.33163452148438,237.64969005669067,232.86778808387422,237.46338922000294,121504400
2018-12-12,235.5115966796875,238.6522321483486,235.43175345692626,237.29484321205325,97976700
2018-12-13,235.43179321289062,237.31261719912018,234.3228142517004,236.45204844224932,96662700
2018-12-14,231.08456420898438,234.2429336202688,230.53451506399446,233.293641283114,116961100
2018-12-17,226.551025390625,231.24421696494525,224.92747906269102,230.13523834236764,165492300
2018-12-18,226.3026580810547,228.84888268565493,224.70572585491885,228.18349538620993,134515100
2018-12-19,222.91363525390625,230.13530561361702,221.21912571165856,226.38252464828682,214992800
2018-12-20,219.2850341796875,223.23299606876677,217.04932908961484,221.6715587646981,252053400
2018-12-21,214.79196166992188,222.83216813756005,214.14945865139123,220.18184659021884,255345600
2018-12-24,209.11651611328125,214.9168804385262,209.05405773183995,213.3106229790265,147311600
2018-12-26,219.68212890625,219.68212890625,208.5989713794765,210.57110150476595,218485400
2018-12-27,221.3687286376953,221.56503617697558,213.23929261778002,216.46072697864727,186267300
2018-12-28,221.08316040039062,224.34028325034785,219.92308458520284,222.7161880021992,153100200
2018-12-31,223.0195770263672,223.26051908414857,220.8332882654994,222.69832548812266,144299400
2019-01-02,223.2515869140625,224.1707342291096,219.47689154888744,219.50366137573045,126925200
2019-01-03,217.92417907714844,221.81488595919683,217.4422949789893,221.5114719055297,144140700
2019-01-04,225.22373962402344,225.86624276540294,220.56559865721877,220.94038988695792,142628800
2019-01-07,226.99954223632812,228.40054653433256,224.59908107156352,225.4914450069322,103139100
2019-01-08,229.13226318359375,229.6141473029635,226.6604250449765,229.17689771717087,102512600
2019-01-09,230.20310974121094,231.04193396167105,228.61470313427708,229.83723728481584,95006600
2019-01-10,231.0151824951172,231.26504331046658,227.99898800303666,228.6771933158935,96823900
2019-01-11,231.10443115234375,231.13120098217834,229.36431051473255,229.94434164967387,73858100
2019-01-14,229.69444274902344,230.4975647437102,228.81101127814628,229.2125586590983,70908200
2019-01-15,232.326904296875,232.63923705127664,230.06029278047396,230.0692251323306,85208300
2019-01-16,232.88912963867188,233.77256114426123,232.55002701513308,232.75525327364485,77636700
2019-01-17,234.65603637695312,235.51272544851778,231.9789443020885,232.02357884300957,96118400
2019-01-18,237.77923583984375,238.24328241616914,234.69166490768163,236.45855492637688,127900300
2019-01-22,234.56678771972656,236.52999941076166,232.96054341454368,236.31584076548077,115531200
2019-01-23,235.05755615234375,236.28902257625495,232.60355565717606,235.59297988875502,86030300
2019-01-24,235.18251037597656,235.76256873524682,233.87073426763428,234.8791098980127,59204100
2019-01-25,237.17245483398438,237.99344153026766,235.28064789407634,237.02074100226002,96883400
2019-01-28,235.36988830566406,235.43233307573223,233.6119305026941,235.0397180517145,85613700
2019-01-29,235.05755615234375,236.07483674202095,234.22766433893665,235.5126704132107,66136300
2019-01-30,238.7786865234375,239.61751064912445,235.80712714019668,236.56564179420482,92473700
2019-01-31,240.8757781982422,241.3576623238347,238.50208698383028,238.7162728356407,104012100
2019-02-01,240.9917449951172,242.0090527116639,240.20646056117508,241.0720544623004,85782500
2019-02-04,242.68724060058594,242.74971259966776,240.36708937749282,241.03636219764772,60744800
2019-02-05,243.70457458496094,244.00797502814757,242.6158895910401,243.11561117191027,79552800
2019-02-06,243.38328552246094,243.91870923015293,242.65156792915562,243.42792005055753,58347800
2019-02-07,241.0631866455078,242.32139572551998,239.41230805498316,241.77706684167765,95482000
2019-02-08,241.35765075683594,241.45579770825748,239.00179712931825,239.82278385087898,75788900
2019-02-11,241.49154663085938,242.2678989706779,240.9650551272214,242.00913301259752,68021400
2019-02-12,244.596923828125,244.97170137499526,243.02635482048785,243.09775917507974,72270200
2019-02-13,245.39114379882812,246.2299680559357,245.00743385198552,245.42684598053933,65277200
2019-02-14,244.8468017578125,245.971188942763,243.49932360650095,244.31137799198922,83234400
2019-02-15,247.51487731933594,247.55057948706278,246.40835521477726,246.61358140546326,97088700
2019-02-19,247.9433135986328,248.59472181280694,246.71184706665318,246.72077942009167,59120800
2019-02-20,248.44297790527344,248.89809210112116,247.40783275817145,247.90755424535467,76610800
2019-02-21,247.5595703125,248.16637114331283,246.60473453788555,247.80943108005712,64214700
2019-02-22,249.09445190429688,249.29074580289446,247.54172032600366,248.17529101841103,78114600
2019-02-25,249.4335174560547,251.03085626968215,249.35320798266986,250.51329725249707,69030700
2019-02-26,249.255126953125,250.1296262719881,248.880322078763,249.0855756091028,56844100
2019-02-27,249.14805603027344,249.49606385204325,247.61318876031748,248.54122777356352,56921600
2019-02-28,248.68397521972656,249.37111287962617,248.36273727441204,248.93383603256655,69268300
2019-03-01,250.2366485595703,250.64712824922503,248.80886114837762,250.25448603032754,78880500
2019-03-04,249.32650756835938,251.53064783858306,247.04205780239343,251.28971935135635,106494600
2019-03-05,248.9873809814453,249.64774882660245,248.44305204049925,249.45142766714278,59114600
2019-03-06,247.4791717529297,249.11221230251422,247.1579339461242,249.10327995251149,75039800
2019-03-07,245.408935546875,247.17579814090803,244.5701115391468,247.0330166892971,94885100
2019-03-08,244.91819763183594,245.08774895787133,243.09779481459196,243.56181425633898,85795800
2019-03-11,248.4697265625,248.63034547696088,245.6052469901761,245.63201680925292,65098900
2019-03-12,249.4066925048828,249.92427864044683,248.83559396500522,249.0229826948177,79667500
2019-03-13,251.05763244628906,251.985698439076,250.12956645350215,250.29021263711815,80639200
2019-03-14,250.89697265625,251.50377341581668,250.45972317255902,251.0843614017207,67518400
2019-03-15,252.13658142089844,252.94324092937174,251.25820304120282,251.4464445636101,81309000
2019-03-18,253.05078125,253.3465737140762,252.1275991291348,252.35167272500243,62199800
2019-03-19,253.11361694335938,254.87034689058007,252.2262939462735,254.1085182803817,90268100
2019-03-20,252.35162353515625,254.0994081833288,251.2491991641283,252.8983772259184,84609200
2019-03-21,255.20191955566406,255.60523563223617,251.4912475347911,251.53607866734464,79550400
2019-03-22,250.29022216796875,254.36835092558272,250.22747499256286,253.84851218600596,122659300
2019-03-25,250.10203552246094,251.13276877053153,248.84722863990814,249.94965341580806,85575200
2019-03-26,251.96629333496094,252.91636327100957,250.56807617048426,251.84977067913186,68125900
2019-03-27,250.64871215820312,252.53990748012842,249.10708476578716,251.9572942642795,72224700
2019-03-28,251.59881591796875,252.04696315813962,250.12890719363142,251.2761630343594,56238500
2019-03-29,253.1852264404297,253.50787926259702,251.98419534780982,253.10456323488788,82186800
2019-04-01,256.1877746582031,256.4835670796357,254.90608043927517,255.1749851271893,77617900
2019-04-02,256.31341552734375,256.54646091956437,255.52467175620833,256.3761627256717,40070400
2019-04-03,256.7167053222656,257.91773677565595,256.11617591920054,257.523364972723,68243200
2019-04-04,257.3978271484375,257.64878849405113,256.3491779856979,257.03931484795163,48997500
2019-04-05,258.6437072753906,258.6974827565158,257.7743005268839,258.061121328043,58621700
2019-04-08,258.8408508300781,258.9484017747412,257.5681008285221,258.22240554553275,53566300
2019-04-09,257.51434326171875,258.20448010644867,256.9676168040888,257.8818272500247,66142300
2019-04-10,258.392822265625,258.4824572115658,257.51444355979766,257.92673148783103,52601500
2019-04-11,258.32098388671875,258.88565369694953,257.7563140764879,258.8766820006816,55093100
2019-04-12,260.0686950683594,260.3465440465795,258.3657417768646,259.92528473238696,69727800
2019-04-15,259.8984680175781,260.23906423948523,259.1007529344028,260.1404576397442,49596700
2019-04-16,260.0686950683594,260.8305505113958,259.4771376897449,260.77677505449674,52153200
2019-04-17,259.4324951171875,261.20714100292923,259.02017988781523,261.1802532577738,58268300
2019-04-18,259.9433288574219,260.2122336271481,258.7243814300919,260.0150477371109,68708500
2019-04-22,260.16741943359375,260.3198015483036,259.09188234285483,259.18151727193475,40160100
2019-04-23,262.5067138671875,262.73975916905067,260.30183725475945,260.5348552038877,52246600
2019-04-24,261.9241027832031,262.7576499482489,261.7806924075933,262.4260254214715,50392900
2019-04-25,261.76275634765625,262.4170610760673,260.57966858301586,261.8255035173805,57770900
2019-04-26,262.981689453125,263.05338095527367,261.0367189673241,261.8075462172482,50916400
2019-04-29,263.39404296875,263.91390906199985,262.98175518470526,263.07139009934167,57197700
2019-04-30,263.5285339355469,263.8153547781804,261.6463371185243,263.05349888175925,81111700
2019-05-01,261.54766845703125,264.3620460215108,261.53869676009515,264.15588846112246,71671900
2019-05-02,260.9830017089844,262.34538672821753,259.49514969482624,261.4311489173669,65030200
2019-05-03,263.5374450683594,263.8152941480737,261.09055147473833,262.4529364877734,56543700
2019-05-06,262.4529113769531,262.89208684427564,258.9394255801766,259.2531340651493,107198100
2019-05-07,258.070068359375,260.6514008912022,256.16992839920704,260.05984323993033,144729900
2019-05-08,257.7115173339844,259.41447115468867,257.11995977153765,257.7115173339844,91568300
2019-05-09,256.9317626953125,257.5322646414615,253.92019920925287,255.65006823450122,103471100
2019-05-10,258.2223815917969,258.9752654873306,253.0238584758782,255.99956198160442,112429300
2019-05-13,251.73326110839844,254.0905200288982,250.8997137848511,253.131505698292,127290500
2019-05-14,254.00985717773438,255.5335687769172,252.62061163645527,252.74607864369779,77003200
2019-05-15,255.4977264404297,256.1340879226377,252.1814256097458,252.3875832066253,73956400
2019-05-16,257.8638916015625,259.2172774500788,256.12507840020066,256.1967699119321,76749600
2019-05-17,256.1968078613281,258.67058934984783,255.55147474922455,255.56941814436465,100353000
2019-05-20,254.50286865234375,256.304402241244,253.75892879914983,254.60144793136834,62877600
2019-05-21,256.7972717285156,257.17369999218766,255.93680956323482,256.1877708565927,46847100
2019-05-22,256.008544921875,256.9586146903073,255.53351003765886,255.8472185127596,49482500
2019-05-23,252.88052368164062,253.83953793393536,251.4733348614828,253.79473415351669,98733800
2019-05-24,253.45419311523438,254.726943518703,252.83574763539454,254.3146282969823,55268100
2019-05-28,251.09689331054688,254.68207123353233,251.0789772679172,253.73200127216015,70029400
2019-05-29,249.41184997558594,250.38880765637472,248.0136328037473,249.98549156030757,104972900
2019-05-30,250.09307861328125,250.9983449029981,248.9995981182362,250.16477014535002,62523800
2019-05-31,246.72299194335938,248.38114233820747,246.69610420085868,247.5565666663596,86862800
2019-06-03,246.0955810546875,247.87022661296436,244.76905538206495,246.75883021463042,96428000
2019-06-04,251.4375,251.57193870713078,247.93298515285497,248.3811324117829,77231900
2019-06-05,253.6155242919922,253.64241203714784,251.2493206600673,253.0508542909812,71169700
2019-06-06,255.26463317871094,255.93685397607697,253.26591418029244,253.91124723987323,69430400
2019-06-07,257.81915283203125,258.89471736243144,256.10722675339446,256.2775249265868,74272200
2019-06-10,259.002197265625,260.6603473979614,258.9125623539002,259.36070955978926,60799100
2019-06-11,258.9395446777344,261.1802815256773,258.294211371417,260.81279740028526,58641300
2019-06-12,258.4823303222656,259.26210199894365,257.9714359986725,258.706403900747,47096300
2019-06-13,259.54901123046875,259.90755099824395,258.6885759638449,259.3876847466163,48945200
2019-06-14,259.26214599609375,259.8626479708,258.5002902294228,259.26214599609375,52324700
2019-06-17,259.3606872558594,260.1225429109013,259.1903891440477,259.495125935518,39205700
2019-06-18,262.0764465332031,263.12512289413803,260.81266829422253,261.1712078946069,85434800
2019-06-19,262.66802978515625,263.19684018898215,261.24292499801845,262.21091089679237,78674400
2019-06-20,265.1777038574219,265.58104736339334,262.7308371362649,265.33905767145455,116570000
2019-06-21,264.79217529296875,266.1611589574299,264.57602721062443,264.90926466616133,83309500
2019-06-24,264.46795654296875,265.3145457048724,264.3148333255094,264.99933890935563,47582700
2019-06-25,261.87408447265625,264.5490271209979,261.76601042395885,264.52200860882357,82028700
2019-06-26,261.61285400390625,263.270053340462,261.50477996892147,262.76568952002185,51584900
2019-06-27,262.5406188964844,263.04498289515925,261.99123319591143,262.36949245202936,40355200
2019-06-28,263.8915100097656,264.3868585052382,262.9998717236081,263.51322339656014,59350900
2019-07-01,266.2872619628906,267.42209435949115,265.0893772140861,267.2059187927584,78705600
2019-07-02,266.9808349609375,267.0348719972859,265.40469060063094,266.24229214980755,61504500
2019-07-03,269.1153869628906,269.1334176326338,267.51222404503983,267.6563319741,40898900
2019-07-05,268.80908203125,268.971220578247,266.60249706914334,267.8904251985188,51677300
2019-07-08,267.33203125,268.6289747449363,266.7916335461484,267.5031576476492,45841800
2019-07-09,267.6653137207031,267.962517390623,266.12520336866174,266.1792403995563,41101300
2019-07-10,268.9441833496094,269.8898862091427,268.1966528857291,268.7280352609248,58448500
2019-07-11,269.57470703125,269.8178736807302,268.5749944309455,269.5837223653779,50826100
2019-07-12,270.7815856933594,270.8536533963706,269.75485455454003,270.0610735778993,40326000
2019-07-15,270.8716125488281,271.21386536805954,270.36724865283577,271.21386536805954,33900000
2019-07-16,269.9978942871094,270.98861859447334,269.69167540769917,270.78145840291825,36650100
2019-07-17,268.16064453125,270.1330784852856,268.16064453125,269.9709674033634,36036300
2019-07-18,269.142333984375,269.5206206333886,267.22396468495583,267.66527620399694,51392600
2019-07-19,267.6472473144531,270.2591373052025,267.47612092845327,270.2321187961376,58678600
2019-07-22,268.3047180175781,268.8451157071079,267.53016906834114,268.0435207619146,43638100
2019-07-23,270.2231750488281,270.2231750488281,268.59299376994335,269.42160741038407,44564500
2019-07-24,271.4930419921875,271.4930419921875,269.37650038995713,269.4665712532843,47213200
2019-07-25,270.1960754394531,271.09672902425126,269.394480555815,271.0426920080247,55394100
2019-07-26,272.0063781738281,272.2045230475153,270.7544565887672,270.88056127464273,45084100
2019-07-29,271.510986328125,272.0063622261813,270.96160090669963,271.8892728778087,38126500
2019-07-30,270.8446350097656,271.24994024875394,269.7368208460993,270.1151075682067,45849000
2019-07-31,267.8814697265625,271.2769523537297,265.8730292190799,271.0877952542594,104245200
2019-08-01,265.5487365722656,270.9796773444244,264.75615690970017,268.03454960744455,142646600
2019-08-02,263.5493469238281,264.90032781024166,262.00022107464287,264.65716114556676,116749700
2019-08-05,255.62362670898438,259.577483504722,253.73224779827058,259.4694094216719,178745400
2019-08-06,259.20819091796875,259.4243665522127,256.037898968751,257.5059692772363,120711700
2019-08-07,259.36126708984375,260.1268282910362,254.02039683355144,256.14592653629853,140572300
2019-08-08,264.44989013671875,264.44989013671875,260.2978904772064,260.8472759478428,87713900
2019-08-09,262.6486511230469,264.10770585001865,260.874362075684,263.51327105647977,93730000
2019-08-12,259.451416015625,262.6397115288918,258.5057127817333,261.153637859382,65527600
2019-08-13,263.48626708984375,264.92731871564195,258.8118715111946,259.1541243644712,94299800
2019-08-14,255.69554138183594,260.0547013343165,255.5694641754447,259.4512788383251,135622100
2019-08-15,256.3712158203125,257.26288218008017,254.33575599254536,256.5783761838515,99556600
2019-08-16,260.1539001464844,260.58619645356737,256.4251795832291,258.01935467292986,83018300
2019-08-19,263.2880859375,263.9635762174009,262.4865184312846,263.1620087111855,53571800
2019-08-20,261.27069091796875,263.3151654102482,261.1446136624657,262.78378289866305,51596400
2019-08-21,263.3962097167969,263.76545358018495,262.7387225606181,263.4232282308441,49524700
2019-08-22,263.3150329589844,264.72906549091715,261.54975986946556,264.09862455897024,51666400
2019-08-23,256.5512390136719,263.6754138307136,255.30833237879608,262.0182141461367,149161500
2019-08-26,259.3882751464844,259.3882751464844,257.2086810185283,258.73078802640924,72423800
2019-08-27,258.3705139160156,261.14454261165514,257.61396813150543,260.7752713086617,66668900
2019-08-28,260.18988037109375,260.35199145283605,256.91148746063425,257.71308250775724,59696700
2019-08-29,263.5133056640625,264.0357003174939,261.7390163836797,262.738756504129,57899400
2019-08-30,263.3962097167969,265.00836019790177,262.4685374201458,264.9903570171277,62901200
2019-09-03,261.85595703125,262.6125025782997,260.531995452473,261.7028613474329,69101400
2019-09-04,264.8282165527344,264.8462197315112,263.2700757868123,264.01763373547163,46887300
2019-09-05,268.23272705078125,269.1423687179154,264.79222286459446,267.30505471636684,83258100
2019-09-06,268.4397277832031,269.07921147005476,267.872339244233,268.54782927638576,49584300
2019-09-09,268.57501220703125,269.51167250198444,267.63832442630144,269.4216290978449,51260300
2019-09-10,268.5118713378906,268.5749236886284,266.5664561971447,267.81835045130987,57947100
2019-09-11,270.4212951660156,270.5023507072399,268.16966073499134,268.8181325505572,68821100
2019-09-12,271.35791015625,272.4116593959006,270.56533065094027,271.32187631898194,72908700
2019-09-13,271.1778869628906,272.15060859386426,270.8086155553707,271.79934036996366,62104800
2019-09-16,270.3402099609375,271.2228604559255,269.7007535487089,270.0519941888065,58191200
2019-09-17,271.024658203125,271.11470156281626,269.9708815342597,270.14200789489394,41475500
2019-09-18,271.186767578125,271.2948415977052,268.61088433982394,270.6373546642417,73375800
2019-09-19,271.1688537597656,272.56488374290353,270.83561622721925,271.5741589935935,76560500
2019-09-20,269.88763427734375,272.0501507115491,269.100451345295,271.7696332635808,89565000
2019-09-23,269.82427978515625,270.5390897940951,268.97375334735597,269.22709988546444,43476800
2019-09-24,267.70697021484375,271.2990782896173,266.74787081467014,270.91001539595555,94869400
2019-09-25,269.2904052734375,269.73375474914366,266.31356316285877,267.78841257718466,71854000
2019-09-26,268.72943115234375,269.507556991821,267.3269822031937,269.2994676970623,56179700
2019-09-27,267.2817687988281,269.5890586383506,265.7345462186397,269.4804578779437,84746600
2019-09-30,268.5212707519531,269.2270235947452,267.752202002102,267.7974315946719,51662400
2019-10-01,265.3273010253906,270.05042502403563,265.11015478586074,269.3989586927503,88242400
2019-10-02,260.6404113769531,263.7620270421523,259.35559247468234,263.7529700767548,122539500
2019-10-03,262.7758483886719,262.8029916787892,257.7088892026817,260.4142716976358,85278800
2019-10-04,266.3316345214844,266.5849809832063,263.3728792008926,263.42719336876263,65091200
2019-10-07,265.1825256347656,267.1550385419711,264.90203587328466,265.53541588400043,59610500
2019-10-08,261.065673828125,264.06965938553134,261.02947357933596,263.3367631205743,95708100
2019-10-09,263.54486083984375,264.47681708385716,262.45004489012706,263.0743680413565,62359400
2019-10-10,265.3273010253906,266.2049705604182,263.30052915592313,263.4633888355705,55296300
2019-10-11,268.0780029296875,270.3038352478275,267.9513434643262,268.06894596333944,98720400
2019-10-14,267.7794189453125,268.4308854111592,267.4355855865738,267.7613050131464,40394800
2019-10-15,270.4305725097656,271.1725259577309,268.7023759914254,268.82000612496955,46754500
2019-10-16,269.99615478515625,270.68382140216397,269.561862279844,269.9690115035742,48928200
2019-10-17,270.7923889160156,271.66100152133464,270.10472231326054,271.1543085338405,45736600
2019-10-18,269.60711669921875,270.9009925949094,268.7565903144165,270.2585831298609,64304000
2019-10-21,271.434814453125,271.633874396673,270.48477194824056,270.91909208308124,39048600
2019-10-22,270.5481872558594,272.258269740881,270.4577004188405,271.968722907503,48594700
2019-10-23,271.3352966308594,271.38958319579564,270.0866504119283,270.29476731931624,34352200
2019-10-24,271.7786560058594,272.4120361034301,270.95527292409713,272.2672627207654,35453100
2019-10-25,272.89154052734375,273.4344337189904,271.15428783661343,271.2085743945086,45205400
2019-10-28,274.4297790527344,274.9274427834081,274.0769163320841,274.104059618288,42147000
2019-10-29,274.3483581542969,275.2712851407752,274.0316680631073,274.15835514466437,44284900
2019-10-30,275.1898498535156,275.56079889886877,273.24447973715274,274.5474127172058,49643900
2019-10-31,274.4569396972656,275.180806729654,273.00926085789666,275.180806729654,69053800
2019-11-01,276.99945068359375,277.04468028616344,275.7326904592425,275.8955777764334,71141500
2019-11-04,278.1123352050781,278.68237174713806,277.74135860448837,278.5466553353853,60606900
2019-11-05,277.80474853515625,278.61004540055967,277.51520173325594,278.31144163213037,42933200
2019-11-06,277.8680114746094,278.13944426471744,276.92699844774336,277.80466795268586,46487100
2019-11-07,278.8452453613281,280.17532148829997,278.37475257286513,279.19813566220006,54272300
2019-11-08,279.53289794921875,279.5871845138949,277.80470200649904,278.50139799497526,49032100
2019-11-11,278.99908447265625,279.171001145757,278.0218710031677,278.1576150386581,35797300
2019-11-12,279.5871887207031,280.482944664036,278.81809222595433,279.3609854935828,46484600
2019-11-13,279.67767333984375,280.07579322546786,278.3747405528372,278.6009437781828,53917700
2019-11-14,280.0848388671875,280.16629633222396,278.7638196858961,279.39719979877964,51219900
2019-11-15,282.111572265625,282.15680185760044,280.727209876316,281.4148487828875,62023600
2019-11-18,282.31982421875,282.55508450306206,281.4240679249608,281.87647455620134,49228000
2019-11-19,282.2383117675781,282.92597848194833,281.59590227071726,282.91692151590615,67804700
2019-11-20,281.188720703125,282.16593418758833,279.6414982342091,281.6501841603827,79406200
2019-11-21,280.736328125,281.4059085420427,279.94011585540426,281.29733539676613,54664700
2019-11-22,281.3606262207031,281.6139727413129,280.3562971037963,281.4782563218255,44850200
2019-11-25,283.54119873046875,283.54119873046875,282.28352322604525,282.28352322604525,48647200
2019-11-26,284.1836242675781,284.3645978931575,283.2607250475997,283.57741508601435,37569000
2019-11-27,285.45037841796875,285.45037841796875,284.4460217587132,284.66316801468287,44444600
2019-11-29,284.39178466796875,285.13373798853377,284.1655814077503,284.88942079536815,36592700
2019-12-02,281.9759521484375,284.7084776187902,281.55068891044095,284.64513407824325,75767800
2019-12-03,280.0848388671875,280.16629633222396,277.89520698160726,279.27051273112295,73941700
2019-12-04,281.81304931640625,282.4102292100744,280.78157685476225,281.1254102128774,49080000
2019-12-05,282.31982421875,282.52794120969605,281.0168909117606,282.5098548850218,40709000
2019-12-06,284.8984069824219,285.2965268305146,284.2107404061352,284.2197973703587,48927000
2019-12-09,284.0027160644531,285.1789619492192,283.9303155595032,284.5094091482941,34838500
2019-12-10,283.6860656738281,284.60896514579474,283.03459910164406,283.94846921875524,52649800
2019-12-11,284.4913635253906,284.7447101035528,283.6046366954701,284.13847314185796,53429100
2019-12-12,286.943359375,287.7214853233215,284.26512054939514,284.50035315953534,96389600
2019-12-13,287.1151428222656,288.33664536315575,285.938869866609,286.7079661044058,81503900
2019-12-16,289.0877685546875,289.6758915127746,287.0519391986686,288.83442200600217,82749700
2019-12-17,289.151123046875,289.7663893151713,289.0696931830743,289.4678131479023,61097700
2019-12-18,289.1691589355469,289.766338778638,289.11487236914763,289.54013554774133,48133000
2019-12-19,290.3544616699219,290.4268621669237,289.1058154172824,289.3591619313905,85310500
2019-12-20,291.62750244140625,292.75497802122635,290.4090951458185,291.3819840339873,147142100
2019-12-23,292.072998046875,292.4639738562155,291.92751286814024,292.40942038274756,52990000
2019-12-24,292.08209228515625,292.3457581508804,291.78202044007725,292.30030617360654,20270000
2019-12-26,293.6368713378906,293.64597283116717,292.45484264705334,292.4639163918748,30911200
2019-12-27,293.564208984375,294.4189171726763,293.0368494259481,294.3643636924412,42528800
2019-12-30,291.9455871582031,293.78231262470644,291.4636798102341,293.6459289881965,49729100
2019-12-31,292.65496826171875,292.90048668881275,291.10013846680937,291.4456623653372,57077300
2020-01-02,295.3916931152344,295.40989609895155,293.2640251541362,294.18238788142736,59151200
2020-01-03,293.15496826171875,294.2733697615571,291.96383805995566,292.0183915235131,77709700
2020-01-06,294.2734069824219,294.3552371881082,291.29100260562666,291.4092110411044,55653900
2020-01-07,293.44598388671875,294.182483506946,293.0004268675797,293.70964975181556,40496400
2020-01-08,295.0099182128906,296.2192238536559,293.39143377910256,293.63692440584015,68296000
2020-01-09,297.01025390625,297.08301036305517,295.98278400442655,296.56472466503584,48473300
2020-01-10,296.15557861328125,297.7467863630279,295.69187408088,297.59222743504785,53029300
2020-01-13,298.1923828125,298.20145656045855,296.3465826887822,296.7739367937053,47086800
2020-01-14,297.73760986328125,298.80142999540743,297.1829460670198,297.75578509898844,62832800
2020-01-15,298.41058349609375,299.1652584571871,297.56497682019716,297.64680703898097,72056600
2020-01-16,300.8927917480469,300.8927917480469,299.5561763932098,299.78349174098173,54050300
2020-01-17,301.8293151855469,302.03842753631125,300.82912215432333,301.6019998488349,95846000
2020-01-21,301.2384033203125,302.03855809115475,300.8019754441921,300.87470417405683,77742400
2020-01-22,301.2746887207031,302.7386140999866,301.1201298116937,302.093018484724,48914900
2020-01-23,301.62017822265625,302.02935693237424,299.51978670947346,300.62908667410085,51963000
2020-01-24,298.9377746582031,302.35660542010186,297.6557131224911,302.27477524741147,87578400
2020-01-27,294.14605712890625,295.6190561282533,293.3822808977061,293.71870316935264,84062500
2020-01-28,297.228515625,298.10139892647504,294.23703741404154,295.5645514816852,63834000
2020-01-29,296.9829406738281,298.8105648851513,296.78290206488504,298.58324954537295,53888900
2020-01-30,297.9468078613281,298.155948000126,294.1824796021824,294.92805295887075,75491800
2020-01-31,292.5367736816406,297.4831594979668,291.62751199111693,297.3285728012533,113845600
2020-02-03,294.70977783203125,296.56467871474905,293.8914481847437,294.00965659739313,69083000
2020-02-04,299.2015075683594,300.06531686350615,297.9831008115139,298.3013478017496,62573200
2020-02-05,302.65673828125,302.8658783940737,300.6654813306938,302.12027738152585,65951100
2020-02-06,303.67510986328125,303.8660469735678,302.6021604019457,303.6114549103678,50359700
2020-02-07,302.0566101074219,303.6841678293923,301.5110477864947,302.6203476646141,64139400
2020-02-10,304.3116149902344,304.3752699512729,301.13830141378867,301.1746796413046,42070000
2020-02-11,304.8390197753906,306.4393011485693,304.31163256555146,305.6573495767884,54864500
2020-02-12,306.80303955078125,307.0121519449544,305.9028517615865,306.2665508261337,43992700
2020-02-13,306.47564697265625,307.43946184215287,305.1117548650529,305.3845221871912,54501900
2020-02-14,306.9667053222656,307.084913763709,305.69374469991504,306.88487511244955,64582200
2020-02-18,306.1756286621094,307.030336674616,304.7935334511837,305.9755900262363,57226200
2020-02-19,307.6394958496094,308.31234039976835,306.8575443722306,307.13941318370024,48814700
2020-02-20,306.37567138671875,307.91232553087383,303.4023685434506,307.0939679878166,74163400
2020-02-21,303.2205505371094,305.33911773127744,302.40219294643487,305.02997213526146,113788200
2020-02-24,293.1640930175781,303.29325128301434,292.0911434027477,293.81876238067053,161088400
2020-02-25,284.28057861328125,295.15533747281677,283.40769541596455,294.5461478579809,218913200
2020-02-26,283.2349548339844,289.2451599784566,282.5075567395727,285.671768973568,194773800
2020-02-27,270.514404296875,283.28951758192875,270.514404296875,277.7430167478903,284353500
2020-02-28,269.3777160644531,270.8598161725754,259.6304354668265,262.50370401875745,384975800
2020-03-02,281.0436096191406,281.1072645783154,267.7411105744401,271.1508409072188,238703600
2020-03-03,272.9967041015625,285.36266787315276,270.56899107802036,281.41647571156864,300139100
2020-03-04,284.4715576171875,284.68979925998445,275.8062960824147,278.343143597917,176613400
2020-03-05,275.01531982421875,280.4799921925823,272.787645034416,277.3066773489475,186366800
2020-03-06,270.468994140625,271.6692263180458,263.8950494044823,266.5500781925707,228667200
2020-03-09,249.34683227539062,258.4030705400549,248.63760929831085,250.31972115208356,309417300
2020-03-10,262.24920654296875,262.3401104916032,248.6830131414344,258.8121992811534,276444100
2020-03-11,249.46499633789062,256.3572147243874,246.30078376592888,255.22973923308714,255316300
2020-03-12,225.59689331054688,242.46369855452352,225.20590361283493,232.77096668988705,392220700
2020-03-13,244.88226318359375,246.84627094713665,225.96962512099236,239.21755522094293,329566100
2020-03-16,218.08636474609375,233.58926139863348,215.82229873657448,219.29567026756763,297240000
2020-03-17,229.86131286621094,232.92553359423098,215.55863317608555,222.8054346579501,262070500
2020-03-18,218.2227325439453,225.83324590166254,207.3297850292438,214.81300234794617,327597100
2020-03-19,218.68646240234375,224.93309788570622,211.14869122239375,217.54079799071988,289322000
2020-03-20,209.26235961914062,223.5942684841913,208.98797436710205,221.81992633759734,347158800
2020-03-23,203.91188049316406,210.0671893215918,199.6223661157914,208.70443213492814,326025200
2020-03-24,222.38699340820312,223.25588242208778,213.8354145287145,214.40246718551117,235494500
2020-03-25,225.7161407470703,234.45980644396235,219.27730546743715,223.96009476171582,299430300
2020-03-26,238.8956756591797,240.35902646613818,227.78317753221316,228.21304450745478,257632800
2020-03-27,231.7799835205078,238.53893683565772,229.6123667847552,231.64279788754072,224341200
2020-03-30,239.30718994140625,240.02058310167942,231.88057706481337,233.86527485232315,171369500
2020-03-31,235.74026489257812,240.8437663965274,234.34091545507368,238.31031171628476,194881100
2020-04-01,225.13079833984375,235.6579474427776,223.07292993104878,226.8045329870279,189554600
2020-04-02,230.32577514648438,231.1031837108158,223.70400702849605,224.25277750810542,177660400
2020-04-03,226.9966278076172,231.688572678805,224.28024014069945,229.34716379458789,135561200
2020-04-06,242.24310302734375,244.20037788059636,226.9783046122972,235.82256381439876,188061200
2020-04-07,242.49009704589844,251.54471340957025,242.27059999105026,250.79472792333289,201427200
2020-04-08,250.6300048828125,252.43178358501083,242.59974853595696,245.07832816097692,153774500
2020-04-09,254.4440155029297,257.1878401363403,251.94712503834012,253.8769349662577,189999200
2020-04-13,252.1209259033203,253.8129568310891,248.23384065027605,253.47455622786137,114839100
2020-04-14,259.55670166015625,260.5719034927361,251.9837459245979,256.9866545266391,134143400
2020-04-15,254.0415802001953,259.6938521248178,251.9379646127904,253.86780241088192,121775000
2020-04-16,255.26712036132812,256.11769917577556,252.2123327276994,255.3128396006162,131798300
2020-04-17,262.1632385253906,262.7668552155527,258.28528180287844,261.01082356638705,146684800
2020-04-20,257.54449462890625,262.3004679707895,257.3249976139845,258.477384853948,100109300
2020-04-21,249.7246856689453,254.2977276747629,248.79176723631318,253.09959290216938,126385700
2020-04-22,255.26712036132812,257.0048701286276,253.2641264359367,254.58116430226596,92951600
2020-04-23,255.24887084960938,259.69388168018037,254.94706239318492,256.53847189577414,104709700
2020-04-24,258.806640625,259.47431454865233,254.71834153135325,256.7579275278854,85063200
2020-04-27,262.53826904296875,263.6540921481232,260.31577784625483,260.77308193998005,77896600
2020-04-28,261.3309631347656,266.51677504774557,261.029126853578,266.16921952958876,105270000
2020-04-29,268.1722106933594,269.69961837336587,265.61131939279846,266.6356759130228,118745600
2020-04-30,265.67535400390625,268.272837492966,263.9467314074969,266.8003040317704,122901700
2020-05-01,258.64208984375,265.84005272314266,257.48051943539275,260.9468927193291,125180000
2020-05-04,259.35540771484375,259.657216085898,255.2945457981982,256.7670513399849,80873200
2020-05-05,261.7517395019531,264.5504385375619,259.4835009746892,262.1633243825663,79569900
2020-05-06,259.9774169921875,263.82791023422936,259.5475499619621,263.44379036734006,73632600
2020-05-07,263.11444091796875,265.0351234329796,262.6114176478668,263.1784701811811,75250400
2020-05-08,267.468017578125,267.9344766802259,265.1083128503956,266.2332909565574,76452400
2020-05-11,267.52288818359375,268.89480043068914,265.12661925786074,265.5473311983813,79514200
2020-05-12,262.19073486328125,269.11429745742555,262.0535213092714,268.70274053027424,95870800
2020-05-13,257.5536193847656,262.6662747752704,255.13904085778958,261.63276326538846,144721100
2020-05-14,260.6358337402344,260.7638643417035,249.67882023613382,255.12990382142075,121977900
2020-05-15,261.83404541015625,261.87976465743145,257.3158784788834,258.25792384810507,111146300
2020-05-18,269.8094177246094,271.40998206704353,267.70583003920393,268.0259205783891,119703800
2020-05-19,267.0381164550781,270.9160456986361,267.01983434205823,269.2148881042302,95189300
2020-05-20,271.5745544433594,272.43428822067204,270.3307009256605,270.5593529321453,85861700
2020-05-21,269.69970703125,272.25147207031785,268.611320892823,271.4466122793838,78293900
2020-05-22,270.2118835449219,270.38566135817075,268.18145196368334,269.4161787745879,63958200
2020-05-26,273.541015625,276.385461718517,270.2301383166859,276.1476546483194,88951400
2020-05-27,277.6110534667969,277.6476456136954,271.5197588989895,276.32145242701677,104817400
2020-05-28,277.098876953125,280.6384065978622,276.4312028479003,278.6354121938182,90405200
2020-05-29,278.3335266113281,278.9188612453655,273.8976720162019,276.6323411356739,119090800
2020-06-01,279.45849609375,280.06214079412035,277.18113083769884,277.6933091449905,55758300
2020-06-02,281.7724609375,281.8182080910608,279.04694656843077,280.37311161244173,74267200
2020-06-03,285.52239990234375,286.473600307981,283.47368633170566,283.7480576450486,92567600
2020-06-04,284.77239990234375,286.27237076977303,282.6870942924348,284.54374784901324,75794400
2020-06-05,292.0709533691406,293.83614034000306,290.07711436853054,290.1411436356498,150524700
2020-06-08,295.60137939453125,295.7934392999696,292.3362214439441,292.87583692887944,73641200
2020-06-09,293.39715576171875,295.6745211196793,292.08924489657664,292.9489787890649,77479200
2020-06-10,291.7599792480469,294.86051405519015,291.0465860578865,293.97334309587063,95000800
2020-06-11,274.9403076171875,285.4948921415013,274.3915651262568,284.86381036530884,209243600
2020-06-12,278.2329406738281,282.68707794933687,273.1020022913101,281.9188104439579,194678900
2020-06-15,280.8304138183594,281.9553918611026,271.4008062757648,272.57150356014085,135782700
2020-06-16,286.2357177734375,288.68688847686843,281.3974614499298,288.54054784445304,137627500
2020-06-17,285.046875,287.5437661352904,284.3151714875679,287.2510847303176,83398900
2020-06-18,285.15655517578125,285.63214141110257,283.0804045248097,283.53770864356693,80828700
2020-06-19,283.5269470214844,288.79989229703216,281.5886165097205,288.6069871864401,135549600
2020-06-22,285.3458251953125,285.74083072241143,281.7907193825039,282.9298155199833,74649400
2020-06-23,286.6593933105469,288.910055192761,286.2551925803986,287.98222696658627,68471200
2020-06-24,279.3470764160156,285.24471199491313,277.5190059080618,284.62921561406836,132813500
2020-06-25,282.341796875,282.60820823682303,276.76568904701736,278.77749712311356,89468000
2020-06-26,275.6358642578125,281.4600230740783,275.0571489247479,281.2487273580822,127961000
2020-06-29,279.6869812011719,279.82477053732015,274.6069420891826,276.88516190649545,79773300
2020-06-30,283.26959228515625,284.9599012808196,279.09901962371634,279.2551714979633,113394800
2020-07-01,285.25384521484375,286.5123956920647,283.92184448367857,284.3811608808627,72396500
2020-07-02,286.8247985839844,290.012456292064,286.1633816866912,288.6712318949843,69344200
2020-07-06,291.25262451171875,291.83136787282604,289.8838701103089,290.62796070760163,61713800
2020-07-07,288.2486267089844,291.68430474186584,287.87198386046487,289.71844493786637,82910000
2020-07-08,290.4533386230469,290.5635700836482,287.2565141278047,289.01107826646074,54638600
2020-07-09,288.79986572265625,291.29854876580123,285.40091218882344,291.0596951993123,83354200
2020-07-10,291.74859619140625,292.0150075609081,287.3116119717187,288.7354816399287,57550400
2020-07-13,289.2224426269531,296.45208065811465,288.5702209738263,294.08201958882603,102997500
2020-07-14,292.97039794921875,293.7420461714256,286.6134463551581,287.8076578345248,93657000
2020-07-15,295.6620178222656,296.7551932653832,293.2919291339535,296.1764500267383,87196500
2020-07-16,294.6882629394531,295.13838410027176,293.1265757580528,293.769630017324,54622500
2020-07-17,295.5426330566406,296.3234767747621,293.723729481606,295.6896177123011,62774900
2020-07-20,297.9310302734375,298.6751206832208,294.5320773134892,295.27616772327247,56308800
2020-07-21,298.56494140625,300.3287011916338,297.5819972984977,299.887775262516,57292200
2020-07-22,300.2643737792969,300.57673367466816,298.096413320775,298.20664479704493,57792900
2020-07-23,296.6817321777344,300.6043133781374,295.32217315904694,299.9061432651097,75738000
2020-07-24,294.7709045410156,295.79057351735725,293.27352855497253,294.8352155668522,73766600
2020-07-27,296.9205322265625,297.0950747233561,294.6698703686147,295.45990925427805,48293000
2020-07-28,295.037353515625,297.3063779975777,294.74338424671515,296.1948119559722,57495000
2020-07-29,298.6658935546875,299.22627414454865,295.8732419733669,295.9099951352713,48454200
2020-07-30,297.600341796875,298.0137378647775,293.631868503502,295.70796004076783,61861700
2020-07-31,299.95196533203125,300.0530295157773,295.1842589595045,299.3824174937552,84986800
2020-08-03,302.03741455078125,302.7998677637253,301.0636656116189,301.60565582987266,53077900
2020-08-04,303.2039489746094,303.2039489746094,301.18294553917855,301.18294553917855,41917900
2020-08-05,305.08721923828125,305.344463414178,304.2328972007619,304.49930864404297,42697700
2020-08-06,307.1266174316406,307.2460442300477,304.1870080887841,304.5085353073124,43679400
2020-08-07,307.3470764160156,307.631850428163,305.2617613816024,306.16203189273534,57308300
2020-08-10,308.2657165527344,308.4494263523326,305.8680695802584,307.79720470001274,44282100
2020-08-11,305.7210998535156,310.07544003010565,304.99539985279966,309.44158091644624,69601100
2020-08-12,309.9834899902344,310.75513826700785,308.1186663127522,308.14622417854946,53774400
2020-08-13,309.4231262207031,310.72759735332505,308.50449326474353,309.22102584901387,41816100
2020-08-14,309.432373046875,309.96519594934904,308.3116395326056,309.03736753830617,47260400
2020-08-17,310.415283203125,310.8102886684304,309.4415344570698,310.4428410719962,35481000
2020-08-18,311.0858154296875,311.5083786552479,309.2209639890799,310.8102087773632,38733900
2020-08-19,309.7905578613281,311.97688043726134,309.2301772598134,311.46244829769483,68054200
2020-08-20,310.7552185058594,311.23289764783453,307.9442033309167,308.0727973930236,42207800
2020-08-21,311.8575744628906,312.0780374355691,310.0845912760767,310.4245090715658,55106600
2020-08-24,315.0176696777344,315.0911479893347,311.8300117530821,314.28274638944663,48588700
2020-08-25,316.1199645996094,316.2026382005386,314.4204880441908,315.57797452610504,38463400
2020-08-26,319.28924560546875,319.55562896318577,316.16589933451434,316.70788938447674,50790200
2020-08-27,319.9874572753906,321.42971797916806,318.33392889941973,320.1528325405538,58034100
2020-08-28,322.05438232421875,322.1830044157413,319.8221106024278,321.0071551601329,48588900
2020-08-31,320.8876953125,322.7157660361152,320.6580370594044,321.8430814950249,66099200
2020-09-01,323.9100036621094,324.0110398362748,320.8233821827026,321.71445732028485,54908700
2020-09-02,328.5950012207031,329.55955455684506,324.67242077563617,325.8115446408763,69540000
2020-09-03,317.28668212890625,327.38245036251664,314.7144927720197,326.9139385366805,148011100
2020-09-04,314.69610595703125,319.52809635719643,307.62262081365446,317.96643711549046,139156300
2020-09-08,306.09771728515625,314.76044843805005,305.79458070733585,309.3129330288969,114465300
2020-09-09,312.1422424316406,314.59497627275397,309.2209688638553,310.08448592607925,91462300
2020-09-10,306.722412109375,314.6593873315728,305.76702585786137,314.0071656953316,90569500
2020-09-11,306.8785095214844,309.5517346698308,304.0674950426978,308.4953124238538,84680200
2020-09-14,310.9204406738281,312.68422793413146,307.0254466851529,310.0293657621418,65605700
2020-09-15,312.49139404296875,314.1908426333069,310.92970675868344,313.3640785558133,52920900
2020-09-16,311.251220703125,315.1462154132683,310.97561399935194,313.7223455643582,82096000
2020-09-17,308.5137634277344,310.2224357183526,305.89565326106145,306.419280901288,91523300
2020-09-18,304.9618225097656,309.425799922104,302.4900382490499,309.31512721590326,105877900
2020-09-21,301.5678405761719,301.7154136216698,296.73494295950627,300.3965164700501,99450800
2020-09-22,304.6390686035156,305.19246039063853,300.54400878415186,303.04348986243315,63612100
2020-09-23,297.5741271972656,305.46909895110974,297.07607189061287,305.1923890488942,93112200
2020-09-24,298.3674011230469,301.4110140489383,294.95484153622937,296.2645346304888,76681300
2020-09-25,303.1910705566406,303.97501178267646,296.6518940041928,297.5188397783968,71069400
2020-09-28,308.2268981933594,308.9370670302283,306.34537719783094,307.33225602777424,64584600
2020-09-29,306.5482482910156,308.7617872255907,305.85651561479375,308.02395029629054,51304000
2020-09-30,308.8725280761719,312.00837765160077,307.01867525700635,307.2123525503483,104081100
2020-10-01,310.85546875,312.4233793586627,308.9831799827863,311.4549648105674,88698700
2020-10-02,307.9040832519531,310.827819440157,305.4599664586662,305.9303537431645,89431100
2020-10-05,313.3640441894531,313.5484892953209,309.9053818044329,309.95148604423326,45713100
2020-10-06,308.9093017578125,315.58684573448136,308.40204248328774,313.5024159911563,90128900
2020-10-07,314.2864990234375,315.08890456314975,311.8239178856879,311.8515860716545,56999600
2020-10-08,317.07183837890625,317.13640685603946,315.30099019284074,316.2140965427438,45242500
2020-10-09,319.9033508300781,320.36450600551524,318.09563042343444,318.7135625963804,59528600
2020-10-12,325.04986572265625,326.51633596319084,321.9416840040375,322.43050741754905,80388500
2020-10-13,322.92840576171875,325.08660779052286,321.9691954778055,324.91136663826944,73255500
2020-10-14,320.8994445800781,324.5886861095269,320.170839643621,323.50036661354255,57727900
2020-10-15,320.5027770996094,320.9823682447695,316.4722862478962,317.00721375031816,60357700
2020-10-16,320.30908203125,323.50026709141184,320.1338408607783,321.84932413381205,89501900
2020-10-19,315.4393615722656,322.19065172366453,314.54471943593575,321.5634874612231,68425600
2020-10-20,316.70294189453125,319.93102821542567,316.0204412221937,316.77671434018436,60051900
2020-10-21,316.10345458984375,318.8150494267142,315.79907639467757,316.65681831436444,63575000
2020-10-22,317.8373718261719,318.418431878702,314.18503054171345,316.31556530320415,55399300
2020-10-23,318.9163818359375,319.1100590737951,316.4722657264527,319.0547227201215,49143900
2020-10-26,313.02288818359375,316.3339785921289,309.54576053915537,315.5500092529845,91473000
2020-10-27,311.9437255859375,313.69610916029956,311.73158412847806,313.36409103210644,65994100
2020-10-28,301.28192138671875,311.97149564251475,300.793097996132,306.29929226016867,127094300
2020-10-29,304.3439025878906,307.49818742638644,299.8337926046557,301.51240377305834,90597700
2020-10-30,301.1711120605469,304.07638290014637,297.53720844767196,302.7759224364525,120287300
2020-11-02,304.5468444824219,306.5390097792582,301.81678597834804,304.5468444824219,86068300
2020-11-03,309.9238586425781,311.9713881697363,304.62980772905644,307.7656564080065,93294200
2020-11-04,316.8504943847656,320.90865415281115,313.2073573716277,314.3786813421589,126959700
2020-11-05,323.0299072265625,324.8284233294965,321.75711467946127,322.10759705001647,82039700
2020-11-06,322.9562072753906,324.2013319224955,320.64119920578634,322.7440657543736,74973000
2020-11-09,327.0143737792969,336.07146867931255,326.55321857844086,335.693318037009,172304200
2020-11-10,326.5346984863281,327.5861174374779,323.2789447318522,326.02741100790297,85552000
2020-11-11,328.96044921875,329.78129080470626,327.47551489956834,328.7114074071208,58649000
2020-11-12,325.76910400390625,329.00642107889064,323.9706164096561,327.954974178867,67546200
2020-11-13,330.2792663574219,331.01710320984637,327.1526214762621,327.6691129022936,62892200
2020-11-16,334.4020080566406,334.5956853129893,331.6535135928725,332.9355382509408,74541100
2020-11-17,332.603515625,333.8025358299785,330.5006493949441,332.0040195958482,66111000
2020-11-18,328.6006774902344,333.4151378683076,328.5637772011029,332.8709782269809,70591300
2020-11-19,329.98419189453125,330.35311040072077,326.6362008611728,327.9735621111223,59940900
2020-11-20,327.7244567871094,329.9287915800389,327.650684358841,329.7258822189603,70417300
2020-11-23,329.6889953613281,330.94335186636596,327.3002153270848,329.5229862809576,63230600
2020-11-24,335.00152587890625,335.5456855418986,331.37685339761396,332.2253630547063,62415900
2020-11-25,334.4849853515625,334.94614040309006,333.39666618515844,334.91847222586523,45330900
2020-11-27,335.4165954589844,335.88695456701845,334.41125247407854,335.57337244610363,28514100
2020-11-30,333.931640625,334.90928722000234,331.2661786885653,334.6418093714301,83872700
2020-12-01,337.5839538574219,339.1149920971169,336.57863916292445,337.1689311743756,74231400
2020-12-02,338.294189453125,338.45096643579234,335.90540924809943,336.4772371080401,45927000
2020-12-03,338.20196533203125,339.5854307786495,337.10441382598,338.1927332221173,62882000
2020-12-04,341.116455078125,341.116455078125,338.690774592366,338.7830112476437,50749900
2020-12-07,340.41546630859375,340.90428958580924,339.1519058456032,340.3508978397775,48944300
2020-12-08,341.4115905761719,341.9741863066491,339.105814998791,339.1519192516688,42458900
2020-12-09,338.3495178222656,342.2232039496902,337.5194442340086,342.0664269707274,74098300
2020-12-10,338.2388610839844,339.2810480632366,336.1175305396437,336.9845044596191,57735400
2020-12-11,337.84222412109375,338.2480428717824,335.03842130301246,336.5509954355729,57698600
2020-12-14,336.32965087890625,341.0703108111561,336.1544096839779,340.0004557165168,69216200
2020-12-15,340.87664794921875,340.87664794921875,337.49178503398645,338.8567862142581,63865300
2020-12-16,341.4115905761719,342.32466869787885,340.2125703879291,341.08877636600363,58420500
2020-12-17,343.3207092285156,343.52361858028996,342.22315793664603,343.0440274518557,64119500
2020-12-18,341.9499206542969,343.77461802271546,339.949235092986,343.6079012926033,136542300
2020-12-21,340.7272644042969,350.5454322565791,335.3272876322013,338.05044054116735,96386700
2020-12-22,340.1529235839844,341.16252343936156,339.0321792699085,341.05137898066283,47949000
2020-12-23,340.4587097167969,342.35749412526934,340.13451942917413,341.11633348883834,46201400
2020-12-24,341.7831726074219,341.8109587265613,340.34750934079955,340.9310178427268,26457900
2020-12-28,344.71942138671875,345.10842711140884,343.7005497585794,344.3211159320895,39000400
2020-12-29,344.0617370605469,346.4143989143609,343.4782002616362,346.23841072844647,53680500
2020-12-30,344.5526428222656,345.580785813549,344.1636371354638,344.8768330723695,49455300
2020-12-31,346.3032531738281,347.0257205730323,343.8487183090097,344.35813994007736,78520700
2021-01-04,341.5887756347656,347.7575503953375,337.9115939735837,347.62786295472756,110210800
2021-01-05,343.94140625,345.0251217543174,340.90333382535323,340.94966288222946,66426200
2021-01-06,345.9975280761719,349.1745581522752,341.89428469428384,342.44076383002215,107997700
2021-01-07,351.1382141113281,351.87919612243684,348.1835009953903,348.3594891696927,68766800
2021-01-08,353.1389465332031,353.351964049799,349.28577737519294,352.51835210952186,71677200
2021-01-11,350.7585144042969,352.5090967320955,349.86005871507695,349.9804746734245,51034700
2021-01-12,350.83258056640625,351.8421806908139,348.60033453721564,350.94375332137713,52547700
2021-01-13,351.7774353027344,352.7684926986767,349.9805236727166,350.758563512519,45303600
2021-01-14,350.54547119140625,353.0185492874925,350.2120377042884,352.51837079015854,49989100
2021-01-15,347.98907470703125,349.7303856428167,346.13659100513945,348.93383121899916,107160000
2021-01-19,350.72137451171875,351.25861046647725,348.9615211334534,350.43424187842203,51233300
2021-01-20,355.574951171875,356.40856307524916,352.61096633026204,352.999972027398,61836100
2021-01-21,355.8990783691406,356.5567302849031,354.9821081917429,356.13063877891994,47840100
2021-01-22,354.6394348144531,355.79723696621016,353.67613550952814,354.0558980073029,52860500
2021-01-25,356.0381164550781,356.39006461227206,350.5454808302178,355.37122119584785,70402000
2021-01-26,355.4823303222656,357.3903860722406,355.25076988400014,356.98283743956097,42665300
2021-01-27,346.794189453125,352.2682817840443,344.57121482669146,352.17565195238956,123351100
2021-01-28,349.77667236328125,353.7595005336595,348.1650207830178,348.6003272642872,94198100
2021-01-29,342.77435302734375,348.8875553332174,341.1071006166545,347.9242558248188,126765100
2021-02-01,348.4799499511719,349.5080647438886,343.0614299643618,346.1550740721614,75817600
2021-02-02,353.40753173828125,354.95436791269526,348.563305430762,351.64767805001776,64450700
2021-02-03,353.6853942871094,355.3989470635839,352.4164476969592,354.2318734911407,52427100
2021-02-04,357.705322265625,357.7516230488669,353.79658074701985,354.7135510817987,47142600
2021-02-05,359.11322021484375,359.8171730670878,357.6590419911168,359.5670979432602,48669800
2021-02-08,361.7066345214844,361.7529352971616,359.7059491724851,360.55807565817906,38365200
2021-02-09,361.4657897949219,362.0585979957618,360.465461289318,360.8729815940819,35551100
2021-02-10,361.308349609375,363.34609265440474,358.9186584626159,363.197890590525,59154400
2021-02-11,361.89190673828125,362.79963383055735,359.4744293353658,362.3828137358075,42913300
2021-02-12,363.6795349121094,363.920338519712,361.0211976334396,361.09531279474186,50593300
2021-02-16,363.36474609375,365.09684247689853,362.6515498889224,364.9023112937657,50972400
2021-02-17,363.44805908203125,363.6981342096576,360.61373296897347,361.6233614767793,52290600
2021-02-18,361.9011535644531,362.64213560839346,359.14094315746735,360.854495934064,59712800
2021-02-19,361.26202392578125,363.4386974223099,360.817417764793,363.1515647766669,83241000
2021-02-22,358.4833068847656,360.88226938109636,358.21468888994264,358.5110930037713,67414200
2021-02-23,358.9186706542969,360.2617324705037,352.157117326697,356.2881475310484,107284100
2021-02-24,362.87371826171875,363.2998098164091,356.85314691923423,357.83496090759934,72433900
2021-02-25,354.1300048828125,362.9756307811768,352.6943414403151,361.614054243243,146670500
2021-02-26,352.30523681640625,357.14021903605783,350.33236597810503,356.0009599735621,152701600
2021-03-01,360.84527587890625,362.0864647926419,352.49985630016823,357.14958006161066,105348800
2021-03-02,358.0294189453125,361.2990505070929,357.52924059044653,361.0674901181094,79595300
2021-03-03,353.287109375,358.2980519232204,353.18520809288117,357.33478094068346,119940200
2021-03-04,348.915283203125,355.67683676199033,344.45079112435485,353.1018857931817,183433000
2021-03-05,355.3341369628906,356.3807946921803,345.1547488924629,352.39793809635813,152039600
2021-03-08,353.5649719238281,359.0853643704964,353.28711072907987,356.2881246989713,123149200
2021-03-09,358.61297607421875,361.15086903670385,356.8901519833952,357.3903303667505,113633600
2021-03-10,360.84527587890625,362.53104277568065,359.53929978707265,360.9471771777907,109899400
2021-03-11,364.50390625,366.4675341915617,362.8459256414853,363.29980330973046,86245000
2021-03-12,364.9948425292969,365.1337731463777,362.3458045414346,363.15163038715974,64653600
2021-03-15,367.17156982421875,367.43091643604373,363.1146256154373,365.24497076495254,73427200
2021-03-16,366.7083435058594,368.48671168557286,365.9395470892931,367.78278723665204,73722500
2021-03-17,367.95880126953125,368.75535559488856,364.2908636411773,365.43015115301284,97959300
2021-03-18,362.6051330566406,367.458630815987,361.92896639831395,365.3838583264933,115349100
2021-03-19,361.93426513671875,363.8764477066978,359.7690371420061,362.3059696989545,113624500
2021-03-22,364.8243103027344,366.1996484223102,362.38961272882625,362.4453669969889,73778600
2021-03-23,361.9527893066406,365.6327121636265,361.17220132844585,364.1923465537259,90686600
2021-03-24,360.1127624511719,364.97288259292316,360.0663100287804,363.34665077996937,97588600
2021-03-25,362.1386413574219,362.928502774503,356.7488269231494,358.6817356717282,116128600
2021-03-26,367.9745178222656,368.3740994757526,362.68693802860713,363.28165959392123,114409100
2021-03-29,367.78863525390625,368.6900335718035,365.02868604213734,366.506230599657,108107600
2021-03-30,366.8129577636719,367.48203731173976,365.22387611248564,366.52488460429095,76262200
2021-03-31,368.2997131347656,369.85161555750506,367.35186241979716,367.379739547907,112734200
2021-04-01,372.2769775390625,372.3327601495362,370.01884528609827,370.2232869937267,99682900
2021-04-05,377.620361328125,378.15935697469143,374.85113861446,374.92546817300206,91684800
2021-04-06,377.3972473144531,378.4380310220128,376.72816802256057,377.0627218481214,62021000
2021-04-07,377.8340759277344,378.17790328320166,376.7747167341118,377.23005259846207,55836300
2021-04-08,379.6275634765625,379.68331772995526,378.15001904318626,379.0792944120443,57863100
2021-04-09,382.3875732421875,382.55486438819275,379.3860314735494,379.50684182818276,61104600
2021-04-12,382.5269470214844,382.796416474297,381.1887881496238,381.79281150001924,56704900
2021-04-13,383.6606750488281,384.2833021211937,382.04374472962985,382.42475109343,56551000
2021-04-14,382.35040283203125,384.68286497352676,381.8114071791653,383.63277915671523,61659900
2021-04-15,386.4577331542969,386.72723094490885,384.4319197085877,384.4783721321406,60229800
2021-04-16,387.74957275390625,388.353596263842,386.3277821219221,387.74027092230574,82037300
2021-04-19,385.84442138671875,387.26621157931834,384.52486623240225,386.82017754821817,78498500
2021-04-20,383.0195007324219,385.73296934964173,381.55122954047414,384.6364310503438,81851800
2021-04-21,386.6435852050781,386.8480269077358,382.26667807443886,382.4060920583846,66793000
2021-04-22,383.1124267578125,387.3034686285627,382.05306736111277,386.4764281229823,97582800
2021-04-23,387.2662353515625,388.66945033208026,383.59561440222234,383.6699439588904,73209200
2021-04-26,388.0747375488281,388.6416103646639,387.3313284741211,387.91677659109115,52182400
2021-04-27,387.9910888671875,388.567263487537,386.85737164526927,388.3720952177508,51303100
2021-04-28,387.8795166015625,389.37566462785594,387.41487893712383,388.2605228895101,51238900
2021-04-29,390.35137939453125,390.9647044942961,386.9874073533742,390.59300004695626,78544300
2021-04-30,387.7866516113281,388.93897250611576,386.89455507926465,388.0933284049745,85527000
2021-05-03,388.6229553222656,390.1469521204787,388.13044053050237,389.7659458311173,68128300
2021-05-04,386.2254333496094,387.13613344183,382.55481257184357,386.64361861912283,101591200
2021-05-05,386.3462219238281,388.0932640974251,385.7886510489646,387.8609452628347,60162200
2021-05-06,389.43145751953125,389.56154133168053,384.4226493874601,386.42058587094186,74321400
2021-05-07,392.2657470703125,392.9162512267745,389.5150996883385,390.1934809738354,67733800
2021-05-10,388.3813781738281,392.84188892503846,388.2605678296134,392.6188718952487,81852400
2021-05-11,384.91510009765625,385.9001296111552,381.0586134145165,383.8836181645365,116888000
2021-05-12,376.737548828125,383.4097394915113,375.42726709184967,382.14593854145664,134811000
2021-05-13,381.26312255859375,383.1867295062854,378.23367557967265,378.2801563667472,106394000
2021-05-14,387.1175537109375,387.9631977718594,383.95802285908553,383.9858999881605,82201600
2021-05-17,386.13250732421875,386.94100075093894,384.12526903982337,386.0117253429356,65129200
2021-05-18,382.8057861328125,386.6343969993249,382.647796805553,386.3927762726599,59810200
2021-05-19,381.8021240234375,381.9786886398152,376.66323156600845,378.1408045892193,106467100
2021-05-20,385.9095153808594,387.16404293504047,382.5548445523857,382.6756265415183,78022200
2021-05-21,385.5935974121094,388.6230447677026,385.13826146942415,387.3870924100726,76578700
2021-05-24,389.5244140625,390.59307518890176,387.5822033599882,387.82382405889604,51376700
2021-05-25,388.6601257324219,390.95543705465997,388.08397953448286,390.60230787289504,57451400
2021-05-26,389.43145751953125,389.93324582826676,388.2141089866511,389.2455910916205,43088600
2021-05-27,389.6358337402344,390.9646905627569,389.35703414524056,390.4536005107807,56707700
2021-05-28,390.3329162597656,391.4573317528187,390.10059736851764,391.19713572899053,58520200
2021-06-01,389.9891052246094,392.8233844732283,389.552344556342,392.68399880447083,54216600
2021-06-02,390.6023254394531,391.43869600618797,389.6358994197464,390.6395043968989,49097100
2021-06-03,389.1526794433594,390.2863966542775,386.83879259158886,388.2977618897576,58138800
2021-06-04,392.7117614746094,393.0091363874435,389.2176771468902,390.99259643637595,55938800
2021-06-07,392.3307800292969,392.8790491074856,391.40150463726826,392.70248451426147,51555000
2021-06-08,392.4144287109375,393.27864805740666,390.59305680285246,393.18571484226,47134300
2021-06-09,391.82904052734375,393.3251889499002,391.6060234643003,393.2508310227257,48436300
2021-06-10,393.6502685546875,394.59814744397846,391.73596383996403,393.0462453239848,51020100
2021-06-11,394.30084228515625,394.4123507955599,392.91623101558656,394.19863560369777,45570800
2021-06-14,395.1836242675781,395.28583093843525,393.17638621080886,394.4123098852329,42358500
2021-06-15,394.4588623046875,395.36953411673755,393.58534109284255,395.33238351653245,51508500
2021-06-16,392.2563781738281,394.82118704345663,390.2212913837638,394.59817004930846,80386100
2021-06-17,392.1263122558594,393.1020400089684,389.6637383024435,391.84754100046604,90949700
2021-06-18,386.83636474609375,389.54937784816065,386.63125419537954,388.85947347394546,118676300
2021-06-21,392.3743896484375,392.5608641777054,387.7780798673709,388.58919001085104,72822000
2021-06-22,394.47198486328125,395.30175928856414,391.6470701272005,392.3649712484025,57700300
2021-06-23,393.9965515136719,395.3483919707271,393.9126465296074,394.5466142661028,49445400
2021-06-24,396.327392578125,396.7469175537267,395.87987081880055,396.13161425617756,45110300
2021-06-25,397.7351989746094,398.18272076667404,396.7469465793157,397.0732627744451,58129500
2021-06-28,398.5369873046875,398.70479729962966,397.0639410401673,398.2573039797839,53159600
2021-06-29,398.75140380859375,399.553181588353,398.2199770743729,398.91921379244826,35970500
2021-06-30,399.0870056152344,399.75827397212026,398.26656335103905,398.29453168040874,64827900
2021-07-01,401.29656982421875,401.45507598441856,399.7768909463528,399.8421598624358,53441000
2021-07-02,404.3639221191406,404.7182065985421,401.3805008260889,402.4526865249136,57697700
2021-07-06,403.6273193359375,404.6342359510612,400.9049741658819,404.41979315569,68710400
2021-07-07,405.0538024902344,405.3335142240967,402.30348871200215,404.307961437293,63549500
2021-07-08,401.75341796875,402.50859126674294,398.5835224267415,399.75824909118023,97595200
2021-07-09,406.0421142578125,406.3404621035636,401.55767811817753,403.25449948236826,76238600
2021-07-12,407.49652099609375,407.74826443657537,405.529348587086,405.95820582921755,52889600
2021-07-13,406.10736083984375,408.2050710020873,405.8463136021785,406.71336030742225,52911300
2021-07-14,406.7134094238281,408.2797214909891,405.4734420081782,407.79489909676516,64130400
2021-07-15,405.32421875,406.05142380082106,403.43161916568266,405.3801554114466,55126400
2021-07-16,402.14501953125,406.54555043309637,401.7534629006535,406.4989460325066,75874700
2021-07-19,396.20611572265625,402.2102297665294,393.40916924701395,397.3435417608313,147987000
2021-07-20,401.8839416503906,403.15190560272424,396.0756054886236,396.86807940233047,99608200
2021-07-21,405.1377868652344,405.27765698558056,401.8374096846167,403.0773770798175,64724400
2021-07-22,405.9861145019531,406.22852564545667,404.33592624936387,405.3148461793383,47878500
2021-07-23,410.1629638671875,410.49858385610935,407.2261751560549,407.9067473953741,63766600
2021-07-26,411.16973876953125,411.1790710284304,409.52888296778485,409.57548735826293,43719200
2021-07-27,409.2959289550781,410.162975736901,406.48031730156396,410.1350074036814,67397100
2021-07-28,409.1280517578125,410.4985568598125,407.71094225553276,409.9205257266722,52472400
2021-07-29,410.82489013671875,411.8970474559631,410.04174839608766,410.05108065733845,47435300
2021-07-30,408.8297119140625,410.27478967456426,408.1397790411661,408.2703168786377,68951200
2021-08-02,407.9720458984375,411.08597709125746,407.61776136087985,410.5359142126354,58783300
2021-08-03,411.29107666015625,411.4122822568077,406.58289362665914,408.76450901033223,58053900
2021-08-04,409.2679138183594,411.2630544145641,409.03483491751217,410.0137549202648,46732200
2021-08-05,411.8597412109375,411.9436461991985,410.10698336189347,410.4239672459952,38969700
2021-08-06,412.540283203125,412.95983656575635,411.8969832214965,412.1766949472546,46930000
2021-08-09,412.2047119140625,412.8293474498061,411.44020627292963,412.51236355148603,41222600
2021-08-10,412.71746826171875,413.42603723143196,411.9716271529787,412.6521993404,43339300
2021-08-11,413.7430725097656,413.8363097729413,412.66158285136754,413.7803731054395,44034300
2021-08-12,414.9830322265625,415.12290234474574,412.69887580714226,413.5938909226204,38909400
2021-08-13,415.7381896972656,415.75682576675683,414.9457157376628,415.43050961256574,39470300
2021-08-16,416.71710205078125,416.8476114388509,412.89460242623954,414.44224972601063,73740000
2021-08-17,413.9854431152344,414.8431575675143,411.0113539592329,414.17188917128794,92673900
2021-08-18,409.4543762207031,414.53550784290934,409.2119935015114,412.9785282041807,89351900
2021-08-19,410.0882873535156,411.2816785225219,406.6014364441112,406.7412780804755,92812200
2021-08-20,413.3514709472656,413.67778712939463,409.94852436681583,410.4333467352419,72008700
2021-08-23,416.9875183105469,417.8918656542568,413.42606560010046,415.02964970074015,54973000
2021-08-24,417.64947509765625,418.18090188764904,417.1367128313938,417.64947509765625,38744700
2021-08-25,418.5257873535156,419.03854953793854,417.4629339431671,417.83588293403466,40529700
2021-08-26,416.05511474609375,418.4791122297858,415.9618775077955,418.2460333600454,57829600
2021-08-27,419.775146484375,420.1480670762453,416.80105710708057,416.8569937732602,77235100
2021-08-30,421.6210632324219,422.40420486497374,420.203925414651,420.44633655758804,48357400
2021-08-31,420.9964294433594,421.8634761216063,420.39976225528045,421.5278561630646,59300200
2021-09-01,421.2200927734375,422.44142368993295,420.98701391987714,421.9286615929036,48721400
2021-09-02,422.5160827636719,423.3178604728421,421.32272000796826,422.63728833645627,42501000
2021-09-03,422.4136047363281,422.92639546669517,420.98716278621146,421.3880801796311,47170500
2021-09-07,420.9032287597656,422.16186061767115,420.23196033235047,422.0686233593047,51671500
2021-09-08,420.3904113769531,421.0989803051799,418.47914741318687,420.3717753085308,56181900
2021-09-09,418.5910949707031,421.9381047734719,418.3486837946311,420.194679042839,57970400
2021-09-10,415.2906799316406,420.93117815889764,415.16947434641764,420.51165319314345,89948200
2021-09-13,416.3535461425781,418.53518998833437,414.0507251516293,418.27414272204135,83738600
2021-09-14,414.106689453125,417.99443010602226,413.2209781306569,417.7893195077674,78197100
2021-09-15,417.5655212402344,418.05964737696985,413.4260376429731,414.5261632376649,78792200
2021-09-16,416.9035339355469,418.0129632027851,413.9667173539982,417.04337556990373,77786700
2021-09-17,412.8424377441406,416.55558909091354,412.4870182961472,416.13472017341735,118425000
2021-09-20,405.958740234375,408.3156924628671,401.1138511721646,406.7443909772057,166445500
2021-09-21,405.5751647949219,409.5782577328852,405.05139775953694,408.2875359159857,92526100
2021-09-22,409.5315246582031,411.5611435713708,405.68744521806696,407.83862947573203,102350100
2021-09-23,414.50732421875,416.1067119256756,411.1589540771979,411.39277968477785,76396000
2021-09-24,415.1901550292969,415.9009940953473,412.6648267475049,412.8799566078013,62094800
2021-09-27,414.0023193359375,415.3210707653603,413.31017606482214,414.1613047794656,61371100
2021-09-28,405.6593933105469,411.57051184242243,404.9298585168966,411.2431502653508,130436300
2021-09-29,406.3421936035156,408.7646237192778,405.78100637960586,407.03430833854253,82329200
2021-09-30,401.375732421875,408.5120665894425,401.03900867618046,407.81058970767697,140506000
2021-10-01,406.1457214355469,407.819920791209,399.5892707562588,403.0966548978282,129240100
2021-10-04,400.9080505371094,405.88383781213133,398.7755335780304,404.9859554641585,128570000
2021-10-05,405.0794982910156,407.31485631227736,401.60953418086086,402.4045184317474,90682500
2021-10-06,406.76300048828125,406.96876815418193,399.8791886529931,401.49724350728303,113032200
2021-10-07,410.2797546386719,413.1043576140897,409.84952352630745,410.0272332659466,72437500
2021-10-08,409.5315246582031,411.4302160683865,408.90488798924395,411.04673863158837,74557400
2021-10-11,406.566650390625,411.77629222213716,406.5011723645591,408.8768487322521,65233300
2021-10-12,405.56591796875,407.8854787444724,404.78026719225636,407.4833054677859,71181200
2021-10-13,407.02490234375,407.83861088635894,403.62041636017756,406.5853090624002,72974000
2021-10-14,413.8713073730469,414.0209591805535,410.2049094470439,410.6725606418157,70236800
2021-10-15,417.02325439453125,417.3880360118953,415.3584173525913,415.9757203290179,66260200
2021-10-18,418.25787353515625,418.5945686911891,414.5914756470946,415.24619873026535,62213200
2021-10-19,421.484619140625,421.55006860524617,419.26792883450116,419.8758981308074,46996800
2021-10-20,423.1401672363281,423.4394708582434,421.8307495694043,421.9429812918315,49571600
2021-10-21,424.24383544921875,424.468298903712,422.1113470020355,422.5415781375362,41305400
2021-10-22,423.8042297363281,425.2539656192229,421.86814686856104,423.8135918943795,58845100
2021-10-25,426.0770568847656,426.4044184794836,423.12152600267797,424.8892329450859,45214500
2021-10-26,426.46051025390625,428.82682438361206,426.0863949710087,427.62030473700503,56075100
2021-10-27,424.57122802734375,427.58290328215884,424.4963878416024,426.918846485335,72438000
2021-10-28,428.66790771484375,428.7427193661582,425.9835937368893,425.9929273538217,51437900
2021-10-29,429.5376892089844,429.8276307113878,426.0864205712987,426.3763620737021,70162400
2021-11-01,430.2765197753906,430.893822778383,428.55556680181957,430.5196789876019,48433600
2021-11-02,432.0162048339844,432.3248706330071,430.3139474896051,430.4449035360186,48908400
2021-11-03,434.6537780761719,435.05595130001086,431.0154376576969,431.4550309735482,52509800
2021-11-04,436.7020568847656,436.7862306774894,434.90626367716334,435.2523210060828,52847100
2021-11-05,438.2172546386719,440.20009126070624,436.71143139873345,438.91873147438207,66390600
2021-11-08,438.5913391113281,439.80724933374427,437.9085866401388,439.3115402130442,50405200
2021-11-09,437.1416931152344,439.19000790226266,435.7387393456625,438.9561822740007,51149100
2021-11-10,433.6249084472656,437.14165472126496,432.1471431654352,435.45809321974474,69429700
2021-11-11,433.76519775390625,435.1868757153558,433.7465019808427,435.11203553677166,34848500
2021-11-12,437.0387268066406,437.59055177805936,434.0831679013753,435.0278324259744,53466700
2021-11-15,437.1883544921875,438.4790762545081,436.0660088394629,438.32009084504045,46980500
2021-11-16,438.9187316894531,440.0504396595338,436.8517212713006,436.92653290815355,48857500
2021-11-17,437.8524475097656,438.83450354133987,437.23514454531596,438.65679381476366,47858300
2021-11-18,439.339599609375,439.601483135465,436.1689108233059,438.88128203134477,50625600
2021-11-19,438.5539855957031,440.4713442276694,438.1892039343977,439.2273759676528,57315600
2021-11-22,437.3193664550781,442.9031231346711,437.11359877761777,440.42457739014736,72762000
2021-11-23,437.8993835449219,438.7505124468278,434.4013604996694,436.99213876316924,73206500
2021-11-24,439.0683898925781,439.18998377950254,435.09335443045563,435.90706300520714,61858800
2021-11-26,429.2757568359375,433.88679095900204,428.1533825042478,432.4277214537044,112669600
2021-11-29,434.54156494140625,436.3747499241281,431.8572512237715,434.04585573790405,86268800
2021-11-30,426.08642578125,434.0084394914815,425.84323798535684,432.1097764638972,148559600
2021-12-01,421.3537902832031,434.6070397085966,421.1573847437486,431.77307418093795,131939200
2021-12-02,427.80731201171875,429.36927957856614,421.176021421513,421.56886098846877,127637800
2021-12-03,424.0848083496094,430.5196646058951,419.875947732394,429.46279691605116,137331600
2021-12-06,429.10748291015625,430.9780880886391,424.21584009288256,426.6195745975937,98977500
2021-12-07,437.98345947265625,438.5446466888678,428.9764917091224,434.3638433156849,95484700
2021-12-08,439.1431884765625,439.592143920361,436.6272226459906,438.376262173592,72238800
2021-12-09,436.1782531738281,439.2460437157852,435.9818476739704,437.8617859732188,61272600
2021-12-10,440.2842712402344,440.4339230591345,436.3279600988827,438.8719839338528,77159800
2021-12-13,436.38409423828125,440.11594207915067,436.1034863624048,439.76988472108684,87724700
2021-12-14,433.3817138671875,435.60773818463684,430.47293705354144,433.1291924903542,97264100
2021-12-15,440.15338134765625,440.3965405988758,430.93128345420837,433.43791595601033,116899300
2021-12-16,436.27178955078125,442.27641461198965,434.7285178494483,441.9958353261995,116568600
2021-12-17,431.62860107421875,436.19952155606984,429.9297585264146,433.20542255890297,135511600
2021-12-20,427.0389404296875,427.4331314987916,423.43476458066107,426.5696462517917,107134800
2021-12-21,434.6227722167969,434.76355475782685,428.28730007942625,430.4460420910775,69806300
2021-12-22,438.9684143066406,439.0810403325154,434.17221265287645,434.3693368416024,58890200
2021-12-23,441.69970703125,443.19205915092374,439.860081786321,439.96331276152887,56439700
2021-12-27,447.9507141113281,447.9976320744908,443.02312495455095,443.07004291771364,56808600
2021-12-28,447.5846252441406,449.4054889482958,446.8243709664045,448.382431076323,47274600
2021-12-29,448.1571960449219,449.1708589058926,446.6930004438283,447.6879018485856,54503000
2021-12-30,446.9182434082031,449.5838309519996,446.45834427104364,448.5795345178264,55329000
2021-12-31,445.79193115234375,447.5752433544864,445.5197611440757,446.4301930229222,65237400
2022-01-03,448.37310791015625,448.504524050065,444.75017001996036,447.0496946773306,72668200
2022-01-04,448.2228698730469,450.50366140781244,446.3738496168056,449.79032507237594,71178700
2022-01-05,439.6160583496094,448.62651310720656,439.522193776869,447.85686371156027,104538900
2022-01-06,439.20306396484375,441.9062031753526,436.8471978839519,439.1561460016045,86858900
2022-01-07,437.4666748046875,440.3856996959157,436.11510518357954,439.21246416672096,85111600
2022-01-10,436.92230224609375,437.13815924974546,428.55947603097115,434.2848710913376,119362000
2022-01-11,440.9018859863281,440.9957505518421,433.674744093411,436.6594768734693,74303100
2022-01-12,442.0939025878906,444.1400470908077,440.1416512981123,442.6289048560433,67605400
2022-01-13,436.0025329589844,443.8397529898171,434.9794748884934,443.1921246063078,91173100
2022-01-14,436.1808166503906,436.52808978679013,431.6568135400959,432.8676006358353,95890900
2022-01-18,428.45623779296875,431.71314090139424,427.3487102823898,431.5066502940451,109709100
2022-01-19,424.0072937011719,431.3845844979552,423.735095055278,429.9954920501737,109357600
2022-01-20,419.3143310546875,430.56799582128895,417.202507339247,425.8844492805024,122379700
2022-01-21,411.0829162597656,420.5438737739102,411.05475975634477,418.1974030107011,202271200
2022-01-24,412.82867431640625,413.33552001842463,394.9204221606559,405.4983019869836,251783900
2022-01-25,407.7884521484375,412.71604063041366,400.91797904771346,406.46503923320813,167997300
2022-01-26,406.76544189453125,416.7707975901355,402.5230040310263,413.6546772543713,186391100
2022-01-27,404.7568359375,414.4712312098772,403.0767833933203,411.34574456850135,149878300
2022-01-28,414.8091735839844,414.85609154872685,401.5469143096676,406.10844039096463,164457400
2022-01-31,422.2803039550781,422.62757707476004,412.800555532894,414.1427300497246,152251400
2022-02-01,425.1336669921875,425.7719002894428,419.4927410147947,423.0030527931463,123155400
2022-02-02,429.2633972167969,429.986099950846,425.22745003532464,427.52700300171256,117361000
2022-02-03,419.1736145019531,425.15241844539145,418.3382570186423,423.2564800563561,118024400
2022-02-04,421.1446533203125,424.9740816327315,416.5737034611267,418.9389647113515,118454400
2022-02-07,419.79302978515625,423.2939459588078,418.46961678958075,421.90485354850045,84472900
2022-02-08,423.24700927734375,424.16683612077446,417.87828306849536,419.2955605639941,81012000
2022-02-09,429.4416198730469,429.76073639918195,427.0669930562285,427.2640885428397,92589900
2022-02-10,421.72650146484375,429.6012424004276,419.73669885351933,423.6224395175612,140103700
2022-02-11,413.4106140136719,423.87586832148435,411.98397004230856,421.8109911505724,153214600
2022-02-14,412.0591125488281,414.48068691675223,408.60511374668846,412.90386511274687,123006300
2022-02-15,418.70428466796875,418.8732237029998,415.96359397809533,416.4798347763938,88482700
2022-02-16,419.1736145019531,420.5439456416827,414.7997888146647,416.6675706954675,84863600
2022-02-17,410.2194519042969,419.1454369302685,409.6187702110395,416.00115999955716,102259100
2022-02-18,407.5632629394531,411.72120279634646,405.30126139332725,410.4728641481939,132642900
2022-02-22,403.1894226074219,408.7552449000615,399.70723904825377,405.36695455226914,124391800
2022-02-23,396.037353515625,406.65278513498924,395.47419479431903,406.0896264136833,132578000
2022-02-24,401.9974670410156,402.4292384000202,385.4220183497923,385.77865794054236,213942900
2022-02-25,410.8670349121094,410.95150442325064,401.58438272743587,403.22691227876925,121804500
2022-02-28,409.8158264160156,411.2894169660434,404.2500045029786,405.49831437664733,145615000
2022-03-01,403.5742492675781,410.3227021337157,400.8804765076019,408.32350426508583,137785900
2022-03-02,410.9985046386719,412.71610887615117,405.0666188393467,405.8174781319554,117726500
2022-03-03,408.9522705078125,414.02064123146914,407.1595635476408,413.41995965763175,105501700
2022-03-04,405.62969970703125,406.7559884295787,401.6031480635813,405.2354800359034,113978200
2022-03-07,393.6720886230469,405.7517156092554,393.6063805668149,405.04777437562143,137896600
2022-03-08,390.6874084472656,400.97432894741854,389.62679900774907,393.85044666663845,164772700
2022-03-09,401.1620178222656,403.1330589273105,396.8539010797275,399.03143275089025,116990800
2022-03-10,399.35064697265625,400.2422888653408,394.62015289257846,396.57240437767916,93972700
2022-03-11,394.2727966308594,402.4384977081336,393.7659509253849,401.82842103783685,95636300
2022-03-14,391.391357421875,398.4776882871235,390.255673493645,395.0424799965583,95729200
2022-03-15,399.9982604980469,400.6270987320428,392.7241998621839,393.99127138077023,106219100
2022-03-16,408.8678283691406,408.92414137534934,398.7122961456911,403.48973577211655,144954800
2022-03-17,413.9832458496094,413.9832458496094,406.5871637208612,406.96259340058754,102676900
2022-03-18,418.51739501953125,418.83750296780573,411.6444265360067,412.3787985896776,106345500
2022-03-21,418.39508056640625,420.34397249520026,414.9020791690174,418.3479881152232,88349800
2022-03-22,423.2908935546875,424.2229735705517,419.77907234818315,419.77907234818315,74650400
2022-03-23,417.839599609375,422.2552571041615,417.7548676697066,420.76769294259685,79426100
2022-03-24,424.1382141113281,424.1476383476217,418.7434134818091,419.8543815321978,64736900
2022-03-25,426.2095947265625,426.4826390256011,422.19877711197813,424.7690942601519,77101300
2022-03-28,429.24114990234375,429.24114990234375,423.73334501401365,425.6163532676359,68529800
2022-03-29,434.5513000488281,435.04090067569854,430.43693083724736,433.1107996129039,86581500
2022-03-30,431.86798095703125,434.221741418466,429.7684162817575,433.41203287887015,79666900
2022-03-31,425.2209777832031,431.9244832020018,424.7690454159792,431.1053791315065,121699900
2022-04-01,426.4261169433594,426.9345085502842,422.86723203273846,426.7932886594718,89048800
2022-04-04,430.07916259765625,430.18274301389283,425.80475366510456,426.62385782767655,59601000
2022-04-05,424.64666748046875,431.04888498929796,423.5074553649345,428.59157264929064,74214500
2022-04-06,420.40045166015625,422.6694802657768,417.5288752979102,420.74883235488153,106898000
2022-04-07,422.51885986328125,424.32656069949695,417.5853866950133,419.5248831878406,78097200
2022-04-08,421.3890686035156,424.2700693409283,419.8544120623101,421.7656645610829,79272700
2022-04-11,414.1865234375,418.9693519364392,413.68752738112,418.13139944100146,89770500
2022-04-12,412.65191650390625,419.67553034639525,411.1078357022038,417.1617012912827,84363600
2022-04-13,417.3782958984375,418.13148789412384,412.22826589543115,412.4071540225824,74070400
2022-04-14,412.1811218261719,418.7151631152427,412.0775414258065,417.6041663493815,97869500
2022-04-18,412.3506164550781,414.02649286644555,410.1286514899628,411.2584680800119,66002500
2022-04-19,419.0069885253906,419.7225120961973,412.07750347771895,412.2469673182449,77821000
2022-04-20,418.6964111328125,421.3891286413037,417.53837911661236,420.77715653151193,65224400
2022-04-21,412.43536376953125,423.68635144045646,411.5315277032449,422.30233899562865,85417300
2022-04-22,401.1184997558594,412.45419083312686,400.55359142974106,411.3526468930056,132471800
2022-04-25,403.4439392089844,403.6134030546147,394.33958173639525,398.8870627211197,119647700
2022-04-26,391.7599182128906,401.1184726141431,391.7316742351174,400.92073603730137,103996300
2022-04-27,392.86151123046875,398.18103381354365,390.7337309296715,392.83326724916185,122030000
2022-04-28,402.784912109375,404.5078808966821,393.17216221026155,397.58781923542455,105449100
2022-04-29,387.8997802734375,400.95844060924014,387.1559838147255,398.81181190653876,145491100
2022-05-02,390.2347106933594,391.59047917730305,381.32805937170104,387.96568189359846,158312500
2022-05-03,392.0235900878906,394.4244147133701,389.1802285313976,390.7337337116367,100028200
2022-05-04,403.9617919921875,404.52670026180385,389.5096966956075,392.6825612700032,144247900
2022-05-05,389.6038818359375,400.13931697439904,385.4895127503543,399.7156285575717,172929100
2022-05-06,387.2782897949219,390.53588590849546,381.99646562982656,387.0523380071947,151770800
2022-05-09,374.8787841796875,382.6367705084989,373.30645933793636,381.40340215959606,155586100
2022-05-10,375.7449035644531,382.32600865511546,371.72469101869683,380.829020441603,132497200
2022-05-11,369.77581787109375,380.4054095794836,369.03202142087446,374.7846276976837,142361000
2022-05-12,369.3898010253906,372.647397923669,362.62038267397736,366.5935320489902,125090800
2022-05-13,378.22113037109375,379.59571868333563,372.46852382526714,373.5041843615176,104174400
2022-05-16,376.6864318847656,380.33947297147097,374.3420954969533,376.5828802088455,78622400
2022-05-17,384.43499755859375,384.67037360597254,379.03074397272616,382.74969701428194,83029700
2022-05-18,368.93780517578125,380.17936710911766,367.70443702868755,379.89692735498426,117674500
2022-05-19,366.6782531738281,371.0845150929089,364.46571234321414,365.8873930171805,98510700
2022-05-20,366.83831787109375,373.8054438090952,358.2800473984459,370.24655877361363,131432200
2022-05-23,373.7018737792969,374.46448991142154,367.5444280343373,369.851096171746,76414900
2022-05-24,370.8490905761719,372.03536628996494,364.3244448543885,369.59687394240024,91448800
2022-05-25,374.1255187988281,376.08386362206704,368.966094179277,369.36150985252755,91472900
2022-05-26,381.6011047363281,383.2299175155968,375.1423990434027,375.34953113826674,82168300
2022-05-27,390.9690246582031,391.08200055963175,383.85125554393176,384.0489633714319,84768700
2022-05-31,388.77532958984375,392.0988383279228,386.04497310590705,389.35905760743515,95937000
2022-06-01,385.6307373046875,391.8917350641577,383.1263324544133,390.8843473141323,86585800
2022-06-02,392.97442626953125,393.02148998349895,383.229852686857,385.47063713429924,79609600
2022-06-03,386.52520751953125,389.8204727754395,385.5554591792327,388.276391835389,71874300
2022-06-06,387.7019958496094,392.2400239442846,386.53451118400045,390.51708401926703,57508900
2022-06-07,391.4209289550781,391.8728612940174,383.7664955630781,384.22785213796186,59272400
2022-06-08,387.1654052734375,391.496330865678,386.37454509732197,389.7168739200945,64350000
2022-06-09,377.95745849609375,387.6549405235344,377.95745849609375,385.39533612934156,86289800
2022-06-10,366.9983825683594,372.6285889009698,366.95131884403355,371.78124073607813,132893900
2022-06-13,353.0640869140625,359.47572843382756,351.4635182270805,357.63038818463684,170004900
2022-06-14,352.000244140625,355.83217393036404,348.9121108692413,354.80593758601754,104011800
2022-06-15,357.0184326171875,361.4434854707774,350.352566259201,355.2860394664343,125666800
2022-06-16,345.2025451660156,349.2416066501107,342.7828722240161,348.83676669769454,134473300
2022-06-17,345.94671630859375,349.2751458907682,342.45758461496894,345.61578942511153,111113900
2022-06-21,354.6553955078125,356.035921374524,351.57282417390246,351.6484860292675,76811900
2022-06-22,354.0124206542969,358.1067313139649,350.0315450667165,350.44759870939254,90059400
2022-06-23,357.4826965332031,358.2107760726569,352.5941088918545,356.1400013974263,79292100
2022-06-24,368.8484802246094,368.8579451727361,360.6125613834367,360.64092737126776,98050300
2022-06-27,367.43951416015625,370.05873603154885,366.3521130366236,369.7656112640716,66009600
2022-06-28,359.9317626953125,371.760870638242,359.8182987396139,368.99035324591785,86548900
2022-06-29,359.6385498046875,361.46349531064214,357.8230692449071,360.48012203098745,65676000
2022-06-30,356.716796875,359.94119868727216,352.282064871728,355.76176056378404,112508300
2022-07-01,360.4896240234375,360.9246076353703,353.45457064095484,356.06435688635764,74839700
2022-07-05,361.17034912109375,361.18927901231945,352.60347679290015,355.42128921408255,81438000
2022-07-06,362.39013671875,364.8675284701395,358.93880785464154,361.31217177600075,70426200
2022-07-07,367.8177490234375,368.61202540572873,362.4090803527021,364.15839292566767,64525900
2022-07-08,367.5152282714844,369.37800498002616,364.66904928186506,366.1914052999561,72397800
2022-07-11,363.3168640136719,365.81315719235283,362.6265865895648,364.84868487322194,58366900
2022-07-12,360.10186767578125,365.1417783353174,358.3620201292297,362.7683853874002,62219200
2022-07-13,358.2107849121094,361.1326258025633,354.26776850827935,354.6838222143904,84224600
2022-07-14,357.3408203125,358.4187564891479,350.84475070087467,353.2748467855768,89704800
2022-07-15,364.1678466796875,364.2813106084498,359.82767826526884,361.7282567851243,79060400
2022-07-18,361.160888671875,367.9122512360592,359.94109388829537,367.2409038432845,63203600
2022-07-19,370.9192199707031,371.48656848607965,364.413714078224,365.0661316858812,78506000
2022-07-20,373.2831726074219,374.6920934702504,369.7467451710396,371.1083701548272,71843800
2022-07-21,377.0843505859375,377.13161760377886,370.31405726547354,372.70635127041953,64903900
2022-07-22,373.58575439453125,378.3987087577949,371.3731210571291,377.2073085647602,72197300
2022-07-25,374.0397033691406,374.8907118982052,371.80813975386303,374.20989930364345,53631500
2022-07-26,369.6143798828125,372.6118247488071,368.7255405509069,372.40379790822186,52946400
2022-07-27,379.2119140625,380.9517617542331,372.602351195438,372.89547598359957,82342100
2022-07-28,383.9680480957031,384.6582965028211,376.479112587322,380.0155679818675,73966600
2022-07-29,389.5657958984375,390.5491978405895,384.6299140121393,385.3958242310013,87003700
2022-08-01,388.41229248046875,390.90861443486426,386.17129323209457,386.880471670519,69997500
2022-08-02,385.84979248046875,390.52091664915406,384.67729339338854,386.85209567230385,63435400
2022-08-03,391.89202880859375,393.05506301560587,387.6842250670768,387.96788490865407,67820600
2022-08-04,391.6272888183594,392.4971982786844,389.9914400358886,391.8163857696468,45656600
2022-08-05,390.9653015136719,391.608282965117,387.3059458085889,387.36267776862576,56814900
2022-08-08,390.511474609375,394.8894742630945,389.41460845921597,392.64847494128367,53886100
2022-08-09,388.9607238769531,390.28451780261275,387.8922237902104,389.7833662144508,44931800
2022-08-10,397.13043212890625,397.27229089166696,394.0384247471789,395.9862990766892,68665700
2022-08-11,397.13043212890625,401.82048597583395,396.392887760029,399.9671456794408,59489700
2022-08-12,403.853515625,403.9575146188211,398.11389080007996,399.05946211792985,61694500
2022-08-15,405.5177001953125,406.03778173235645,401.59358501038247,401.65031698074415,54048300
2022-08-16,406.3119812011719,408.2314897011034,403.6454633274114,404.44920466821014,59289000
2022-08-17,403.42803955078125,406.12292386227153,401.432897710774,402.7283259358478,63563400
2022-08-18,404.6004638671875,405.2812474108149,402.34053490810277,403.6264978547886,49023200
2022-08-19,399.1634826660156,402.11366050668937,398.2935443726278,401.84890169679676,68016900
2022-08-22,390.8518981933594,394.52071941279587,389.95359392592934,394.3504946497515,77695600
2022-08-23,389.9063415527344,392.80925244544267,389.35789402468396,390.42639423875585,49105200
2022-08-24,391.1545104980469,392.51610668513507,388.9986089883818,389.67939265365226,49177800
2022-08-25,396.6766357421875,396.7239027658137,391.55162646435804,392.63902771668177,50942300
2022-08-26,383.2494812011719,397.102094248587,383.1927492346699,396.5631405668187,103087000
2022-08-29,380.7153625488281,383.7506382256978,379.36320256720757,380.3087738309777,65370800
2022-08-30,376.535888671875,382.10531673126604,374.44618445964664,381.8689239380466,85652400
2022-08-31,373.67083740234375,379.4009968343616,373.53847243354284,378.16230081283413,76029700
2022-09-01,374.84344482421875,375.18383669318416,368.8106943896731,371.50557877851736,78740100
2022-09-02,370.8908386230469,379.70356914138836,369.08479416646423,378.4932391584454,99632100
2022-09-06,369.49139404296875,372.66849927504563,367.2787610013706,371.73239306497686,76637400
2022-09-07,376.12939453125,376.8953050652653,368.96197593622117,369.1794388924543,70964200
2022-09-08,378.5877990722656,379.0416547769603,372.6685141668355,373.86940805077325,80821700
2022-09-09,384.4692687988281,385.329742082949,380.5545900462263,380.81934883699086,76706900
2022-09-12,388.6014404296875,389.3200838556924,386.22804721967884,386.5306369628963,69256300
2022-09-13,371.70404052734375,381.1597524265052,370.58827344881297,379.9588585471244,122947100
2022-09-14,373.1224060058594,374.63532571628434,369.8318077999259,372.99947713125925,85023700
2022-09-15,368.88623046875,374.4083627921359,367.6191685285438,371.5716492033494,87633800
2022-09-16,366.072021484375,366.72714802798475,362.7963887663263,364.7238110432356,103084800
2022-09-19,368.9109191894531,368.9109191894531,362.86289235187127,362.9388650171461,73278500
2022-09-20,364.67633056640625,366.60372391938756,361.9324194562877,365.5973034872937,77274900
2022-09-21,358.3150329589844,369.63252654265,358.3055291317483,366.59425728558,106746600
2022-09-22,355.3052978515625,359.17906419104327,354.5647235965844,357.54599929864446,89472600
2022-09-23,349.3522033691406,351.8872336223703,344.92773674852214,351.8492472849376,122346900
2022-09-26,345.8961486816406,351.49793062480813,344.6808467381226,347.8900111292315,92581200
2022-09-27,345.0131530761719,351.6783204261148,342.6300104380139,349.41861164213634,108294100
2022-09-28,351.8017272949219,353.4822530130937,344.2725525183402,345.9625820630532,110802200
2022-09-29,344.4530029296875,348.55462907314757,341.51918862235004,348.26980398508965,112952300
2022-09-30,339.12652587890625,347.41528324882285,338.9936171691522,343.5130058772176,153711200
2022-10-03,348.079833984375,349.92177979795235,341.0538697447387,342.82934672559077,89756500
2022-10-04,358.86566162109375,358.8941441243227,348.0418757679158,353.57718804598346,103602800
2022-10-05,358.03021240234375,360.28041756142954,352.20057002554404,354.51724403133267,88065700
2022-10-06,354.3367614746094,359.5777447717773,353.8430261300766,356.63442728157884,82333500
2022-10-07,344.4530029296875,354.4222866629077,342.6965042864364,350.32063154436236,107789500
2022-10-10,341.8229675292969,345.8011884953058,339.5917702265936,345.56382461416007,76042800
2022-10-11,339.658203125,344.68083086003986,337.7308096086358,340.1329308775536,92482800
2022-10-12,338.537841796875,341.63307591693376,338.29097410138615,340.0664801784366,76991800
2022-10-13,347.47222900390625,348.934398580659,330.5149387795829,331.55934562012055,147254500
2022-10-14,339.55377197265625,351.54539946318886,338.91762404448093,349.9218097110879,123737000
2022-10-17,348.2792053222656,349.3805769637892,339.22139351142755,345.6112382072671,93168200
2022-10-18,352.37139892578125,356.4730533438476,348.94384975105197,356.1692206517508,97162900
2022-10-19,349.8742980957031,353.05497932795237,347.07339321019754,350.33952194733325,79746900
2022-10-20,346.9405517578125,353.8336082385052,346.18096994205536,349.42812063236454,88283100
2022-10-21,355.3716735839844,355.8558761401148,345.1650279247019,346.66515472372885,131038400
2022-10-24,359.7201843261719,360.85003863790973,354.2513116223034,356.8908256086108,85436900
2022-10-25,365.4643859863281,365.777693519867,359.5302897254607,359.64421973765667,78846300
2022-10-26,362.71099853515625,367.9899690715865,362.0748795431326,362.3312221104294,104087300
2022-10-27,360.7741394042969,365.54039595428065,360.1569701011895,363.70795365066004,81971800
2022-10-28,369.3572692871094,369.83199716706173,360.48935596660993,360.6697548789991,100302000
2022-10-31,366.689208984375,368.7685188952542,365.78724362365824,366.90759418543263,96631300
2022-11-01,365.0846252441406,370.65795347224923,363.9168135013934,370.42058959281826,85407600
2022-11-02,355.9223937988281,368.98691130694584,355.81796759742275,364.49597616975944,126990400
2022-11-03,352.2574462890625,355.28621123903116,350.1496542075025,352.69418764648026,87100100
2022-11-04,357.3275451660156,359.72016234018145,351.2984975880694,357.9446853802761,103505200
2022-11-07,360.74560546875,361.33426320464076,356.5489996813044,358.61880558333354,68286900
2022-11-08,362.6919860839844,365.65428248614427,358.62831787010947,361.8469568156974,84641100
2022-11-09,355.21978759765625,361.87547986372505,354.7260521981255,360.7266178571878,78495500
2022-11-10,374.7405700683594,375.07288526749676,366.1480099232559,368.4361720364201,141455800
2022-11-11,378.3675231933594,379.1650623418643,373.7151680311234,375.5951003651524,93839900
2022-11-14,375.1488342285156,379.953076506213,374.873484033921,376.6110037402308,71903500
2022-11-15,378.3485107421875,381.9754376853018,374.55068876407796,380.8740658346402,93194500
2022-11-16,375.462158203125,377.6743765872507,374.8355141476234,376.72492116529327,68508500
2022-11-17,374.31329345703125,374.9874276635937,370.42054943643274,370.72435314810673,74496300
2022-11-18,376.0128173828125,377.7028468199875,373.17395503541496,377.6363779885907,92922500
2022-11-21,374.6455993652344,375.8134399275281,372.8131574140973,374.69308951984544,51243200
2022-11-22,379.6872863769531,379.84870657702646,375.1773723038927,376.5825770145296,60429000
2022-11-23,382.079833984375,382.5640365089202,379.12701278433445,379.3548727958851,68261600
2022-11-25,381.9944763183594,382.54517681766396,381.2444272220214,381.51974849658694,30545400
2022-11-28,375.8989562988281,380.5512827733344,375.13937446161043,378.9182180421719,67881600
2022-11-29,375.2532958984375,377.2186467005862,373.4208248199859,376.0318273628986,52310000
2022-11-30,387.0740051269531,387.0740051269531,373.5917546265289,375.50014044810706,144566700
2022-12-01,386.7892150878906,389.2767840474977,384.29214230054805,388.10894326432475,76398200
2022-12-02,386.34295654296875,387.24492191924827,381.8140640565856,381.91849025775207,85342700
2022-12-05,379.3928527832031,384.46294078102943,378.0446424372864,383.53249309935995,77289800
2022-12-06,373.9240417480469,379.7726910257881,371.8447608883039,379.23152341918535,77972200
2022-12-07,373.2879333496094,375.64259345528575,372.15807896997796,373.0790519775326,65927900
2022-12-08,376.2121887207031,377.2755741052636,373.39230509643045,375.1678109877032,60737900
2022-12-09,373.4018859863281,377.5225196894714,373.27845212602426,374.9779857119684,81447700
2022-12-12,378.7852783203125,378.7852783203125,373.52528680664847,374.1898882628355,75405800
2022-12-13,381.6526184082031,389.74196862339903,378.89920332598314,389.48562607620295,123782500
2022-12-14,379.2125549316406,385.0042397963437,376.27874065040004,381.3108436618965,108111300
2022-12-15,369.936279296875,375.2722135351641,368.2842363195607,374.370219395207,117705900
2022-12-16,365.56884765625,368.7259745587609,363.4418577702044,367.39063871161915,119858000
2022-12-19,362.4689025878906,366.0934184203677,360.8092731762787,365.759577222778,79878100
2022-12-20,362.96490478515625,364.5768550701663,360.39913914135377,361.7154089937889,74427200
2022-12-21,368.3921203613281,369.5176155105315,365.0156058055829,365.5497400834467,78167400
2022-12-22,363.1365966796875,368.3730338595665,357.4613834622674,365.35897373224327,100120900
2022-12-23,365.22540283203125,365.36846929867335,360.57077972973116,362.115955785729,59857300
2022-12-27,363.78521728515625,365.4543943707275,362.11604019958503,365.111034770745,51638200
2022-12-28,359.2641296386719,365.6833180737436,359.03522324607314,363.71843147410067,70911500
2022-12-29,365.73101806640625,366.5989936653744,361.57236734542374,362.09698333590643,66970900
2022-12-30,364.7675476074219,364.9106140687992,360.9522867273301,363.0602393214348,84022200
2023-01-03,363.2319030761719,368.5827922529126,360.37997590039055,366.6179353148599,74850700
2023-01-04,366.03619384765625,368.05827776448973,362.4498387600588,365.48296463530903,85934100
2023-01-05,361.8585510253906,364.2049291476229,361.26719003677556,364.0904759379737,76970500
2023-01-06,370.15673828125,371.2727153198515,361.88717348528235,364.93936588301403,104189600
2023-01-09,369.9467468261719,375.51705316906475,369.76554871896104,372.34083227546927,73978100
2023-01-10,372.5412292480469,372.6080033161442,368.43028694753167,369.3650365764805,65358100
2023-01-11,377.2530822753906,377.3294038131555,373.3043013861297,374.1150503530879,68881100
2023-01-12,378.6265563964844,380.08589280712,374.2962553998828,378.3499708858858,90157700
2023-01-13,380.0954895019531,380.66778464278104,375.1737978638569,375.4408650484913,63903900
2023-01-17,379.3991394042969,381.7455462351786,378.7219386237428,380.0763692929868,62677300
2023-01-18,373.4091796875,381.6406112039505,373.20888660482075,380.5818900873673,99632300
2023-01-19,370.6907653808594,373.0180477652269,369.3744957046609,371.3774844034351,86958900
2023-01-20,377.596435546875,377.749049499946,370.44282022993093,372.08338384027553,91806400
2023-01-23,382.1270751953125,384.05377185885095,377.443838004556,378.3976534216192,84178800
2023-01-24,381.7169189453125,382.6230260729778,379.27515395089165,380.45787568340137,59524900
2023-01-25,381.86004638671875,382.19388763784025,375.38363090426293,377.6632639518551,84800300
2023-01-26,386.05682373046875,386.2189851730942,381.55481340491326,384.51164727734886,72287400
2023-01-27,386.9438171386719,389.3092897646847,384.80727999784443,385.01712054618537,68346200
2023-01-30,382.0888977050781,386.41922765929314,381.79321726738084,384.19682153424986,74202000
2023-01-31,387.70684814453125,387.75452726560434,382.2605419006332,382.6039305400102,86811800
2023-02-01,391.8273620605469,394.5648367609675,383.7676392435468,386.49553736704746,101459200
2023-02-02,397.5312194824219,398.9905560204561,393.8113448862697,395.699880930703,101654500
2023-02-03,393.3057861328125,397.71240862486854,392.1039694138387,392.58087711398565,94736800
2023-02-06,390.9022216796875,392.29481336773335,389.25213937518635,390.86409001480433,60295300
2023-02-07,396.01458740234375,397.2545356824887,388.74651927787886,389.98646755802383,90990700
2023-02-08,391.684326171875,395.3851349400619,390.9975778529523,394.0497990721952,76227500
2023-02-09,388.2886962890625,395.42324575045114,387.067813777245,395.2706317979571,78694900
2023-02-10,389.19482421875,389.57634453776467,386.30476486771545,387.1154846300712,70769700
2023-02-13,393.7635498046875,393.8970979159843,389.38554115612743,389.84338297011766,64913500
2023-02-14,393.5823974609375,395.8810669412816,389.6431352333331,392.24703262517374,88389300
2023-02-15,394.8604736328125,394.9367660502503,390.55875725790736,391.39811939038964,61555700
2023-02-16,389.4237060546875,393.8398755116949,389.2901870501047,389.9101611679617,76431500
2023-02-17,388.450927734375,388.6893816203568,385.3891588805078,387.3063374384063,89257800
2023-02-21,380.658203125,385.49405442565177,380.4006834333242,384.44485161266954,82655900
2023-02-22,380.1335754394531,382.60395368803114,378.68375748701857,381.06829584759197,83742300
2023-02-23,382.1556396484375,383.6245233532482,377.94931070384274,383.0140675924474,96242400
2023-02-24,378.0733947753906,378.9032096079787,375.45994960459336,377.1577400402733,108194400
2023-02-27,379.3609619140625,382.7565419832926,378.4262124604374,381.4021114776833,80444700
2023-02-28,377.9588623046875,380.8393740486185,377.85392748484423,378.8840643154278,96438600
2023-03-01,376.50909423828125,378.3690459735666,375.2119192229247,377.1481633851746,99706800
2023-03-02,379.43731689453125,380.27667913690243,374.2103978176706,374.54423904245056,85127800
2023-03-03,385.5226745605469,385.7706758956866,380.60098327540186,381.24957080469574,90120000
2023-03-06,385.7897644042969,388.63214513183675,385.3510174155289,386.34296459812265,72795900
2023-03-07,379.8760681152344,385.9805102708599,379.26564136455426,385.74205640878506,108310600
2023-03-08,380.4960632324219,381.24955646245974,378.2736569852848,379.99054222005736,74746600
2023-03-09,373.4759826660156,382.93784492488635,372.4935538973947,381.2781862155012,111945300
2023-03-10,368.0868835449219,375.00204480111273,366.57032063826443,372.9322526934048,189253000
2023-03-13,367.562255859375,372.3599748381927,363.06979387547824,364.17622313398334,157790000
2023-03-14,373.6381530761719,375.27871688636895,369.17427445242896,372.46494954234544,149752400
2023-03-15,371.3012390136719,371.501532087288,365.9884805177744,368.0678201070447,172996900
2023-03-16,377.8158264160156,378.1592151165088,368.4493807575096,368.9549017850136,143254200
2023-03-17,373.39813232421875,377.62051539098667,372.019393803673,376.49072469808146,140553400
2023-03-20,376.98858642578125,377.4003145707897,373.47474047713115,374.17366441642594,93055800
2023-03-21,381.9386291503906,382.41735696574256,378.75028553737957,380.3396653906553,91524200
2023-03-22,375.4278869628906,385.3662803866766,375.3896097781942,381.7662673371417,111746600
2023-03-23,376.4427795410156,382.30240233525234,373.74274810626827,378.28107767842766,119351300
2023-03-24,378.9131164550781,378.99928396704195,372.83326654429635,375.1694609327518,107682400
2023-03-27,379.62158203125,381.94822147173227,378.7311552876925,381.18223941875726,74010400
2023-03-28,378.7694396972656,379.6215599838787,376.9406960022324,378.9321907858517,62871700
2023-03-29,384.27484130859375,384.5142052275328,381.7184217978642,382.9152413925595,77497900
2023-03-30,386.5248718261719,387.14721217774354,384.6674054592339,386.8982643494234,69840000
2023-03-31,391.9727478027344,392.2695566903632,387.3386371549544,387.44397246110736,112062600
2023-04-03,393.4664306640625,393.8685456943349,391.0632075126421,391.45576785501316,67391100
2023-04-04,391.28338623046875,394.3951168773612,389.9142025392246,394.1078626707281,66601500
2023-04-05,390.2589416503906,391.3121487439596,388.612116709327,390.555750574138,65200200
2023-04-06,391.7812805175781,392.05895083799805,388.4206018294357,389.4642249836437,63743300
2023-04-10,392.18341064453125,392.26002346239954,388.69828713147245,389.31104357827485,63681000
2023-04-11,392.28875732421875,393.68663448889265,391.52280443872803,392.8057915925013,59297900
2023-04-12,390.68975830078125,394.63450004221784,390.1057243914606,394.3472458215589,86420400
2023-04-13,395.879150390625,396.23340427170086,390.6322834184287,391.7716578689955,85814800
2023-04-14,394.912109375,397.43022215552446,392.614221890679,395.2472246625358,78161500
2023-04-17,396.3292236328125,396.3483622283168,393.6004689831214,394.82601113767913,66436400
2023-04-18,396.5876770019531,398.0334443121423,395.2185225027445,397.89938650253947,63560000
2023-04-19,396.5207214355469,397.4207029205089,394.62494861239765,394.6823936174116,55227300
2023-04-20,394.35687255859375,396.09944900781187,392.81535363221457,393.7153643600863,75840400
2023-04-21,394.6632385253906,395.122798546293,392.719604685716,394.6536546185458,73457400
2023-04-24,395.07489013671875,395.4961729182456,393.1312565298119,394.462104556598,64332100
2023-04-25,388.8035583496094,393.6674491748633,388.7461133509764,393.1121085624426,97766700
2023-04-26,387.15679931640625,390.4887558993044,386.60148782887217,389.4164101170101,80447000
2023-04-27,394.8642578125,395.1323442051522,389.4354718372607,389.68441963730396,92968400
2023-04-28,398.23455810546875,398.2441420130027,393.9260072843417,393.983452291085,89433100
2023-05-01,397.8323974609375,399.85261481140054,397.6025882410736,397.7940910544224,62122300
2023-05-02,393.3611145019531,397.1717988833843,390.46960867294274,397.1239085646286,103998500
2023-05-03,390.6609802246094,396.2621007095246,390.42161635105936,393.858878068931,91531800
2023-05-04,387.89398193359375,389.9429216709352,386.56310465857086,389.617390281609,94901900
2023-05-05,395.07489013671875,396.1185131848387,391.2546518243353,391.51315430513483,87891800
2023-05-08,395.18023681640625,395.6589646428425,393.7823597445963,395.4004621354889,50046800
2023-05-09,393.4472351074219,394.55788714476665,393.21745510632536,393.6387379211536,49220100
2023-05-10,395.2856140136719,396.9037165760063,391.47492959256664,396.2717922718493,96142900
2023-05-11,394.59619140625,394.8834164060592,392.52808374994316,394.42385640636445,70157100
2023-05-12,394.0791931152344,396.0419948569671,391.6664152391856,395.83135343149405,70481500
2023-05-15,395.4386901855469,395.8408051173054,392.77696516676,394.6822921882766,54289400
2023-05-16,392.79620361328125,395.25687179173696,392.7866197060623,394.33769327560117,57705500
2023-05-17,397.5643310546875,398.16750358670436,393.16961300605146,394.80685403141115,87287000
2023-05-18,401.39410400390625,401.81538678686417,397.0281089980014,397.24830507598523,97177200
2023-05-19,400.8100280761719,402.8206905269098,399.59407007568564,402.29410167469877,103793300
2023-05-22,400.9728698730469,402.5048047952054,399.59413136502695,400.8292573658007,60745400
2023-05-23,396.4727783203125,400.90580233866484,396.080218025508,399.33556115944674,86383500
2023-05-24,393.6004333496094,395.2568421165078,392.44192021304394,394.8738657064858,89213700
2023-05-25,397.0090026855469,398.4547701518932,394.8643112540631,397.0951701927873,90961600
2023-05-26,402.1505432128906,402.8686350068501,397.58348992223114,397.66007352379233,93830000
2023-05-30,402.3036804199219,404.60156797851874,400.9249420409186,404.074979094816,72216000
2023-05-31,400.0728759765625,401.38458562978974,398.5122184875182,400.4845749210063,110811800
2023-06-01,403.8739318847656,404.9271388982078,399.05793134165066,400.3026119453019,88865000
2023-06-02,409.7145080566406,410.49959962377613,405.91340727592353,406.4399962901375,91426200
2023-06-05,408.9293212890625,411.34209905139056,408.23036813311154,410.0591119636998,65460200
2023-06-06,409.8197326660156,410.34632157550055,407.8665149969257,408.51760703277364,64022200
2023-06-07,408.4026794433594,411.3420751836078,407.9813966367141,410.21228457452565,85373300
2023-06-08,410.8729553222656,411.32296065481773,407.70377939997076,408.4697322463781,61952800
2023-06-09,411.61016845703125,413.6112472123868,410.62399032938276,411.6676134571485,85742800
2023-06-12,415.34423828125,415.4208510939883,411.86869890795646,412.58679062643665,76104300
2023-06-13,418.08258056640625,418.72405947829276,416.13894679853814,416.7995935234062,95899700
2023-06-14,418.5804138183594,420.3804349424088,415.1431518715733,418.41766273627127,100612100
2023-06-15,423.7698974609375,425.0145781797127,417.6709093443267,417.7666315386717,110303100
2023-06-16,422.326416015625,426.31461080665895,421.8555294193706,425.74761712421093,114165800
2023-06-20,420.1352844238281,421.278891227802,418.0691141682308,420.39477647392715,76160400
2023-06-21,417.9826965332031,419.9527600379521,417.3964637735576,419.1551327247259,76982300
2023-06-22,419.491455078125,419.59715234538584,416.69490598831976,417.0312661321085,70637200
2023-06-23,416.320068359375,418.09794671553647,415.60892874801584,416.0509861285015,92074500
2023-06-26,414.619140625,417.6655331304873,414.37888755488666,415.75312807727073,72823600
2023-06-27,419.1646423339844,419.7796748008038,415.04189239248745,415.49356923295693,72813700
2023-06-28,419.37615966796875,420.3852108229733,417.4733448104481,418.08837741440095,75636000
2023-06-29,421.02899169921875,421.1923766583561,418.5592129227273,418.96282157604776,67882300
2023-06-30,425.99749755859375,426.97771946925525,423.91208812792,424.22923858544607,104964000
2023-07-03,426.4876403808594,426.7663128211192,425.3728626365197,425.6515644045463,32793400
2023-07-05,425.85333251953125,426.58371116207974,424.67127697873804,424.68089648543395,58418400
2023-07-06,422.5186462402344,422.94149397333916,420.0200085430969,422.2880126868195,80658300
2023-07-07,421.4518737792969,425.38243934770526,421.21162073773354,421.5287711761449,86134200
2023-07-10,422.5186462402344,422.69162140529556,420.52934385873226,421.0963375627214,62443500
2023-07-11,425.20947265625,425.6995982894802,422.3072262142427,423.27785797330125,64463800
2023-07-12,428.63067626953125,430.03377528061355,427.5639667416878,428.98627543991233,91924500
2023-07-13,432.0326232910156,432.82066029903234,430.0049017154937,430.43733958982216,72425200
2023-07-14,431.76361083984375,433.7625035467968,431.00440290074886,432.9168373466267,69815800
2023-07-17,433.2627868652344,434.3102867651178,431.5713958126242,431.6194640248455,52680200
2023-07-18,436.4821472167969,437.12600898753516,432.5035425061128,432.93600974084484,80668200
2023-07-19,437.4527282714844,438.6347544080096,436.40519925341147,437.27013362266524,65891700
2023-07-20,434.55047607421875,437.35664451536627,433.8393364531686,436.4629102357604,70591600
2023-07-21,434.55047607421875,436.4629102357604,434.54088589539646,436.2610765640321,71275600
2023-07-24,436.49176025390625,437.29900699604326,434.6658135812287,435.6941036910491,54023400
2023-07-25,437.68341064453125,438.93271480747865,436.1746144107411,436.2226826187103,55191200
2023-07-26,437.7507019042969,439.1729812727202,435.70374110756154,436.7512409467643,71052900
2023-07-27,434.8484191894531,441.5274659900454,433.94506533743083,441.1238279449385,92194400
2023-07-28,439.1056823730469,439.93213874075076,434.84837627989594,438.10622153007387,80011800
2023-07-31,439.9417419433594,440.2973117315323,438.2695609294814,439.57655264920487,62040400
2023-08-01,438.6828918457031,439.42286073607613,437.7314697549184,438.4810581528829,55291500
2023-08-02,432.5804443359375,435.83826057949295,431.83085596175755,435.5787978326574,93933400
2023-08-03,431.3406982421875,433.2146837020939,429.92800918121173,430.5719002384005,64276100
2023-08-04,429.389892578125,435.2424538180626,428.8709377374494,433.14745409560885,100128900
2023-08-07,433.1378173828125,433.2915828601554,430.523862923515,431.2157929076751,58357500
2023-08-08,431.25421142578125,433.12819688898776,427.90987851511386,430.61032036745866,71361300
2023-08-09,428.37115478515625,431.6866583480253,427.61194699451505,431.5232733825344,78789600
2023-08-10,428.5249328613281,434.08920144153984,427.36211636743525,430.7160393980688,93005500
2023-08-11,428.2751159667969,429.284196455691,426.0647994577727,426.660622377887,68690900
2023-08-14,430.6391906738281,430.6391906738281,427.05463370611966,427.3621646686425,47867400
2023-08-15,425.6227111816406,429.22650696420783,425.0556881700834,428.87090781167177,75707500
2023-08-16,422.4994201660156,426.8623944636419,422.3936935729571,425.20945229682616,80107200
2023-08-17,419.28009033203125,424.2196786069941,418.7611354463807,423.96021582805366,95711300
2023-08-18,419.48187255859375,420.51016276710396,416.1279489876274,416.47389934127483,98852000
2023-08-21,422.2111511230469,422.9511200549091,418.3478921365852,420.49093085043074,68719000
2023-08-22,421.0675354003906,423.9794015102556,420.51016116793335,423.9794015102556,64994200
2023-08-23,425.75726318359375,426.3723251113796,421.98049201554073,422.1246379899384,68441000
2023-08-24,419.85662841796875,427.86184703074184,419.8277698977074,427.3525117447883,88517300
2023-08-25,422.8165283203125,424.09466161039535,418.0402966316632,421.576814401286,102325100
2023-08-28,425.497802734375,426.11283533772524,422.81657028498825,424.9980575834004,61595400
2023-08-29,431.6482849121094,431.9269866887697,425.20949081985793,425.3920855016939,83081900
2023-08-30,433.4261474609375,434.0604190699575,431.2830795696017,431.9846290752829,69053900
2023-08-31,432.79180908203125,435.17510034218884,432.6092144351305,434.04111309241955,66084600
2023-09-01,433.5991516113281,435.98247272624644,432.1480136212197,435.50196656557677,58944100
2023-09-05,431.72509765625,433.4741468434639,431.65784909348326,433.1570257317341,55166200
2023-09-06,428.8228759765625,431.0236021823755,426.5068329962555,430.91787558724553,70758500
2023-09-07,427.5063171386719,428.17900813567496,425.4881854921281,425.8341358343982,70355400
2023-09-08,428.1501159667969,429.67812174261354,427.1987233377208,427.5542931353447,61659700
2023-09-11,430.9659118652344,431.2734134651807,429.0630972437641,430.7640781970579,60180100
2023-09-12,428.601806640625,431.042785754672,428.02522280308654,429.5243994362143,67565400
2023-09-13,429.1015930175781,430.2547901313596,427.72732319853264,428.8228912507801,60199300
2023-09-14,432.8014221191406,433.4933520471616,430.26436526823954,431.5617375492493,83430800
2023-09-15,427.5869140625,431.5506216241027,427.15295081713646,431.2227284727568,111848900
2023-09-18,427.837646484375,429.1299415798166,426.8057293230556,427.27827686575546,55752200
2023-09-19,426.950439453125,427.50980914474906,424.2790562688864,426.92150856778005,66514600
2023-09-20,423.0252990722656,428.61881878957314,422.8227534657827,428.20413300123477,82562600
2023-09-21,416.033447265625,420.4503960530066,415.87913939371765,420.1900180742226,104095800
2023-09-22,415.0979309082031,418.64692328267273,414.6832156713709,417.05566583396023,100829700
2023-09-25,416.84356689453125,416.88212179144216,413.4585058081921,413.8924985638014,70874500
2023-09-26,410.7195129394531,414.5192590302796,409.8901119465823,413.81523500166236,96168400
2023-09-27,410.8835144042969,412.4458705721393,407.2573824202832,411.88650085704063,104705800
2023-09-28,413.26556396484375,414.93399013925836,409.745502299644,410.333802865898,92258300
2023-09-29,412.2625732421875,416.47700522910236,410.7484550545368,416.30341993440965,115111300
2023-10-02,412.0986328125,413.34271968319354,409.35008111589474,411.4331930512835,83798600
2023-10-03,406.5822448730469,412.15648738227026,405.2224344904491,409.92872106622235,103760600
2023-10-04,409.5429992675781,410.28557828924926,405.58894477181923,407.0452013606301,87453000
2023-10-05,409.3886413574219,410.2276663727646,406.1771957071079,409.25361095296023,70142700
2023-10-06,414.249267578125,415.7826633161712,405.62751083875975,406.9487369471333,113273300
2023-10-09,416.9013671875,417.47036086082164,411.80932558041656,412.3590123769111,80374400
2023-10-10,419.0712890625,421.6558795794434,417.1328314591845,417.52823984465374,78607300
2023-10-11,420.7879333496094,421.0386578835823,417.7596966141307,420.13214698196236,62451700
2023-10-12,418.2225341796875,421.7715261310575,415.8790446110826,421.39542469186426,81154200
2023-10-13,416.1394958496094,420.9132978989336,414.5771691952751,419.7174193113071,95143100
2023-10-16,420.51788330078125,421.578731455087,418.135809030701,418.3769095461698,75433200
2023-10-17,420.49853515625,422.54309204899533,417.0556425009614,417.4028130821822,75324700
2023-10-18,414.8953857421875,419.68846496991176,413.8152601862858,418.733716385894,93559800
2023-10-19,411.24993896484375,417.41248188933355,410.57487522165394,415.60905485320427,121323000
2023-10-20,406.1965637207031,411.3561213610466,406.09046417479595,410.81605848520843,123919900
2023-10-23,405.4924621582031,409.3404462034215,402.9271492717955,404.6727145608842,92035100
2023-10-24,408.5496520996094,409.69729291312706,405.7625160007192,407.60452747929617,78564200
2023-10-25,402.68603515625,406.9004965329498,402.1749032838704,406.8715656507854,94223200
2023-10-26,397.8640441894531,402.4738846980561,396.9478799231693,401.6252356371067,115156800
2023-10-27,396.06060791015625,399.8410767152927,394.64293578713176,399.4456683619361,107367700
2023-10-30,400.79583740234375,401.84703208667196,397.5458072598068,398.8381024524088,86562700
2023-10-31,403.3128967285156,403.6311364139704,399.4649130352955,401.36478600442194,79665200
2023-11-01,407.6141357421875,408.4242298564383,403.7468744665271,404.27731320299,98068100
2023-11-02,415.4258728027344,415.58018067597357,411.375372066054,411.3946495135024,94938900
2023-11-03,419.2159423828125,420.75899159658866,417.59575395239466,417.72113093175125,100167800
2023-11-06,420.18035888671875,420.6239756178728,418.2419012219719,419.96818924465083,67831700
2023-11-07,421.3761291503906,422.01263795735434,419.04229295606825,420.1802801725134,64256100
2023-11-08,421.6847839355469,422.4948781019278,419.38950241519393,421.97409276953505,61746000
2023-11-09,418.3961486816406,422.86133452826135,417.97180945877307,422.82275020857907,83174400
2023-11-10,424.9251708984375,425.23378661631307,418.38652621092507,420.4600141525394,89462200
2023-11-13,424.5201110839844,425.61951403994044,422.81313016998365,423.5942934214088,52236100
2023-11-14,432.7561340332031,434.0387757848984,430.2100985439841,430.43192160638574,97176900
2023-11-15,433.67230224609375,435.3117974864374,432.82362374197305,434.08698805976627,77327600
2023-11-16,434.2027587890625,434.52099852551896,432.16785509736394,433.22870327091186,66665800
2023-11-17,434.7427978515625,435.3503758373704,433.29619481153003,434.2123590781554,83133200
2023-11-20,438.0892639160156,438.92828895080976,434.482380406505,434.4920338445369,69936200
2023-11-21,437.1344909667969,437.9638920043512,435.87112668099957,437.0476983171483,49244600
2023-11-22,438.82220458984375,440.1338066653199,437.73245500948576,438.783649698811,59394900
2023-11-24,439.09222412109375,439.2851162959046,438.54253734218906,438.87043049439643,29737400
2023-11-27,438.3014831542969,439.275509275739,437.9156987639097,438.46541503211625,50506000
2023-11-28,438.7354431152344,440.0277384058116,437.35635516684414,437.91569543871145,62115000
2023-11-29,438.42681884765625,442.0047717825631,438.0314398912728,440.87640839051414,63146000
2023-11-30,440.1530456542969,440.500245661758,437.201978031331,439.26581233862987,79752700
2023-12-01,442.7569580078125,443.2873673280454,438.9572118254806,439.54548291042204,89183400
2023-12-04,440.4327392578125,442.77622898793436,438.1663887357716,439.3815446393366,72430900
2023-12-05,440.34600830078125,441.3007569694989,438.6775820590756,439.05371300809566,69793500
2023-12-06,438.5714416503906,442.50618866967005,438.1374489989706,442.47725778832285,69124700
2023-12-07,441.91796875,442.5641016519375,440.0470263897846,440.6449509609681,66995400
2023-12-08,443.8177795410156,444.3481888295322,440.93419775980436,441.1752982420776,83194400
2023-12-11,445.54412841796875,445.7177431682356,443.11384565762216,443.32601530242187,65002200
2023-12-12,447.5789794921875,447.67542557959507,444.20357245141867,445.1969053461678,68327600
2023-12-13,453.7511901855469,454.0019441507163,447.5983000495941,447.9551241192789,93278000
2023-12-14,455.2073974609375,456.86617007826965,452.545638522815,455.6799450229731,119026000
2023-12-15,454.4578552246094,455.78446747908214,452.61806834578147,454.61278868974205,141553700
2023-12-18,457.0142517089844,457.9922563619539,455.00017559306576,456.05563220988086,70375300
2023-12-19,459.7933349609375,459.8708164807692,457.4790843028072,457.5565362720974,55761800
2023-12-20,453.4218444824219,460.8197337409229,452.9957847839671,458.9412058569742,102921000
2023-12-21,457.7211608886719,457.99228710614074,453.98346065798535,456.39454843299563,86667500
2023-12-22,458.64105224609375,460.31624293413637,456.75286124971245,458.8443895271257,67160400
2023-12-26,460.5776672363281,461.4781904417408,458.97026552475677,459.0477470448917,55387000
2023-12-27,461.4103698730469,461.5556107658659,459.8417091295261,460.37426892004174,68000300
2023-12-28,461.584716796875,462.41745105376606,461.16834966842947,461.76869846768426,77158100
2023-12-29,460.2484130859375,461.9139110481109,458.3020963459827,461.39101424995863,122283100
2024-01-02,457.6727600097656,458.6604573760186,455.5812020907248,457.1982964831812,123623700
2024-01-03,453.93505859375,456.2590018309508,453.3347097921151,455.5230751447963,103585900
2024-01-04,452.472900390625,456.03628201144517,452.2501779578706,453.46056814569334,84232200
2024-01-05,453.0926208496094,455.53275675735284,451.6498156943496,452.67622417899463,86118900
2024-01-08,459.5609436035156,459.7061845131588,453.4605594436324,453.58644474883687,74879100
2024-01-09,458.8637390136719,459.88045489034096,456.4139106022468,456.91742225203353,65931400
2024-01-10,461.4588317871094,462.32064377730035,458.85406976244286,459.1348885576282,67310600
2024-01-11,461.2555236816406,462.9694256422812,457.2951303185307,462.4562213568548,77940700
2024-01-12,461.57501220703125,463.43418447136196,460.1709773696293,462.69825780727723,58026400
2024-01-16,459.88043212890625,461.5071892712775,458.0696933340662,460.1999916518418,85014900
2024-01-17,457.3241271972656,457.80828324431627,454.9807989273028,456.8690193310164,68843900
2024-01-18,461.3910217285156,461.9429667160371,457.4500139514087,458.98962663985805,91856200
2024-01-19,467.14288330078125,467.42370213442234,461.43953937262995,462.5143518126165,110834500
2024-01-22,468.1305236816406,469.8444255597238,467.4817415348223,468.6727761250073,75844900
2024-01-23,469.49578857421875,469.737866598163,467.5882421140563,468.67274693324026,49945300
2024-01-24,470.009033203125,473.2819033399484,469.51518456670595,472.3523319806955,81765000
2024-01-25,472.56536865234375,472.8364948673133,470.0090399898508,472.1296163726771,72525000
2024-01-26,471.9650573730469,473.62086297641906,471.1226304792355,472.1393464785506,76641600
2024-01-29,475.7026672363281,475.8479376894722,471.73261132928997,472.27486373270614,61322800
2024-01-30,475.334716796875,476.04156568160744,474.5794050287412,475.0151572718124,58618400
2024-01-31,467.5784912109375,473.5820077255496,467.55910605909446,473.1365924912047,126011100
2024-02-01,473.6982727050781,473.7273208849261,468.4693639281419,469.2730794881658,91891600
2024-02-02,478.68505859375,480.3311713166732,473.795065105255,474.13398022632504,99228200
2024-02-05,476.9421081542969,478.7141358274664,474.69564656369516,478.0556906983339,75757100
2024-02-06,478.3268737792969,478.65609638301095,476.4580087647838,477.88142888849836,55918600
2024-02-07,482.3162536621094,482.73262076498764,479.6630584646698,480.56361115879434,70556500
2024-02-08,482.5293273925781,482.9069537723974,481.50291885696174,482.31629753326854,52343600
2024-02-09,485.31805419921875,485.7537769299286,482.693907035265,483.0328221928446,63979400
2024-02-12,485.1050109863281,487.5451468627196,484.38843993132826,485.2889926510743,56502300
2024-02-13,478.42364501953125,481.3382739920692,475.1701304413372,478.8593972990049,113099200
2024-02-14,482.7713623046875,483.2555183461787,478.73348791641325,481.0477679790003,68387800
2024-02-15,486.1023254394531,486.2863070868507,482.9940225863916,483.46851556940845,61683000
2024-02-16,483.68157958984375,486.9350940149201,482.94565294822615,485.8021854224716,75532900
2024-02-20,481.0187683105469,482.61647749849317,478.7819695373135,481.94833972980865,71736700
2024-02-21,481.4544372558594,481.609370733512,477.92010410161913,479.7211799226085,59293400
2024-02-22,491.41839599609375,492.3770155291545,487.0803471035888,488.0389961871901,76402500
2024-02-23,491.7572937011719,493.9650440524054,491.03105964418,493.1322803007743,61321800
2024-02-26,489.95623779296875,492.62878868752523,489.83035248988597,492.19303641539864,50386700
2024-02-27,490.866455078125,491.089177503547,488.75554175218684,490.6437622032437,48854500
2024-02-28,490.21771240234375,490.798676044666,488.9588888927158,489.3171596556616,56506600
2024-02-29,491.9800109863281,493.5874126583201,489.3365378000111,491.9703479594554,83924800
2024-03-01,496.5988464355469,497.02490613181874,492.4448087227075,492.85151281479995,76844800
2024-03-04,496.06622314453125,497.90603957518726,495.7757413662892,495.8048190946503,49799300
2024-03-05,491.1085510253906,494.5170287187888,488.910493074669,494.0715838516931,72855600
2024-03-06,493.5970764160156,495.84356750478094,492.3092343684573,494.3717142498123,68382400
2024-03-07,498.4967346191406,499.54252820351775,493.65517426694095,496.8796700098079,58652100
2024-03-08,495.50469970703125,501.7986991966138,494.93339907868494,499.1262072798715,86532500
2024-03-11,495.0785827636719,495.6595759026315,492.38667645201275,494.30394494541804,62557200
2024-03-12,500.40435791015625,500.98532153263085,494.6719076966977,497.17986205272086,73114400
2024-03-13,499.61993408203125,500.8981130648415,498.1868511775515,500.72382399005966,55104100
2024-03-14,498.63238525390625,500.74329878336124,495.60156330308416,500.5883357328746,110171800
2024-03-15,495.2084045410156,497.0247990949515,493.5474544938414,495.57751113868864,107646300
2024-03-18,498.15155029296875,500.696405939081,497.74361217385916,499.25887018669476,88893300
2024-03-19,500.9197998046875,501.201461454095,496.4614118820625,497.4619006203073,60755300
2024-03-20,505.5529479980469,505.688947116047,500.30785211015336,500.9780657234889,69594600
2024-03-21,507.2236328125,509.0788290865272,506.9419118942698,508.37950670617295,60256100
2024-03-22,506.2621154785156,507.6219289738799,506.02894869657956,507.1362685930967,79070800
2024-03-25,504.8633728027344,506.00952410002293,504.70792829326916,504.8924815953154,48512100
2024-03-26,503.9308776855469,506.62145492992863,503.5326622935472,506.28145712240774,65463700
2024-03-27,508.1658020019531,508.20469276971767,504.59134916532923,506.7477118115157,82999800
2024-03-28,508.0687561035156,509.56456872863964,507.78709442613604,508.20475523799445,96294900
2024-04-01,507.1847229003906,509.3410853944928,506.0288490503505,508.8068709377706,62477500
2024-04-02,503.9601135253906,504.0960533819684,501.6677513647756,503.37728547043406,74230300
2024-04-03,504.5136413574219,506.00951312621123,502.8235528830779,502.87210705946654,59155800
2024-04-04,498.35546875,508.84571940239897,498.05436173454603,508.50578090533,96858100
2024-04-05,503.5617980957031,505.51416224528475,499.26857707601863,499.70568326072845,74546500
2024-04-08,503.8434143066406,505.2615637846118,503.0372608598177,504.26113435269997,48401800
2024-04-09,504.4262390136719,505.81522040681716,499.5987446322458,505.57239024819654,68049200
2024-04-10,499.37542724609375,501.3569002653356,497.4036769200619,498.75376772780487,82652800
2024-04-11,503.14404296875,504.58157840612773,497.3938419345378,500.8905721872355,70099000
2024-04-12,496.19921875,501.0266841379513,494.4799620247676,499.61825717169796,92561100
2024-04-15,489.9826965332031,500.5215015015242,489.13762269781876,500.3563935965436,92101400
2024-04-16,489.089111328125,491.97393499543114,487.80696088879887,490.45867707344763,73484000
2024-04-17,486.194580078125,491.7019816659058,484.8055985468662,491.5368440989878,75910300
2024-04-18,485.194091796875,489.6718955124249,484.26163225086344,487.58356199441425,74548100
2024-04-19,480.9591369628906,486.1071245547147,479.6964023315547,485.1163881622374,102212600
2024-04-22,485.38836669921875,487.9720832401042,481.22139272247443,483.5525564034497,67961000
2024-04-23,491.1483154296875,491.5756989172583,485.2038373746558,487.3893089914972,64633600
2024-04-24,490.9151916503906,492.81897189579723,488.7005816711836,492.0322045112339,55928100
2024-04-25,489.05029296875,489.8079219959981,483.2223682538086,484.8639027532391,69122400
2024-04-26,493.68341064453125,495.25694525145303,491.19683231516194,491.82818476774327,64306100
2024-04-29,495.4318542480469,496.1020679300017,492.70244534017297,495.4609926845512,46415400
2024-04-30,487.58355712890625,494.94615471248864,487.58355712890625,493.9748340493992,77483600
2024-05-01,486.00030517578125,493.6154557030375,485.5340605810027,487.00076428433056,80242800
2024-05-02,490.54608154296875,491.3814327412964,485.22323354848663,489.69131460230034,62550200
2024-05-03,496.6265563964844,497.8504002906167,493.97484028154764,496.5002799659129,72756700
2024-05-06,501.7551574707031,501.79398895747323,498.5789197070483,499.0160258932404,47264700
2024-05-07,502.3088073730469,503.6977888774315,501.63859371019026,502.7167454724822,52561300
2024-05-08,502.35736083984375,502.8915753738944,500.3661652394486,500.48271898197925,42047200
2024-05-09,505.25189208984375,505.2907828616112,501.89116027589216,502.541928571153,43643700
2024-05-10,505.9027404785156,507.65110602328485,504.68858950510435,506.8448931772194,52233200
2024-05-13,505.9706115722656,507.6801453946088,504.8341830162767,507.57331435188917,36716400
2024-05-14,508.29205322265625,508.80688159235103,505.63064428986746,506.1648587577762,57535900
2024-05-15,514.5862426757812,514.8776269913382,510.1181324599974,510.7495145476232,59504900
2024-05-16,513.5274658203125,516.2763195865357,513.3817440234014,514.6833396504084,50244800
2024-05-17,514.2656860351562,514.3336855890079,512.1967684847502,513.6440266439718,59187600
2024-05-20,514.8582763671875,516.3152574978291,513.9937866680089,514.3823386833988,37764200
2024-05-21,516.1209106445312,516.2763551432357,513.8966077662355,514.1006064390205,33437000
2024-05-22,514.6348266601562,516.1403617816678,512.4687413388463,515.4313166919542,48390000
2024-05-23,510.8758544921875,517.7819304108156,509.67136703027006,517.6750993626108,57211200
2024-05-24,514.2561645507812,515.0623775365141,511.7695852978517,512.7117381597728,41291100
2024-05-28,514.615478515625,515.2954149429256,511.9929004587325,515.0623074329295,36269600
2024-05-29,511.0118408203125,512.1871603116153,510.3027956190019,510.6039026906956,45190300
2024-05-30,507.6218566894531,510.13760318894674,506.3785971197376,509.47711227930006,46377600
2024-05-31,512.2454833984375,512.3717598545443,503.49387285830494,508.5739213312315,90785800
2024-06-03,512.6630859375,514.1297897725609,507.61220612199116,513.848128094292,46835700
2024-06-04,513.2362060546875,513.9744193400643,509.90458286176136,511.36156404562087,34632700
2024-06-05,519.336181640625,519.3556270317073,513.566532538453,515.548065317514,47610400
2024-06-06,519.3262939453125,520.0645071551455,517.4030979505338,519.637123680227,30808500
2024-06-07,518.6949462890625,521.4923544849469,517.2670741151577,518.3549484930342,43224500
2024-06-10,520.297607421875,520.6181598447974,517.2962597313128,517.8887511155715,35686100
2024-06-11,521.5505981445312,521.6088750080388,516.7911035808329,518.7531901267605,36383400
2024-06-12,525.8341674804688,528.5150221365492,524.8045698950608,526.0964430443454,63251300
2024-06-13,526.8928833007812,527.7476501909825,524.1149205499801,527.572819593174,44760900
2024-06-14,527.2134399414062,527.2425487322553,524.3674183253244,525.367907030757,40089900
2024-06-17,531.4096069335938,532.7986479029511,526.0770650167459,526.5336166388124,55839500
2024-06-18,532.7597045898438,532.8859810291509,531.0501705974204,531.4678314025467,41376400
2024-06-20,531.3124389648438,534.3429548976981,529.5446281232266,533.6824639158926,70328200
2024-06-21,530.6001586914062,531.7110509477889,529.1482311958065,530.4929829849066,64338600
2024-06-24,528.8753662109375,532.9778406049528,528.7584364421938,530.4247748607555,45528700
2024-06-25,530.9119262695312,531.2724695843536,528.5829663352164,530.0933585291979,37936200
2024-06-26,531.5746459960938,532.2859786981767,529.1580180403218,529.8011317951398,38550600
2024-06-27,532.4125366210938,532.9874907686532,530.6974877125363,531.4380824208646,35041500
2024-06-28,530.3175048828125,536.2227551968151,529.0799883321372,533.1824029810238,76144500
2024-07-01,531.4089965820312,531.9351805545184,528.6610279959765,531.6915669508893,40297800
2024-07-02,534.9850463867188,534.9850463867188,529.7619867686219,529.8106975776499,40434800
2024-07-03,537.3726196289062,537.7331629819162,534.6344052723863,534.6733620352073,32789900
2024-07-05,540.4713745117188,540.8708746254604,537.041276170241,537.6746952876072,41488400
2024-07-08,541.094970703125,542.0401627530802,540.0327894282602,541.2508572097279,36110500
2024-07-09,541.6212158203125,542.946459442177,541.3288914148972,542.0499781069125,27289700
2024-07-10,546.980712890625,547.3217481165079,542.5469575742852,542.8392819787523,38701200
2024-07-11,542.2642211914062,547.964813600151,541.6308616855196,547.0975351406863,53054200
2024-07-12,545.6847534179688,549.2707387585696,542.9173360080182,543.3850551249718,53084400
2024-07-15,547.185302734375,550.4107438001307,545.3338159394242,547.6725298408394,40584300
2024-07-16,550.43017578125,550.7225001410881,547.7406727188134,548.4910214723672,36475300
2024-07-17,542.7125854492188,546.1913944708481,542.3909988738491,544.5250561904461,57119000
2024-07-18,538.5418701171875,545.2266716040288,536.3688561297039,544.2424632762184,56270400
2024-07-19,534.965576171875,539.9255739822243,533.9131490329083,538.3079467810027,65509100
2024-07-22,540.4810180664062,541.0851748813053,536.9437447439699,538.8731449285856,43346700
2024-07-23,539.6331787109375,542.5175245613854,539.1459516982587,540.3737138104082,34439600
2024-07-24,527.4039306640625,535.1411009025868,526.4879411580819,534.8390224206132,74515300
2024-07-25,524.6558837890625,533.4747422855404,523.7204457786454,527.520781647899,61158300
2024-07-26,530.5319213867188,533.2116708123141,527.6572691986129,528.4271261891337,53763800
2024-07-29,530.84375,533.0752290029756,528.8558251034021,532.0715719711993,39515800
2024-07-30,528.1542358398438,533.3578480228961,524.7631538745112,532.3054207151831,46853600
2024-07-31,536.7391967773438,539.3604813512061,533.5917282671721,534.9559286681133,65663400
2024-08-01,529.1384887695312,540.6955035812163,525.6499253938641,538.4542703754322,76428700
2024-08-02,519.2867431640625,523.272228120303,515.096541908473,522.0639142511643,82789100
2024-08-05,504.16314697265625,510.20477524600585,497.234761759116,498.56978906774395,146267400
2024-08-06,508.8112487792969,516.217076391605,504.6405565461619,505.95604583388763,84826300
2024-08-07,505.410400390625,518.0101458143887,504.8159975896984,514.9697939251986,70698300
2024-08-08,517.0941772460938,517.7177827712244,508.5092375881122,510.52630556896884,63276600
2024-08-09,519.3744506835938,520.8556404311238,515.0576247493872,516.2756927717697,45619600
2024-08-12,519.647216796875,522.0443360943832,517.3864758873478,520.563206135425,42542100
2024-08-13,528.1931762695312,528.4270952564345,522.5803695792055,522.8239831490899,52333100
2024-08-14,529.8594970703125,531.0386081211183,526.3222233938623,528.9824644571885,42446900
2024-08-15,538.9413452148438,539.2239154972127,534.8583800886926,535.4625368826945,60846800
2024-08-16,540.1497192382812,540.8416031495808,537.1776457463574,537.3335322529779,44430700
2024-08-19,545.314453125,545.314453125,539.7113399076779,540.559110540742,39121800
2024-08-20,544.4276733398438,546.5130199847447,543.0926755989435,544.8661897055061,33732300
2024-08-21,546.2984619140625,547.7503890311748,540.558912894909,545.4701997056032,41514600
2024-08-22,542.0109252929688,548.79314842079,540.8026115148097,548.1889915317105,56121500
2024-08-23,547.7699584960938,548.7054559638492,543.053573875613,545.2364013003757,50639400
2024-08-26,546.4642944335938,549.5045875863843,544.7687531917659,548.7932548639113,35788600
2024-08-27,547.2145385742188,547.7017657101911,544.057316249273,545.197411094177,32693900
2024-08-28,544.0377807617188,547.3022380940843,540.8610504788411,546.8734758569603,41066000
2024-08-29,544.0865478515625,549.2804060501943,542.9464529460971,545.9964997373786,38715200
2024-08-30,549.2803344726562,549.7870696872616,542.9074254374239,546.4446989296116,62700100
2024-09-03,537.9767456054688,546.4837125964749,535.4723909219692,546.1523719656589,60600100
2024-09-04,536.8756103515625,540.2666922950722,535.4236829556569,536.1447696240151,47224900
2024-09-05,535.56982421875,539.6527901961324,533.1239343608661,536.817154296066,44264300
2024-09-06,526.5560913085938,537.5089477091443,525.659610039857,535.8913798019039,68493800
2024-09-09,532.4515380859375,533.718376233379,528.8168426461983,530.7365485093424,40445800
2024-09-10,534.7706909179688,535.1215396263949,529.4989199451313,534.3516827554222,36394600
2024-09-11,540.2569580078125,541.1729474655668,526.1663863296421,534.683107736862,75248600
2024-09-12,544.8076782226562,545.1097566752126,538.619857760852,540.831888043875,51819600
2024-09-13,547.6531372070312,548.6470997461229,545.1585362749396,545.4119039398827,39310500
2024-09-16,548.4618530273438,548.7249152296453,545.5969551700833,547.389917673041,36656100
2024-09-17,548.6859741210938,552.1063181322738,546.4641898322706,550.6640853659264,49321000
2024-09-18,547.0587158203125,554.1624668793891,546.5032696834501,549.3389057758787,59044900
2024-09-19,556.3939208984375,558.2454079377469,553.5680389935643,556.4231830771506,75315500
2024-09-20,555.43212890625,556.4682163688195,552.4215869805491,555.0314034219361,77503100
2024-09-23,556.8200073242188,557.465153194272,555.2854144616904,556.4974940475859,44116900
2024-09-24,558.4132690429688,558.471913246618,554.7967173955426,557.6117584874984,46805700
2024-09-25,557.181640625,558.9899461465259,556.0771251545262,558.2568638249757,38428600
2024-09-26,559.3907470703125,561.7464186568862,557.0449191197562,561.4238456875147,48336000
2024-09-27,558.5794677734375,561.2674367221593,557.5531642883332,560.4562017753216,42100900
2024-09-30,560.8177490234375,561.423758958094,555.2658795088603,557.5530628987858,63557400
2024-10-01,555.7937622070312,561.1110557410046,553.2328657284514,560.4659694617594,72668800
2024-10-02,556.0282592773438,557.0448382675937,552.519272009238,554.9042355240985,38097800
2024-10-03,555.0117797851562,556.9470981426042,552.7343205282026,554.562134456547,40846500
2024-10-04,560.0554809570312,560.4269142089146,555.2855525566004,559.4396868635619,42939100
2024-10-07,554.9922485351562,559.0584457401652,553.8486566717974,558.413299806086,49964700
2024-10-08,560.2411499023438,560.8374356454558,556.6833016920415,557.5531808736639,37398700
2024-10-09,564.12158203125,564.6787318135322,559.6350914993983,560.2313175326061,37912200
2024-10-10,563.1343994140625,564.5517040960426,561.5313781232933,562.7825341526946,44138100
2024-10-11,566.506591796875,567.2396742554129,562.9193320123793,563.0561883893231,42268000
2024-10-14,571.1396484375,572.0682314590191,567.6306009114653,568.1095385598273,36217200
2024-10-15,566.7020263671875,571.7065305951428,565.4899467305453,571.4035256005812,54203600
2024-10-16,569.1652221679688,569.6832957534668,565.900594951752,566.7021056174783,30725400
2024-10-17,569.2139892578125,572.8989689898087,569.0282726746998,572.6936844531912,34393700
2024-10-18,571.403564453125,572.1855071059618,569.4388940141822,570.8952748825009,37416800
2024-10-21,570.4652709960938,571.6577232551329,567.503588989503,570.6802798985141,36439000
2024-10-22,570.1621704101562,571.3155462187071,567.288485036852,567.9433552717076,34183800
2024-10-23,564.9523315429688,568.5884509212708,561.462852493989,568.1485895916966,49314600
2024-10-24,566.1742553710938,566.975766047179,563.5644984283806,566.8975538777448,34979900
2024-10-25,565.9786987304688,571.2764839191195,565.0403914237966,568.393014498126,47268200
2024-10-28,567.7283325195312,569.5659304498093,567.4253275234959,569.4388580651755,30174700
2024-10-29,568.6472778320312,569.7615179910025,565.3825905578769,566.7705435106244,42899700
2024-10-30,566.9268188476562,570.1621533327376,566.2230287475197,568.1779150746601,41435800
2024-10-31,555.8132934570312,562.6456116079135,555.6177928931281,562.5771834276276,60182500
2024-11-01,558.1591796875,562.5674583510357,557.7486702212007,558.4328924373011,45667500
2024-11-04,556.9568481445312,559.5861724591027,555.0801741045641,558.2959404133777,38217000
2024-11-05,563.6915283203125,563.7306045728799,557.6509362573997,557.8659451341218,39478300
2024-11-06,577.7080078125,578.57794657906,572.1854895240832,575.9095457320777,68182000
2024-11-07,582.1749267578125,583.1915058614667,579.6238143381844,579.7020264980958,47233200
2024-11-08,584.69677734375,586.1140819812399,582.722322897382,582.722322897382,46444900
2024-11-11,585.2539672851562,586.6321361059588,583.5336575099662,586.2802708315078,37586800
2024-11-12,583.4358520507812,585.7718958867575,580.9628921945897,585.175669871058,43006100
2024-11-13,583.7192993164062,585.7132619411553,581.5396200997641,583.8952319310844,47388600
2024-11-14,579.9659423828125,584.3253608590082,579.2817798181851,583.8464232004079,38904100
2024-11-15,572.5374145507812,576.8870491794336,570.6900323906797,576.4178358264271,75988800
2024-11-18,574.8832397460938,576.1929802203847,572.1366267509276,572.9967218779136,37001700
2024-11-19,576.9846801757812,577.7079785622685,570.8561521859538,571.5208063697094,49412000
2024-11-20,577.1802368164062,577.463673880748,571.4426497345274,577.0629483995475,50032600
2024-11-21,580.2786865234375,581.6959910919024,574.1990184692589,580.014817427747,46750300
2024-11-22,582.0772094726562,582.7027874385594,579.7704578390868,580.2689037579424,38226400
2024-11-25,584.0516967773438,587.3065398623395,581.7742372889147,585.9967993093868,42441400
2024-11-26,587.1012573242188,587.7659115133398,584.5794372696156,585.2929516850081,45621300
2024-11-27,585.3223266601562,587.2967213513849,583.807301635719,586.9155638447446,34000200
2024-11-29,588.9583740234375,589.7403166328984,585.8598958585202,586.1335489255529,30177400
2024-12-02,590.0140380859375,590.6884762739834,588.8801705758093,589.3688921712513,31746000
2024-12-03,590.2877197265625,590.5320805361104,588.7531863419945,589.7794898104154,26906600
2024-12-04,593.953125,594.1974858067216,591.3042920365143,591.9689462717889,42787600
2024-12-05,592.9757080078125,594.7546619184587,592.6238427485821,593.9531512779432,28762200
2024-12-06,594.099853515625,595.3314417096212,593.3276947288156,593.738204240678,31241500
2024-12-09,591.0404052734375,594.1486677967985,590.4539631589937,593.9825191407734,34742700
2024-12-10,589.2027587890625,592.1350884376395,588.5478885385655,591.7147950136848,37234500
2024-12-11,593.7576293945312,594.7057206012569,591.8418193692619,592.1155320836123,28677700
2024-12-12,590.6982421875,593.4643633790662,590.6982421875,592.8974892997352,31543800
2024-12-13,590.5810546875,593.4351725009043,589.2126101649385,592.7216579621548,35904700
2024-12-16,593.1027221679688,594.0704410234347,591.5584049068509,592.3305635374098,43695200
2024-12-17,590.6590576171875,591.519212300668,589.2906730995711,590.5613371724975,55773500
2024-12-18,573.055419921875,592.7312963771194,572.674202761188,590.3561165933274,108248700
2024-12-19,572.8795166015625,579.6238994978684,572.6351557670356,578.0208781053541,85919500
2024-12-20,579.7603149414062,584.27166262691,569.7175591199479,570.561034960996,125716700
2024-12-23,583.2320556640625,583.8302883719545,576.3374745859168,579.5052825841503,57635800
2024-12-24,589.7147216796875,589.7539893082886,583.997031715741,584.5756905048978,33160100
2024-12-26,589.7539672851562,590.8719573339298,586.5567683514358,587.9493923534018,41219100
2024-12-27,583.5458984375,586.2625477535164,579.3777835694219,586.0271215733671,64969300
2024-12-30,576.88671875,580.338917958557,573.150128529516,576.5631199685903,56578800
2024-12-31,574.7880249023438,579.2601650774656,573.1599745686183,578.5441892688881,57052700
